name,category,lat,lng,address,municipality,barangay,hotline,bed_capacity,trauma_er,facility_level,capacityInfo
Chicharooms,supermarket,14.954736,120.919111,"Pampanga, Pampanga",Pampanga,Central,(045) 961-0000 / 911,0,False,Commercial & Retail Supplies Hub,Commercial & Retail Establishment · fast_food
Guiguinto Registry of Deeds,government,14.854116,120.859871,"Pampanga, Pampanga",Pampanga,Central,(045) 961-0000 / 911,0,False,"Municipal, Civic & Landmark Building",Public Infrastructure & Community Landmark
Caltex,gas_station,14.956962,120.915996,"Pampanga, Pampanga",Pampanga,Central,(045) 961-0000 / 911,0,False,Caltex Station,Gasoline & Diesel Fuel · Caltex
Shell,gas_station,14.822702,120.725992,"Pampanga, Pampanga",Pampanga,Central,(045) 961-0000 / 911,0,False,Petron Station,Gasoline & Diesel Fuel · Petron
Caltex,gas_station,14.93611,120.879176,"Pampanga, Pampanga",Pampanga,Central,(045) 961-0000 / 911,0,False,Caltex Station,Gasoline & Diesel Fuel · Caltex
Pulilan Cockpit,government,14.89462,120.873307,"Pampanga, Pampanga",Pampanga,Central,(045) 961-0000 / 911,0,False,"Municipal, Civic & Landmark Building",Public Infrastructure & Community Landmark
Petron,gas_station,14.86529,120.714561,"Masantol, Pampanga",Masantol,Central,(045) 961-0000 / 911,0,False,Petron Station,Gasoline & Diesel Fuel · Petron
Total,gas_station,14.907574,120.869301,"Pampanga, Pampanga",Pampanga,Central,(045) 961-0000 / 911,0,False,Total Station,Gasoline & Diesel Fuel · Total
Caltex,gas_station,14.947728,120.88292,"Pampanga, Pampanga",Pampanga,Central,(045) 961-0000 / 911,0,False,Caltex Station,Gasoline & Diesel Fuel · Caltex
Shell,gas_station,14.948911,120.883362,"Pampanga, Pampanga",Pampanga,Central,(045) 961-0000 / 911,0,False,Shell Station,Gasoline & Diesel Fuel · Shell
Caltex,gas_station,14.822789,120.763252,"Pampanga, Pampanga",Pampanga,Central,(045) 961-0000 / 911,0,False,Caltex Station,Gasoline & Diesel Fuel · Caltex
Petron,gas_station,14.82794,120.728401,"Pampanga, Pampanga",Pampanga,Central,(045) 961-0000 / 911,0,False,Petron Station,Gasoline & Diesel Fuel · Petron
La Familia,supermarket,14.964691,120.899708,"Pampanga, Pampanga",Pampanga,Central,(045) 961-0000 / 911,0,False,Commercial & Retail Supplies Hub,Commercial & Retail Establishment · restaurant
Gilberts Place,government,14.868509,120.860845,"Pampanga, Pampanga",Pampanga,Central,(045) 961-0000 / 911,0,False,"Municipal, Civic & Landmark Building",Public Infrastructure & Community Landmark
Sarsa At Inihaw,supermarket,14.80861,120.946495,"Pampanga, Pampanga",Pampanga,Central,(045) 961-0000 / 911,0,False,Commercial & Retail Supplies Hub,Commercial & Retail Establishment · restaurant
Car Store,supermarket,14.903529,120.868444,"Pampanga, Pampanga",Pampanga,Central,(045) 961-0000 / 911,0,False,Commercial & Retail Supplies Hub,Commercial & Retail Establishment · car
PAC swimming pool,government,15.21246,120.696434,"Pampanga, Pampanga",Pampanga,Central,(045) 961-0000 / 911,0,False,"Municipal, Civic & Landmark Building",Public Infrastructure & Community Landmark
Razon's,supermarket,15.030552,120.675194,"Pampanga, Pampanga",Pampanga,Central,(045) 961-0000 / 911,0,False,Commercial & Retail Supplies Hub,Commercial & Retail Establishment · restaurant
Cebu Pacific Simulator,school,15.182997,120.512718,"Pampanga, Pampanga",Pampanga,Central,(045) 961-0000 / 911,0,False,Evacuation Shelter / Education Facility,High-Ground Evacuation Shelter · Relief Goods Depot
Uncle John's,supermarket,15.175864,120.521181,"Jose Abad Santos Avenue, Clark Freeport, Pampanga",Clark Freeport,Central,(045) 961-0000 / 911,0,False,Commercial & Retail Supplies Hub,Commercial & Retail Establishment · convenience
Cafe Mesa,supermarket,15.18162,120.521808,"Pampanga, Pampanga",Pampanga,Central,(045) 961-0000 / 911,0,False,Commercial & Retail Supplies Hub,Commercial & Retail Establishment · restaurant
Lomi House,supermarket,15.181432,120.543287,"Pampanga, Pampanga",Pampanga,Central,(045) 961-0000 / 911,0,False,Commercial & Retail Supplies Hub,Commercial & Retail Establishment · restaurant
sarisari store,supermarket,15.23248,120.52705,"Pampanga, Pampanga",Pampanga,Central,(045) 961-0000 / 911,0,False,Commercial & Retail Supplies Hub,Commercial & Retail Establishment · convenience
Alfamart,supermarket,14.872256,120.861374,"Pampanga, Pampanga",Pampanga,Central,(045) 961-0000 / 911,0,False,Commercial & Retail Supplies Hub,Commercial & Retail Establishment · convenience
BMD Isuzu Motors,supermarket,14.878448,120.864437,"Pampanga, Pampanga",Pampanga,Central,(045) 961-0000 / 911,0,False,Commercial & Retail Supplies Hub,Commercial & Retail Establishment · car
Freeway Mitsubishi Motors,supermarket,14.954283,120.886102,"Pampanga, Pampanga",Pampanga,Central,(045) 961-0000 / 911,0,False,Commercial & Retail Supplies Hub,Commercial & Retail Establishment · car
Hotel Pulilan,government,14.896729,120.872737,"Pampanga, Pampanga",Pampanga,Central,(045) 961-0000 / 911,0,False,"Municipal, Civic & Landmark Building",Public Infrastructure & Community Landmark
Home Depot,supermarket,14.942691,120.881789,"Pampanga, Pampanga",Pampanga,Central,(045) 961-0000 / 911,0,False,Commercial & Retail Supplies Hub,Commercial & Retail Establishment · supermarket
Bulalo Republic Restaurant,supermarket,14.933436,120.878511,"Pampanga, Pampanga",Pampanga,Central,(045) 961-0000 / 911,0,False,Commercial & Retail Supplies Hub,Commercial & Retail Establishment · restaurant
Blu Circle Motors,supermarket,14.86836,120.860499,"Pampanga, Pampanga",Pampanga,Central,(045) 961-0000 / 911,0,False,Commercial & Retail Supplies Hub,Commercial & Retail Establishment · car_repair
Chooks to Go,supermarket,14.871628,120.861629,"Pampanga, Pampanga",Pampanga,Central,(045) 961-0000 / 911,0,False,Commercial & Retail Supplies Hub,Commercial & Retail Establishment · fast_food
JD Auto Parts,supermarket,14.922289,120.874093,"Pampanga, Pampanga",Pampanga,Central,(045) 961-0000 / 911,0,False,Commercial & Retail Supplies Hub,Commercial & Retail Establishment · car
Monrovia Court,government,14.936867,120.879434,"Pampanga, Pampanga",Pampanga,Central,(045) 961-0000 / 911,0,False,"Municipal, Civic & Landmark Building",Public Infrastructure & Community Landmark
Red Oil,gas_station,14.914939,120.872462,"Pampanga, Pampanga",Pampanga,Central,(045) 961-0000 / 911,0,False,Fuel Station,Gasoline & Diesel Fuel · Operational Fuel Point
Green Haven Hotel,government,14.908031,120.870043,"Pampanga, Pampanga",Pampanga,Central,(045) 961-0000 / 911,0,False,"Municipal, Civic & Landmark Building",Public Infrastructure & Community Landmark
Nakama Restuarant,supermarket,14.943966,120.881894,"Pampanga, Pampanga",Pampanga,Central,(045) 961-0000 / 911,0,False,Commercial & Retail Supplies Hub,Commercial & Retail Establishment · restaurant
Nissan Baliuag,supermarket,14.947482,120.882899,"Pampanga, Pampanga",Pampanga,Central,(045) 961-0000 / 911,0,False,Commercial & Retail Supplies Hub,Commercial & Retail Establishment · car
Grand Industrial Estate,government,14.885678,120.876555,"Pampanga, Pampanga",Pampanga,Central,(045) 961-0000 / 911,0,False,"Municipal, Civic & Landmark Building",Public Infrastructure & Community Landmark
Regional Trial Court Angeles City,government,15.165365,120.60824,"Pampanga, Pampanga",Pampanga,Central,(045) 961-0000 / 911,0,False,"Municipal, Civic & Landmark Building",Public Infrastructure & Community Landmark
Carmenchu sa Bukid Resort,government,14.95444,120.875641,"Pampanga, Pampanga",Pampanga,Central,(045) 961-0000 / 911,0,False,"Municipal, Civic & Landmark Building",Public Infrastructure & Community Landmark
Republic Central Colleges,school,15.105911,120.618431,"Pampanga, Pampanga",Pampanga,Central,(045) 961-0000 / 911,0,False,Evacuation Shelter / Education Facility,High-Ground Evacuation Shelter · Relief Goods Depot
Angeles International Travel Center,supermarket,15.165247,120.575026,"Malabanias Road, Pampanga, Pampanga",Pampanga,Central,(045) 961-0000 / 911,0,False,Commercial & Retail Supplies Hub,Commercial & Retail Establishment · travel_agency
Jose C. Feliciano College,school,15.181507,120.594153,"Pampanga, Pampanga",Pampanga,Central,(045) 961-0000 / 911,0,False,Evacuation Shelter / Education Facility,High-Ground Evacuation Shelter · Relief Goods Depot
Jollibee,supermarket,14.818174,120.905814,"Pampanga, Pampanga",Pampanga,Central,(045) 961-0000 / 911,0,False,Commercial & Retail Supplies Hub,Commercial & Retail Establishment · fast_food
BistroVerde Bacolor,supermarket,15.000785,120.643176,"Jose Abad Santos Avenue, Pampanga, Pampanga",Pampanga,Central,(045) 961-0000 / 911,0,False,Commercial & Retail Supplies Hub,Commercial & Retail Establishment · restaurant
London Pub,government,15.182363,120.521031,"Pampanga, Pampanga",Pampanga,Central,(045) 961-0000 / 911,0,False,"Municipal, Civic & Landmark Building",Public Infrastructure & Community Landmark
Nathaniels,supermarket,15.041609,120.684638,"Pampanga, Pampanga",Pampanga,Central,(045) 961-0000 / 911,0,False,Commercial & Retail Supplies Hub,Commercial & Retail Establishment · restaurant
Clark Aviation,school,15.181681,120.512426,"Jose Abad Santos Avenue, Pampanga, Pampanga",Pampanga,Central,(045) 961-0000 / 911,0,False,Evacuation Shelter / Education Facility,High-Ground Evacuation Shelter · Relief Goods Depot
Car Wash Sevices,government,15.161968,120.595475,"Pampanga, Pampanga",Pampanga,Central,(045) 961-0000 / 911,0,False,"Municipal, Civic & Landmark Building",Public Infrastructure & Community Landmark
Grill 99,supermarket,15.141781,120.578054,"Pampanga, Pampanga",Pampanga,Central,(045) 961-0000 / 911,0,False,Commercial & Retail Supplies Hub,Commercial & Retail Establishment · restaurant
Pandatung Barangay Hall,government,14.823299,120.468032,"Pampanga, Pampanga",Pampanga,Central,(045) 961-0000 / 911,0,False,"Municipal, Civic & Landmark Building",Public Infrastructure & Community Landmark
Pandatung Health Center,hospital,14.824635,120.469095,"Pampanga, Pampanga",Pampanga,Central,(045) 961-0000 / 911,20,False,Primary Health Clinic / RHU,20 Beds · Hotline: (045) 961-0000 / 911
del Mundo sari-sari store,supermarket,15.222869,120.66156,"Pampanga, Pampanga",Pampanga,Central,(045) 961-0000 / 911,0,False,Commercial & Retail Supplies Hub,Commercial & Retail Establishment · convenience
Riverside Tricycle Station,government,15.223034,120.661686,"Pampanga, Pampanga",Pampanga,Central,(045) 961-0000 / 911,0,False,"Municipal, Civic & Landmark Building",Public Infrastructure & Community Landmark
7-Eleven,supermarket,14.949306,120.758971,"Pampanga, Pampanga",Pampanga,Central,(045) 961-0000 / 911,0,False,Commercial & Retail Supplies Hub,Commercial & Retail Establishment · convenience
Jollibee,supermarket,14.950074,120.758914,"MacArthur Highway, Pampanga, Pampanga",Pampanga,Central,(045) 961-0000 / 911,0,False,Commercial & Retail Supplies Hub,Commercial & Retail Establishment · fast_food
Southstar Drug,pharmacy,14.950296,120.758936,"MacArthur Highway, Pampanga, Pampanga",Pampanga,Central,(045) 961-0000 / 911,0,False,Pharmacy & Medical Supplies,"First-Aid, Essential Medications & Antibiotics"
St. Vincent's Academy,school,14.952032,120.763595,"Gonzales Avenue, Pampanga, Pampanga",Pampanga,Central,(045) 961-0000 / 911,0,False,Evacuation Shelter / Education Facility,High-Ground Evacuation Shelter · Relief Goods Depot
Ang Dating Daan Parking Area,government,14.959293,120.761554,"Pampanga, Pampanga",Pampanga,Central,(045) 961-0000 / 911,0,False,"Municipal, Civic & Landmark Building",Public Infrastructure & Community Landmark
Bistro Van Gough,supermarket,15.085384,120.63455,"Pampanga, Pampanga",Pampanga,Central,(045) 961-0000 / 911,0,False,Commercial & Retail Supplies Hub,Commercial & Retail Establishment · restaurant
Saint Agustine Institute,school,14.97919,120.752725,"Pampanga, Pampanga",Pampanga,Central,(045) 961-0000 / 911,0,False,Evacuation Shelter / Education Facility,High-Ground Evacuation Shelter · Relief Goods Depot
Patio,government,15.214143,120.661619,"Pampanga, Pampanga",Pampanga,Central,(045) 961-0000 / 911,0,False,"Municipal, Civic & Landmark Building",Public Infrastructure & Community Landmark
Suing's Hardware,supermarket,15.215021,120.661535,"Pampanga, Pampanga",Pampanga,Central,(045) 961-0000 / 911,0,False,Commercial & Retail Supplies Hub,Commercial & Retail Establishment · hardware
Mercury Drug,pharmacy,15.039691,120.680342,"MacArthur Highway, Pampanga, Pampanga",Pampanga,Central,(045) 961-0000 / 911,0,False,Pharmacy & Medical Supplies,"First-Aid, Essential Medications & Antibiotics"
RCBC,supermarket,15.079068,120.639878,"Pampanga, Pampanga",Pampanga,Central,(045) 961-0000 / 911,0,False,Commercial & Retail Supplies Hub,Commercial & Retail Establishment · bank
Paskuhan Village,government,15.050378,120.692659,"Pampanga, Pampanga",Pampanga,Central,(045) 961-0000 / 911,0,False,"Municipal, Civic & Landmark Building",Public Infrastructure & Community Landmark
SM Department Store,supermarket,15.051985,120.698776,"Pampanga, Pampanga",Pampanga,Central,(045) 961-0000 / 911,0,False,Commercial & Retail Supplies Hub,Commercial & Retail Establishment · department_store
Robinsons Starmills,supermarket,15.049964,120.698962,"Pampanga, Pampanga",Pampanga,Central,(045) 961-0000 / 911,0,False,Commercial & Retail Supplies Hub,Commercial & Retail Establishment · supermarket
Pampanga's Best,supermarket,15.039433,120.68181,"Pampanga, Pampanga",Pampanga,Central,(045) 961-0000 / 911,0,False,Commercial & Retail Supplies Hub,Commercial & Retail Establishment · butcher
Puregold,supermarket,15.039622,120.679573,"Pampanga, Pampanga",Pampanga,Central,(045) 961-0000 / 911,0,False,Commercial & Retail Supplies Hub,Commercial & Retail Establishment · supermarket
Aurely's Bakeshop,supermarket,15.05207,120.662841,"Pampanga, Pampanga",Pampanga,Central,(045) 961-0000 / 911,0,False,Commercial & Retail Supplies Hub,Commercial & Retail Establishment · bakery
Pampanga Sports Complex,government,15.030536,120.686753,"Pampanga, Pampanga",Pampanga,Central,(045) 961-0000 / 911,0,False,"Municipal, Civic & Landmark Building",Public Infrastructure & Community Landmark
Bren Z. Guiao Convention Center,government,15.02951,120.687118,"Pampanga, Pampanga",Pampanga,Central,(045) 961-0000 / 911,0,False,"Municipal, Civic & Landmark Building",Public Infrastructure & Community Landmark
Crime Lab,police,15.019262,120.704148,"Pampanga, Pampanga",Pampanga,Central,117 / 911,0,False,Police Station / Law Enforcement,24/7 Security & Search and Rescue Standby
PNB,supermarket,14.951944,120.758888,"Pampanga, Pampanga",Pampanga,Central,(045) 961-0000 / 911,0,False,Commercial & Retail Supplies Hub,Commercial & Retail Establishment · bank
J. Santos Pharmacy,pharmacy,14.951891,120.758927,"Pampanga, Pampanga",Pampanga,Central,(045) 961-0000 / 911,0,False,Pharmacy & Medical Supplies,"First-Aid, Essential Medications & Antibiotics"
Metrobank,supermarket,14.952078,120.758893,"Pampanga, Pampanga",Pampanga,Central,(045) 961-0000 / 911,0,False,Commercial & Retail Supplies Hub,Commercial & Retail Establishment · bank
Payless Store,supermarket,14.941608,120.763529,"Pampanga, Pampanga",Pampanga,Central,(045) 961-0000 / 911,0,False,Commercial & Retail Supplies Hub,Commercial & Retail Establishment · convenience
Romantic Baboy,supermarket,15.044143,120.674135,"MacArthur Highway, San Fernando, Pampanga",San Fernando,Central,(045) 961-0000 / 911,0,False,Commercial & Retail Supplies Hub,Commercial & Retail Establishment · restaurant
SFELAPCO Private Parking,government,15.027808,120.690868,"Pampanga, Pampanga",Pampanga,Central,(045) 961-0000 / 911,0,False,"Municipal, Civic & Landmark Building",Public Infrastructure & Community Landmark
Garbes-Dizon Supermarket,supermarket,15.033341,120.691283,"Pampanga, Pampanga",Pampanga,Central,(045) 961-0000 / 911,0,False,Commercial & Retail Supplies Hub,Commercial & Retail Establishment · supermarket
Efren's shop,supermarket,15.215809,120.663755,"Pampanga, Pampanga",Pampanga,Central,(045) 961-0000 / 911,0,False,Commercial & Retail Supplies Hub,Commercial & Retail Establishment · car_repair
Bakery Store,supermarket,15.223074,120.661551,"Pampanga, Pampanga",Pampanga,Central,(045) 961-0000 / 911,0,False,Commercial & Retail Supplies Hub,Commercial & Retail Establishment · bakery
Dimsum vs Sushi,supermarket,15.043757,120.688178,"Pampanga, Pampanga",Pampanga,Central,(045) 961-0000 / 911,0,False,Commercial & Retail Supplies Hub,Commercial & Retail Establishment · restaurant
Vulcanizing Store,supermarket,15.160306,120.610298,"Pampanga, Pampanga",Pampanga,Central,(045) 961-0000 / 911,0,False,Commercial & Retail Supplies Hub,Commercial & Retail Establishment · vulcanizing
Hardware Store,supermarket,15.160281,120.610358,"Pampanga, Pampanga",Pampanga,Central,(045) 961-0000 / 911,0,False,Commercial & Retail Supplies Hub,Commercial & Retail Establishment · hardware
Apung Tony,hospital,15.273183,120.658035,"Pampanga, Pampanga",Pampanga,Central,(045) 961-0000 / 911,20,False,Primary Health Clinic / RHU,20 Beds · Hotline: (045) 961-0000 / 911
PNB,supermarket,15.033321,120.688261,"MacArthur Highway, San Fernando, Pampanga",San Fernando,Central,(045) 961-0000 / 911,0,False,Commercial & Retail Supplies Hub,Commercial & Retail Establishment · bank
Metrobank,supermarket,15.028046,120.691527,"Pampanga, Pampanga",Pampanga,Central,(045) 961-0000 / 911,0,False,Commercial & Retail Supplies Hub,Commercial & Retail Establishment · bank
Mercury Drug,pharmacy,15.0288,120.694208,"Pampanga, Pampanga",Pampanga,Central,(045) 961-0000 / 911,0,False,Pharmacy & Medical Supplies,"First-Aid, Essential Medications & Antibiotics"
Cafe Fernandino,supermarket,15.033613,120.686963,"Pampanga, Pampanga",Pampanga,Central,(045) 961-0000 / 911,0,False,Commercial & Retail Supplies Hub,Commercial & Retail Establishment · restaurant
Susie's Cuisine,supermarket,15.041642,120.676863,"Pampanga, Pampanga",Pampanga,Central,(045) 961-0000 / 911,0,False,Commercial & Retail Supplies Hub,Commercial & Retail Establishment · restaurant
McDonald's,supermarket,15.028652,120.692261,"Pampanga, Pampanga",Pampanga,Central,(045) 961-0000 / 911,0,False,Commercial & Retail Supplies Hub,Commercial & Retail Establishment · fast_food
7-Eleven,supermarket,15.029043,120.692687,"Pampanga, Pampanga",Pampanga,Central,(045) 961-0000 / 911,0,False,Commercial & Retail Supplies Hub,Commercial & Retail Establishment · convenience
Security Bank,supermarket,15.0394,120.679876,"MacArthur Highway, San Fernando, Pampanga",San Fernando,Central,(045) 961-0000 / 911,0,False,Commercial & Retail Supplies Hub,Commercial & Retail Establishment · bank
Sterling Bank of Asia,supermarket,15.044622,120.67315,"Pampanga, Pampanga",Pampanga,Central,(045) 961-0000 / 911,0,False,Commercial & Retail Supplies Hub,Commercial & Retail Establishment · bank
Southstar Drug,pharmacy,15.145235,120.595603,"Pampanga, Pampanga",Pampanga,Central,(045) 961-0000 / 911,0,False,Pharmacy & Medical Supplies,"First-Aid, Essential Medications & Antibiotics"
K2 Pharmacy,pharmacy,15.145123,120.595641,"Pampanga, Pampanga",Pampanga,Central,(045) 961-0000 / 911,0,False,Pharmacy & Medical Supplies,"First-Aid, Essential Medications & Antibiotics"
McDonald's,supermarket,15.145409,120.595453,"Pampanga, Pampanga",Pampanga,Central,(045) 961-0000 / 911,0,False,Commercial & Retail Supplies Hub,Commercial & Retail Establishment · fast_food
Bonanza Hotel,government,15.167238,120.594568,"Pampanga, Pampanga",Pampanga,Central,(045) 961-0000 / 911,0,False,"Municipal, Civic & Landmark Building",Public Infrastructure & Community Landmark
Mercury Drug,pharmacy,15.07806,120.640696,"MacArthur Highway, Pampanga, Pampanga",Pampanga,Central,(045) 961-0000 / 911,0,False,Pharmacy & Medical Supplies,"First-Aid, Essential Medications & Antibiotics"
Balagtas Fire Department,fire_station,14.817611,120.908481,"Pampanga, Pampanga",Pampanga,Central,160 / 911,0,False,Fire & Rescue Station,Fire Pumper Engines & Emergency Water Rescue
SM Pampanga Annex 4 Parking Front,government,15.051647,120.7021,"Pampanga, Pampanga",Pampanga,Central,(045) 961-0000 / 911,0,False,"Municipal, Civic & Landmark Building",Public Infrastructure & Community Landmark
SM Supermarket,supermarket,15.053544,120.698669,"Pampanga, Pampanga",Pampanga,Central,(045) 961-0000 / 911,0,False,Commercial & Retail Supplies Hub,Commercial & Retail Establishment · supermarket
Uncle John's,supermarket,14.839126,120.858831,"Pampanga, Pampanga",Pampanga,Central,(045) 961-0000 / 911,0,False,Commercial & Retail Supplies Hub,Commercial & Retail Establishment · convenience
Panginay Barangay Hall,government,14.817471,120.89079,"Pampanga, Pampanga",Pampanga,Central,(045) 961-0000 / 911,0,False,"Municipal, Civic & Landmark Building",Public Infrastructure & Community Landmark
Sangguniang Pambarangay ng Panginay,government,14.818522,120.89598,"Pampanga, Pampanga",Pampanga,Central,(045) 961-0000 / 911,0,False,"Municipal, Civic & Landmark Building",Public Infrastructure & Community Landmark
K Servico,supermarket,14.81737,120.906948,"MacArthur Highway, Balagtas, Pampanga",Balagtas,Central,(045) 961-0000 / 911,0,False,Commercial & Retail Supplies Hub,Commercial & Retail Establishment · electronics
Balagtas Police Station,police,14.817645,120.90823,"Pampanga, Pampanga",Pampanga,Central,117 / 911,0,False,Police Station / Law Enforcement,24/7 Security & Search and Rescue Standby
PNB,supermarket,14.816251,120.90972,"MacArthur Highway, Balagtas, Pampanga",Balagtas,Central,(045) 961-0000 / 911,0,False,Commercial & Retail Supplies Hub,Commercial & Retail Establishment · bank
BDO,supermarket,14.816164,120.909831,"MacArthur Highway, Balagtas, Pampanga",Balagtas,Central,(045) 961-0000 / 911,0,False,Commercial & Retail Supplies Hub,Commercial & Retail Establishment · bank
Landbank,supermarket,14.814408,120.911212,"Pampanga, Pampanga",Pampanga,Central,(045) 961-0000 / 911,0,False,Commercial & Retail Supplies Hub,Commercial & Retail Establishment · bank
Sky,government,14.813802,120.911854,"Pampanga, Pampanga",Pampanga,Central,(045) 961-0000 / 911,0,False,"Municipal, Civic & Landmark Building",Public Infrastructure & Community Landmark
Vista Lodge,government,14.813015,120.912778,"MacArthur Highway, Pampanga, Pampanga",Pampanga,Central,+63 44 693 2020,0,False,"Municipal, Civic & Landmark Building",Public Infrastructure & Community Landmark
Our Lady Manaoag Montessori College,school,14.811669,120.914528,"Pampanga, Pampanga",Pampanga,Central,(045) 961-0000 / 911,0,False,Evacuation Shelter / Education Facility,High-Ground Evacuation Shelter · Relief Goods Depot
Mercury Drug,pharmacy,14.819173,120.90513,"Pampanga, Pampanga",Pampanga,Central,(045) 961-0000 / 911,0,False,Pharmacy & Medical Supplies,"First-Aid, Essential Medications & Antibiotics"
Santa Rita Mini Market,supermarket,14.853975,120.86056,"Pampanga, Pampanga",Pampanga,Central,(045) 961-0000 / 911,0,False,Commercial & Retail Supplies Hub,Commercial & Retail Establishment · marketplace
San Roque Chapel,government,14.872125,120.861528,"Pampanga, Pampanga",Pampanga,Central,(045) 961-0000 / 911,0,False,"Municipal, Civic & Landmark Building",Public Infrastructure & Community Landmark
F M Cruz Ortopedic,hospital,14.906521,120.869597,"Pampanga, Pampanga",Pampanga,Central,(045) 961-0000 / 911,20,False,Primary Health Clinic / RHU,20 Beds · Hotline: (045) 961-0000 / 911
BDO,supermarket,14.90373,120.868491,"Doña Remedios Trinidad Highway, Pampanga, Pampanga",Pampanga,Central,(045) 961-0000 / 911,0,False,Commercial & Retail Supplies Hub,Commercial & Retail Establishment · bank
Sizzling House,supermarket,14.905129,120.86894,"Pampanga, Pampanga",Pampanga,Central,(045) 961-0000 / 911,0,False,Commercial & Retail Supplies Hub,Commercial & Retail Establishment · restaurant
Max's Restaurant,supermarket,14.903087,120.868272,"Doña Remedios Trinidad Highway, Pampanga, Pampanga",Pampanga,Central,(045) 961-0000 / 911,0,False,Commercial & Retail Supplies Hub,Commercial & Retail Establishment · restaurant
Green Heaven Hotel,government,14.908206,120.869635,"Pampanga, Pampanga",Pampanga,Central,(045) 961-0000 / 911,0,False,"Municipal, Civic & Landmark Building",Public Infrastructure & Community Landmark
Bonita Travel Inn,government,14.91524,120.871936,"Pampanga, Pampanga",Pampanga,Central,(045) 961-0000 / 911,0,False,"Municipal, Civic & Landmark Building",Public Infrastructure & Community Landmark
BPI,supermarket,14.886097,120.867596,"Pampanga, Pampanga",Pampanga,Central,(045) 961-0000 / 911,0,False,Commercial & Retail Supplies Hub,Commercial & Retail Establishment · bank
Chowking,supermarket,14.817899,120.906229,"Pampanga, Pampanga",Pampanga,Central,(045) 961-0000 / 911,0,False,Commercial & Retail Supplies Hub,Commercial & Retail Establishment · fast_food
BDO,supermarket,15.034339,120.686134,"MacArthur Highway, San Fernando, Pampanga",San Fernando,Central,(045) 961-0000 / 911,0,False,Commercial & Retail Supplies Hub,Commercial & Retail Establishment · bank
Aurely's Bake Shop,supermarket,15.032544,120.688651,"Pampanga, Pampanga",Pampanga,Central,(045) 961-0000 / 911,0,False,Commercial & Retail Supplies Hub,Commercial & Retail Establishment · bakery
AMA Computer University,school,15.031824,120.689457,"Pampanga, Pampanga",Pampanga,Central,(045) 961-0000 / 911,0,False,Evacuation Shelter / Education Facility,High-Ground Evacuation Shelter · Relief Goods Depot
Mercury Drug,pharmacy,15.032043,120.689281,"Pampanga, Pampanga",Pampanga,Central,(045) 961-0000 / 911,0,False,Pharmacy & Medical Supplies,"First-Aid, Essential Medications & Antibiotics"
EMC Tire Supply,supermarket,15.038094,120.681468,"Pampanga, Pampanga",Pampanga,Central,(045) 961-0000 / 911,0,False,Commercial & Retail Supplies Hub,Commercial & Retail Establishment · tyres
Convenience Store,supermarket,15.034126,120.687115,"Pampanga, Pampanga",Pampanga,Central,(045) 961-0000 / 911,0,False,Commercial & Retail Supplies Hub,Commercial & Retail Establishment · convenience
Metrobank,supermarket,15.031851,120.689427,"Pampanga, Pampanga",Pampanga,Central,(045) 961-0000 / 911,0,False,Commercial & Retail Supplies Hub,Commercial & Retail Establishment · bank
Saint Ferdinand Medical Arts Building,hospital,15.032242,120.68903,"Pampanga, Pampanga",Pampanga,Central,(045) 961-0000 / 911,20,False,Primary Health Clinic / RHU,20 Beds · Hotline: (045) 961-0000 / 911
Greenwich,supermarket,14.818107,120.905929,"Pampanga, Pampanga",Pampanga,Central,(045) 961-0000 / 911,0,False,Commercial & Retail Supplies Hub,Commercial & Retail Establishment · fast_food
Sabitan Chapel,government,14.837488,120.810468,"Pampanga, Pampanga",Pampanga,Central,(045) 961-0000 / 911,0,False,"Municipal, Civic & Landmark Building",Public Infrastructure & Community Landmark
Jollibee,supermarket,14.84312,120.812286,"M. Crisostomo Street, Pampanga, Pampanga",Pampanga,Central,(045) 961-0000 / 911,0,False,Commercial & Retail Supplies Hub,Commercial & Retail Establishment · fast_food
Super8,supermarket,14.854323,120.81552,"Pampanga, Pampanga",Pampanga,Central,(045) 961-0000 / 911,0,False,Commercial & Retail Supplies Hub,Commercial & Retail Establishment · supermarket
Chowking,supermarket,14.853035,120.816001,"MacArthur Highway, Malolos, Pampanga",Malolos,Central,(045) 961-0000 / 911,0,False,Commercial & Retail Supplies Hub,Commercial & Retail Establishment · fast_food
Mercury Drug,pharmacy,14.852324,120.816671,"Pampanga, Pampanga",Pampanga,Central,(045) 961-0000 / 911,0,False,Pharmacy & Medical Supplies,"First-Aid, Essential Medications & Antibiotics"
Grandma's Supermarket,supermarket,14.852086,120.816962,"Pampanga, Pampanga",Pampanga,Central,(045) 961-0000 / 911,0,False,Commercial & Retail Supplies Hub,Commercial & Retail Establishment · supermarket
Bank of the Philippine Islands,supermarket,14.844643,120.811005,"Pampanga, Pampanga",Pampanga,Central,(045) 961-0000 / 911,0,False,Commercial & Retail Supplies Hub,Commercial & Retail Establishment · bank
Producers Bank,supermarket,14.841435,120.811865,"Pampanga, Pampanga",Pampanga,Central,(045) 961-0000 / 911,0,False,Commercial & Retail Supplies Hub,Commercial & Retail Establishment · bank
Mang Inasal,supermarket,14.843228,120.8121,"Pampanga, Pampanga",Pampanga,Central,(045) 961-0000 / 911,0,False,Commercial & Retail Supplies Hub,Commercial & Retail Establishment · fast_food
Pampanga's Best Kitchenette,supermarket,15.033307,120.67669,"Pampanga, Pampanga",Pampanga,Central,(045) 961-0000 / 911,0,False,Commercial & Retail Supplies Hub,Commercial & Retail Establishment · convenience
G&G Carwash,government,15.22623,120.573054,"Pampanga, Pampanga",Pampanga,Central,(045) 961-0000 / 911,0,False,"Municipal, Civic & Landmark Building",Public Infrastructure & Community Landmark
7-Eleven,supermarket,15.222866,120.574153,"Gil Puyat Avenue, Pampanga, Pampanga",Pampanga,Central,(045) 961-0000 / 911,0,False,Commercial & Retail Supplies Hub,Commercial & Retail Establishment · convenience
L.P. CAndelaria Pharmacy,pharmacy,15.222916,120.574349,"MacArthur Highway, Mabalacat City, Pampanga",Mabalacat City,Central,(045) 961-0000 / 911,0,False,Pharmacy & Medical Supplies,"First-Aid, Essential Medications & Antibiotics"
Ong SIn Sui,supermarket,15.223114,120.574566,"Pampanga, Pampanga",Pampanga,Central,(045) 961-0000 / 911,0,False,Commercial & Retail Supplies Hub,Commercial & Retail Establishment · supermarket
CVM Pawnshop,supermarket,15.222907,120.57477,"Pampanga, Pampanga",Pampanga,Central,(045) 961-0000 / 911,0,False,Commercial & Retail Supplies Hub,Commercial & Retail Establishment · pawnbroker
Mabiga Island Resort,government,15.19971,120.57967,"Mabalacat, Pampanga",Mabalacat,Central,(045) 961-0000 / 911,0,False,"Municipal, Civic & Landmark Building",Public Infrastructure & Community Landmark
Rural Bank of Mabalacat,supermarket,15.22407,120.574145,"MacArthur Highway, Pampanga, Pampanga",Pampanga,Central,(045) 961-0000 / 911,0,False,Commercial & Retail Supplies Hub,Commercial & Retail Establishment · bank
Bondoc's Bakery,supermarket,15.223905,120.574247,"Pampanga, Pampanga",Pampanga,Central,(045) 961-0000 / 911,0,False,Commercial & Retail Supplies Hub,Commercial & Retail Establishment · fast_food
Julie's,supermarket,15.222408,120.574846,"Pampanga, Pampanga",Pampanga,Central,(045) 961-0000 / 911,0,False,Commercial & Retail Supplies Hub,Commercial & Retail Establishment · bakery
ClearWater Resort and Country Club,government,15.197999,120.530117,"Clark Freeport, Pampanga",Clark Freeport,Central,(045) 961-0000 / 911,0,False,"Municipal, Civic & Landmark Building",Public Infrastructure & Community Landmark
PAF,government,15.185015,120.532156,"Pampanga, Pampanga",Pampanga,Central,(045) 961-0000 / 911,0,False,"Municipal, Civic & Landmark Building",Public Infrastructure & Community Landmark
CDC Child Learning Center,school,15.182903,120.525118,"Pampanga, Pampanga",Pampanga,Central,(045) 961-0000 / 911,0,False,Evacuation Shelter / Education Facility,High-Ground Evacuation Shelter · Relief Goods Depot
Nanox Philippines Incorporated,government,15.169953,120.568683,"Pampanga, Pampanga",Pampanga,Central,(045) 961-0000 / 911,0,False,"Municipal, Civic & Landmark Building",Public Infrastructure & Community Landmark
Fontana Leisure Complex,government,15.194362,120.508686,"Pampanga, Pampanga",Pampanga,Central,(045) 961-0000 / 911,0,False,"Municipal, Civic & Landmark Building",Public Infrastructure & Community Landmark
The Water Park,government,15.194178,120.510824,"Pampanga, Pampanga",Pampanga,Central,(045) 961-0000 / 911,0,False,"Municipal, Civic & Landmark Building",Public Infrastructure & Community Landmark
FA Korea Country Club,government,15.196953,120.504537,"Pampanga, Pampanga",Pampanga,Central,(045) 961-0000 / 911,0,False,"Municipal, Civic & Landmark Building",Public Infrastructure & Community Landmark
Angelique Square,supermarket,15.180511,120.586119,"Pampanga, Pampanga",Pampanga,Central,(045) 961-0000 / 911,0,False,Commercial & Retail Supplies Hub,Commercial & Retail Establishment · commercial
Dau FireStation,fire_station,15.181712,120.586119,"Pampanga, Pampanga",Pampanga,Central,160 / 911,0,False,Fire & Rescue Station,Fire Pumper Engines & Emergency Water Rescue
Mabalacat District Hospital,hospital,15.192418,120.58039,"Pampanga, Pampanga",Pampanga,Central,(045) 961-0000 / 911,60,True,District Hospital,60 Beds · Trauma ER Active · Hotline: (045) 961-0000 / 911
Jollibee,supermarket,15.028763,120.692338,"Pampanga, Pampanga",Pampanga,Central,(045) 961-0000 / 911,0,False,Commercial & Retail Supplies Hub,Commercial & Retail Establishment · fast_food
Chowking,supermarket,15.028863,120.692558,"B. Mendoza Street, Pampanga, Pampanga",Pampanga,Central,(045) 961-0000 / 911,0,False,Commercial & Retail Supplies Hub,Commercial & Retail Establishment · fast_food
Batis Azul,supermarket,15.130769,120.597357,"Pampanga, Pampanga",Pampanga,Central,(045) 961-0000 / 911,0,False,Commercial & Retail Supplies Hub,Commercial & Retail Establishment · restaurant
School of Infant Jesus SIJ,school,15.219435,120.5744,"Pampanga, Pampanga",Pampanga,Central,(045) 961-0000 / 911,0,False,Evacuation Shelter / Education Facility,High-Ground Evacuation Shelter · Relief Goods Depot
Dunkin',supermarket,15.178245,120.588195,"Dau Access Road, Mabalacat, Pampanga",Mabalacat,Central,(045) 961-0000 / 911,0,False,Commercial & Retail Supplies Hub,Commercial & Retail Establishment · fast_food
7-Eleven,supermarket,15.178166,120.588093,"Dau Access Road, Mabalacat, Pampanga",Mabalacat,Central,(045) 961-0000 / 911,0,False,Commercial & Retail Supplies Hub,Commercial & Retail Establishment · convenience
Chowking,supermarket,15.178532,120.588607,"Dau Access Road, Mabalacat, Pampanga",Mabalacat,Central,(045) 961-0000 / 911,0,False,Commercial & Retail Supplies Hub,Commercial & Retail Establishment · fast_food
LBC,government,15.178553,120.587437,"Dau, Mabalacat City, Pampanga","Dau, Mabalacat City",Central,(045) 961-0000 / 911,0,False,"Municipal, Civic & Landmark Building",Public Infrastructure & Community Landmark
LBC,government,15.174834,120.588449,"Pampanga, Pampanga",Pampanga,Central,(045) 961-0000 / 911,0,False,"Municipal, Civic & Landmark Building",Public Infrastructure & Community Landmark
Southstar Drug,pharmacy,15.176275,120.587856,"Pampanga, Pampanga",Pampanga,Central,(045) 961-0000 / 911,0,False,Pharmacy & Medical Supplies,"First-Aid, Essential Medications & Antibiotics"
Yokohama Service Center,supermarket,15.174215,120.58777,"Dau, Pampanga",Dau,Central,(045) 961-0000 / 911,0,False,Commercial & Retail Supplies Hub,Commercial & Retail Establishment · car_repair
Rural Bank of Mabalacat,supermarket,15.179392,120.587045,"Dau, Pampanga",Dau,Central,(045) 961-0000 / 911,0,False,Commercial & Retail Supplies Hub,Commercial & Retail Establishment · bank
GRBank,supermarket,15.201123,120.581342,"Pampanga, Pampanga",Pampanga,Central,(045) 961-0000 / 911,0,False,Commercial & Retail Supplies Hub,Commercial & Retail Establishment · bank
Children of Fatima School,school,15.219441,120.576122,"Pampanga, Pampanga",Pampanga,Central,(045) 961-0000 / 911,0,False,Evacuation Shelter / Education Facility,High-Ground Evacuation Shelter · Relief Goods Depot
Southstar Drug,pharmacy,15.200729,120.581023,"Pampanga, Pampanga",Pampanga,Central,(045) 961-0000 / 911,0,False,Pharmacy & Medical Supplies,"First-Aid, Essential Medications & Antibiotics"
Fastmed,hospital,15.199905,120.581341,"Pampanga, Pampanga",Pampanga,Central,(045) 961-0000 / 911,20,False,Primary Health Clinic / RHU,20 Beds · Hotline: (045) 961-0000 / 911
Mercury Drug,pharmacy,15.181222,120.586199,"MacArthur Highway, Pampanga, Pampanga",Pampanga,Central,(045) 961-0000 / 911,0,False,Pharmacy & Medical Supplies,"First-Aid, Essential Medications & Antibiotics"
SACT St Mutien School,school,15.185329,120.585069,"Pampanga, Pampanga",Pampanga,Central,(045) 961-0000 / 911,0,False,Evacuation Shelter / Education Facility,High-Ground Evacuation Shelter · Relief Goods Depot
Dizon's Bulaluhan,supermarket,15.1775,120.588555,"Pampanga, Pampanga",Pampanga,Central,(045) 961-0000 / 911,0,False,Commercial & Retail Supplies Hub,Commercial & Retail Establishment · restaurant
Wilcon's Builder's Depot,supermarket,15.176881,120.588478,"Pampanga, Pampanga",Pampanga,Central,(045) 961-0000 / 911,0,False,Commercial & Retail Supplies Hub,Commercial & Retail Establishment · doityourself
STI College,school,15.16595,120.590367,"Pampanga, Pampanga",Pampanga,Central,(045) 961-0000 / 911,0,False,Evacuation Shelter / Education Facility,High-Ground Evacuation Shelter · Relief Goods Depot
Rib Eye,supermarket,15.164007,120.58944,"Pampanga, Pampanga",Pampanga,Central,(045) 961-0000 / 911,0,False,Commercial & Retail Supplies Hub,Commercial & Retail Establishment · restaurant
Century Resort,government,15.163592,120.588967,"Pampanga, Pampanga",Pampanga,Central,(045) 961-0000 / 911,0,False,"Municipal, Civic & Landmark Building",Public Infrastructure & Community Landmark
Metrobank,supermarket,15.163986,120.590952,"MacArthur Highway, Pampanga, Pampanga",Pampanga,Central,(045) 961-0000 / 911,0,False,Commercial & Retail Supplies Hub,Commercial & Retail Establishment · bank
Oasis,government,15.16518,120.561689,"Angeles, Pampanga",Angeles,Central,(045) 961-0000 / 911,0,False,"Municipal, Civic & Landmark Building",Public Infrastructure & Community Landmark
Maranao Grill,supermarket,15.165071,120.561732,"Pampanga, Pampanga",Pampanga,Central,(045) 961-0000 / 911,0,False,Commercial & Retail Supplies Hub,Commercial & Retail Establishment · restaurant
Mar's Garden,supermarket,15.159916,120.590883,"Pampanga, Pampanga",Pampanga,Central,(045) 961-0000 / 911,0,False,Commercial & Retail Supplies Hub,Commercial & Retail Establishment · restaurant
Kingcrab Seafoods Restaurant,supermarket,15.13731,120.564585,"Pampanga, Pampanga",Pampanga,Central,(045) 961-0000 / 911,0,False,Commercial & Retail Supplies Hub,Commercial & Retail Establishment · restaurant
Holy Mary Memorial Park,government,15.134736,120.579351,"Pampanga, Pampanga",Pampanga,Central,(045) 961-0000 / 911,0,False,"Municipal, Civic & Landmark Building",Public Infrastructure & Community Landmark
Saint Catherine of Alexandria Medical Center,hospital,15.135234,120.585167,"Pampanga, Pampanga",Pampanga,Central,(045) 961-0000 / 911,120,True,Tertiary / General Hospital,120 Beds · Trauma ER Active · Hotline: (045) 961-0000 / 911
Susie's Cuisine,supermarket,15.135176,120.58627,"Pampanga, Pampanga",Pampanga,Central,(045) 961-0000 / 911,0,False,Commercial & Retail Supplies Hub,Commercial & Retail Establishment · fast_food
Nepo Mart,supermarket,15.135212,120.586757,"Pampanga, Pampanga",Pampanga,Central,(045) 961-0000 / 911,0,False,Commercial & Retail Supplies Hub,Commercial & Retail Establishment · department_store
Camalig,supermarket,15.135386,120.589162,"Dalan Santo Rosario, Pampanga, Pampanga",Pampanga,Central,(045) 961-0000 / 911,0,False,Commercial & Retail Supplies Hub,Commercial & Retail Establishment · restaurant
Chevalier Soccer Ground,government,15.124705,120.598869,"Pampanga, Pampanga",Pampanga,Central,(045) 961-0000 / 911,0,False,"Municipal, Civic & Landmark Building",Public Infrastructure & Community Landmark
Armando Garcia Hospital,hospital,15.142228,120.589267,"Rizal Street, Angeles, Pampanga",Angeles,Central,(045) 322-0165,20,False,Primary Health Clinic / RHU,20 Beds · Hotline: (045) 322-0165
Great Sheperd Academy,school,15.202267,120.60344,"Pampanga, Pampanga",Pampanga,Central,(045) 961-0000 / 911,0,False,Evacuation Shelter / Education Facility,High-Ground Evacuation Shelter · Relief Goods Depot
3rd Gate Mawaque,government,15.208913,120.606197,"Pampanga, Pampanga",Pampanga,Central,(045) 961-0000 / 911,0,False,"Municipal, Civic & Landmark Building",Public Infrastructure & Community Landmark
Miyabe Court,government,15.165129,120.60037,"Pampanga, Pampanga",Pampanga,Central,(045) 961-0000 / 911,0,False,"Municipal, Civic & Landmark Building",Public Infrastructure & Community Landmark
Hensonville Court,government,15.15966,120.58026,"Pampanga, Pampanga",Pampanga,Central,(045) 961-0000 / 911,0,False,"Municipal, Civic & Landmark Building",Public Infrastructure & Community Landmark
Bobbit Theater,government,15.189511,120.524958,"Pampanga, Pampanga",Pampanga,Central,(045) 961-0000 / 911,0,False,"Municipal, Civic & Landmark Building",Public Infrastructure & Community Landmark
Prudential Bank,supermarket,15.181083,120.529292,"Pampanga, Pampanga",Pampanga,Central,(045) 961-0000 / 911,0,False,Commercial & Retail Supplies Hub,Commercial & Retail Establishment · bank
Clark Commissary,supermarket,15.181986,120.533249,"Ninoy Aquino Avenue, Clark Freeport, Pampanga",Clark Freeport,Central,(045) 961-0000 / 911,0,False,Commercial & Retail Supplies Hub,Commercial & Retail Establishment · supermarket
Air Force City Park,government,15.175266,120.541424,"Pampanga, Pampanga",Pampanga,Central,(045) 961-0000 / 911,0,False,"Municipal, Civic & Landmark Building",Public Infrastructure & Community Landmark
Air Force City Parking,government,15.176143,120.54118,"Pampanga, Pampanga",Pampanga,Central,(045) 961-0000 / 911,0,False,"Municipal, Civic & Landmark Building",Public Infrastructure & Community Landmark
710th SPOW,government,15.172799,120.543347,"Pampanga, Pampanga",Pampanga,Central,(045) 961-0000 / 911,0,False,"Municipal, Civic & Landmark Building",Public Infrastructure & Community Landmark
RTC Annex Malolos,government,14.855806,120.815111,"Malolos, Pampanga",Malolos,Central,(045) 961-0000 / 911,0,False,"Municipal, Civic & Landmark Building",Public Infrastructure & Community Landmark
Maunlad Mall 2,supermarket,14.842857,120.812831,"Pampanga, Pampanga",Pampanga,Central,(045) 961-0000 / 911,0,False,Commercial & Retail Supplies Hub,Commercial & Retail Establishment · department_store
New Christian Covenant School,school,15.055112,120.659323,"Pampanga, Pampanga",Pampanga,Central,(045) 961-0000 / 911,0,False,Evacuation Shelter / Education Facility,High-Ground Evacuation Shelter · Relief Goods Depot
Saint Anthony's Drug III,pharmacy,15.07595,120.642535,"Pampanga, Pampanga",Pampanga,Central,(045) 961-0000 / 911,0,False,Pharmacy & Medical Supplies,"First-Aid, Essential Medications & Antibiotics"
KFC,supermarket,14.857115,120.812389,"MacArthur Highway, Malolos, Pampanga",Malolos,Central,(045) 961-0000 / 911,0,False,Commercial & Retail Supplies Hub,Commercial & Retail Establishment · fast_food
Luring's Restaurant,supermarket,14.971913,120.630321,"Guagua - Santa Rita Provincial Road, Guagua, Pampanga",Guagua,Central,(045) 961-0000 / 911,0,False,Commercial & Retail Supplies Hub,Commercial & Retail Establishment · restaurant
JIL School,school,15.04925,120.66777,"Pampanga, Pampanga",Pampanga,Central,(045) 961-0000 / 911,0,False,Evacuation Shelter / Education Facility,High-Ground Evacuation Shelter · Relief Goods Depot
(Old Chapel) Multi Purpose Covered Court,government,15.072561,120.643519,"Pampanga, Pampanga",Pampanga,Central,(045) 961-0000 / 911,0,False,"Municipal, Civic & Landmark Building",Public Infrastructure & Community Landmark
4x4 Club Shop,supermarket,15.088424,120.628182,"Pampanga, Pampanga",Pampanga,Central,(045) 961-0000 / 911,0,False,Commercial & Retail Supplies Hub,Commercial & Retail Establishment · car_parts
Couple's for Christ,government,15.054958,120.661034,"Pampanga, Pampanga",Pampanga,Central,(045) 961-0000 / 911,0,False,"Municipal, Civic & Landmark Building",Public Infrastructure & Community Landmark
Villa Corazon Multi Purpose Hall,government,15.044764,120.668753,"Pampanga, Pampanga",Pampanga,Central,(045) 961-0000 / 911,0,False,"Municipal, Civic & Landmark Building",Public Infrastructure & Community Landmark
Picnic_site Facility,government,15.097473,120.671425,"Pampanga, Pampanga",Pampanga,Central,(045) 961-0000 / 911,0,False,"Municipal, Civic & Landmark Building",Public Infrastructure & Community Landmark
Church Parking,government,15.04128,120.668523,"Pampanga, Pampanga",Pampanga,Central,(045) 961-0000 / 911,0,False,"Municipal, Civic & Landmark Building",Public Infrastructure & Community Landmark
Balagtas Municipal Jail,police,14.817707,120.908568,"Pampanga, Pampanga",Pampanga,Central,117 / 911,0,False,Police Station / Law Enforcement,24/7 Security & Search and Rescue Standby
AA Supermarket,supermarket,15.029853,120.693078,"Pampanga, Pampanga",Pampanga,Central,(045) 961-0000 / 911,0,False,Commercial & Retail Supplies Hub,Commercial & Retail Establishment · supermarket
Girl Scouts of the Philippines,government,15.023656,120.686207,"Pampanga, Pampanga",Pampanga,Central,(045) 961-0000 / 911,0,False,"Municipal, Civic & Landmark Building",Public Infrastructure & Community Landmark
Woodland Airpark Café/Restaurant,supermarket,15.253704,120.677281,"Pampanga, Pampanga",Pampanga,Central,(045) 961-0000 / 911,0,False,Commercial & Retail Supplies Hub,Commercial & Retail Establishment · cafe
Coop Bank,supermarket,15.023707,120.686432,"Pampanga, Pampanga",Pampanga,Central,(045) 961-0000 / 911,0,False,Commercial & Retail Supplies Hub,Commercial & Retail Establishment · bank
MDLD Hotel,government,15.015344,120.703919,"Pampanga, Pampanga",Pampanga,Central,(045) 961-0000 / 911,0,False,"Municipal, Civic & Landmark Building",Public Infrastructure & Community Landmark
MDLD Grocery,supermarket,15.015235,120.704013,"Pampanga, Pampanga",Pampanga,Central,(045) 961-0000 / 911,0,False,Commercial & Retail Supplies Hub,Commercial & Retail Establishment · restaurant
7-Eleven,supermarket,15.124425,120.598346,"Pampanga, Pampanga",Pampanga,Central,(045) 961-0000 / 911,0,False,Commercial & Retail Supplies Hub,Commercial & Retail Establishment · convenience
Casino Widus,government,15.189707,120.524887,"Pampanga, Pampanga",Pampanga,Central,(045) 961-0000 / 911,0,False,"Municipal, Civic & Landmark Building",Public Infrastructure & Community Landmark
BPI,supermarket,15.077008,120.641052,"MacArthur Highway, Pampanga, Pampanga",Pampanga,Central,(045) 961-0000 / 911,0,False,Commercial & Retail Supplies Hub,Commercial & Retail Establishment · bank
BPI,supermarket,15.051471,120.663509,"Pampanga, Pampanga",Pampanga,Central,(045) 961-0000 / 911,0,False,Commercial & Retail Supplies Hub,Commercial & Retail Establishment · bank
UnionBank,supermarket,15.047858,120.667642,"Pampanga, Pampanga",Pampanga,Central,(045) 961-0000 / 911,0,False,Commercial & Retail Supplies Hub,Commercial & Retail Establishment · bank
PBCom,supermarket,15.043041,120.674743,"Pampanga, Pampanga",Pampanga,Central,(045) 961-0000 / 911,0,False,Commercial & Retail Supplies Hub,Commercial & Retail Establishment · bank
RCBC,supermarket,15.043109,120.675628,"MacArthur Highway, San Fernando, Pampanga",San Fernando,Central,(045) 961-0000 / 911,0,False,Commercial & Retail Supplies Hub,Commercial & Retail Establishment · bank
BDO,supermarket,15.041459,120.676921,"Pampanga, Pampanga",Pampanga,Central,(045) 961-0000 / 911,0,False,Commercial & Retail Supplies Hub,Commercial & Retail Establishment · bank
Maybank,supermarket,15.042782,120.676175,"Pampanga, Pampanga",Pampanga,Central,(045) 961-0000 / 911,0,False,Commercial & Retail Supplies Hub,Commercial & Retail Establishment · bank
A La Creme Cafe and Cakes,supermarket,15.042297,120.675713,"MacArthur Highway, San Fernando, Pampanga",San Fernando,Central,(045) 961-0000 / 911,0,False,Commercial & Retail Supplies Hub,Commercial & Retail Establishment · cafe
AMA Bank,supermarket,15.040211,120.678915,"Pampanga, Pampanga",Pampanga,Central,(045) 961-0000 / 911,0,False,Commercial & Retail Supplies Hub,Commercial & Retail Establishment · bank
GR Bank,supermarket,15.040458,120.678448,"Pampanga, Pampanga",Pampanga,Central,(045) 961-0000 / 911,0,False,Commercial & Retail Supplies Hub,Commercial & Retail Establishment · bank
Bank of Makati,supermarket,15.041214,120.677383,"Pampanga, Pampanga",Pampanga,Central,(045) 961-0000 / 911,0,False,Commercial & Retail Supplies Hub,Commercial & Retail Establishment · bank
Tita's Special Pampanga,supermarket,15.033433,120.677191,"Pampanga, Pampanga",Pampanga,Central,(045) 961-0000 / 911,0,False,Commercial & Retail Supplies Hub,Commercial & Retail Establishment · frozen_food
Bubusuk Restaurant,supermarket,15.030223,120.675771,"Pampanga, Pampanga",Pampanga,Central,(045) 961-0000 / 911,0,False,Commercial & Retail Supplies Hub,Commercial & Retail Establishment · restaurant
Villa Filipina Hotel & Resort,government,15.030162,120.677122,"Pampanga, Pampanga",Pampanga,Central,(045) 961-0000 / 911,0,False,"Municipal, Civic & Landmark Building",Public Infrastructure & Community Landmark
Convenience Store,supermarket,15.027555,120.674179,"Pampanga, Pampanga",Pampanga,Central,(045) 961-0000 / 911,0,False,Commercial & Retail Supplies Hub,Commercial & Retail Establishment · convenience
Kindergarden,school,15.036829,120.675791,"Pampanga, Pampanga",Pampanga,Central,(045) 961-0000 / 911,0,False,Evacuation Shelter / Education Facility,High-Ground Evacuation Shelter · Relief Goods Depot
TGP,pharmacy,15.039488,120.680815,"Jose Abad Santos Avenue, Pampanga, Pampanga",Pampanga,Central,(045) 961-0000 / 911,0,False,Pharmacy & Medical Supplies,"First-Aid, Essential Medications & Antibiotics"
2Go,government,15.038427,120.681013,"Pampanga, Pampanga",Pampanga,Central,(045) 961-0000 / 911,0,False,"Municipal, Civic & Landmark Building",Public Infrastructure & Community Landmark
LBC,government,15.038531,120.681647,"Pampanga, Pampanga",Pampanga,Central,(045) 961-0000 / 911,0,False,"Municipal, Civic & Landmark Building",Public Infrastructure & Community Landmark
Veterans Bank,supermarket,15.043504,120.673977,"MacArthur Highway, San Fernando, Pampanga",San Fernando,Central,(045) 961-0000 / 911,0,False,Commercial & Retail Supplies Hub,Commercial & Retail Establishment · bank
PNB,supermarket,15.04353,120.673937,"MacArthur Highway, San Fernando, Pampanga",San Fernando,Central,(045) 961-0000 / 911,0,False,Commercial & Retail Supplies Hub,Commercial & Retail Establishment · bank
Paning's Butong Pakwan,supermarket,15.117322,120.603407,"Pampanga, Pampanga",Pampanga,Central,(045) 961-0000 / 911,0,False,Commercial & Retail Supplies Hub,Commercial & Retail Establishment · gift
Suing Auto Supply,supermarket,15.213629,120.658827,"Pampanga, Pampanga",Pampanga,Central,(045) 961-0000 / 911,0,False,Commercial & Retail Supplies Hub,Commercial & Retail Establishment · doityourself
Street Vendor,supermarket,15.21412,120.658367,"Pampanga, Pampanga",Pampanga,Central,(045) 961-0000 / 911,0,False,Commercial & Retail Supplies Hub,Commercial & Retail Establishment · greengrocer
M Lhuillier,supermarket,15.213625,120.659011,"Pampanga, Pampanga",Pampanga,Central,(045) 961-0000 / 911,0,False,Commercial & Retail Supplies Hub,Commercial & Retail Establishment · pawnbroker
Chooks to Go,supermarket,15.21362,120.658969,"Pampanga, Pampanga",Pampanga,Central,(045) 961-0000 / 911,0,False,Commercial & Retail Supplies Hub,Commercial & Retail Establishment · fast_food
7-Eleven,supermarket,15.07838,120.640511,"Pampanga, Pampanga",Pampanga,Central,(045) 961-0000 / 911,0,False,Commercial & Retail Supplies Hub,Commercial & Retail Establishment · convenience
Metrobank,supermarket,15.078466,120.640451,"Pampanga, Pampanga",Pampanga,Central,(045) 961-0000 / 911,0,False,Commercial & Retail Supplies Hub,Commercial & Retail Establishment · bank
BDO,supermarket,15.078841,120.640106,"MacArthur Highway, San Fernando, Pampanga",San Fernando,Central,(045) 961-0000 / 911,0,False,Commercial & Retail Supplies Hub,Commercial & Retail Establishment · bank
Ves Mart,supermarket,15.077816,120.641197,"Pampanga, Pampanga",Pampanga,Central,(045) 961-0000 / 911,0,False,Commercial & Retail Supplies Hub,Commercial & Retail Establishment · supermarket
Market Price,supermarket,15.077904,120.641209,"Pampanga, Pampanga",Pampanga,Central,(045) 961-0000 / 911,0,False,Commercial & Retail Supplies Hub,Commercial & Retail Establishment · supermarket
Kempoy Bakeshop,supermarket,15.077921,120.64156,"Pampanga, Pampanga",Pampanga,Central,(045) 961-0000 / 911,0,False,Commercial & Retail Supplies Hub,Commercial & Retail Establishment · convenience
BuyMaxx Supermarket,supermarket,15.078329,120.639889,"Pampanga, Pampanga",Pampanga,Central,(045) 961-0000 / 911,0,False,Commercial & Retail Supplies Hub,Commercial & Retail Establishment · supermarket
7-Eleven,supermarket,15.133421,120.591839,"Pampanga, Pampanga",Pampanga,Central,(045) 961-0000 / 911,0,False,Commercial & Retail Supplies Hub,Commercial & Retail Establishment · convenience
Paras Fitness Center,government,15.136197,120.592813,"Pampanga, Pampanga",Pampanga,Central,(045) 961-0000 / 911,0,False,"Municipal, Civic & Landmark Building",Public Infrastructure & Community Landmark
BPI,supermarket,15.13752,120.589558,"Pampanga, Pampanga",Pampanga,Central,(045) 961-0000 / 911,0,False,Commercial & Retail Supplies Hub,Commercial & Retail Establishment · bank
S.T. Supermarket,supermarket,15.139415,120.589256,"Pampanga, Pampanga",Pampanga,Central,(045) 961-0000 / 911,0,False,Commercial & Retail Supplies Hub,Commercial & Retail Establishment · supermarket
FreeWay Commercial,supermarket,15.139149,120.588747,"Pampanga, Pampanga",Pampanga,Central,(045) 961-0000 / 911,0,False,Commercial & Retail Supplies Hub,Commercial & Retail Establishment · supermarket
Jollibee,supermarket,15.138618,120.587575,"Pampanga, Pampanga",Pampanga,Central,(045) 961-0000 / 911,0,False,Commercial & Retail Supplies Hub,Commercial & Retail Establishment · fast_food
Soses Supermarket,supermarket,15.139397,120.587781,"Pampanga, Pampanga",Pampanga,Central,(045) 961-0000 / 911,0,False,Commercial & Retail Supplies Hub,Commercial & Retail Establishment · supermarket
Angeles Fire Station,fire_station,15.137315,120.586934,"Pampanga, Pampanga",Pampanga,Central,160 / 911,0,False,Fire & Rescue Station,Fire Pumper Engines & Emergency Water Rescue
Shell Select,supermarket,15.119573,120.601916,"Pampanga, Pampanga",Pampanga,Central,(045) 961-0000 / 911,0,False,Commercial & Retail Supplies Hub,Commercial & Retail Establishment · convenience
Telabastagan Fire Station,fire_station,15.120102,120.601418,"Pampanga, Pampanga",Pampanga,Central,160 / 911,0,False,Fire & Rescue Station,Fire Pumper Engines & Emergency Water Rescue
Wilson Instant Tree Bank Garden,supermarket,15.094437,120.626576,"Pampanga, Pampanga",Pampanga,Central,(045) 961-0000 / 911,0,False,Commercial & Retail Supplies Hub,Commercial & Retail Establishment · garden_centre
Car Palace,supermarket,15.087422,120.629731,"Pampanga, Pampanga",Pampanga,Central,(045) 961-0000 / 911,0,False,Commercial & Retail Supplies Hub,Commercial & Retail Establishment · car_repair
Green Kitchen Restaurant,supermarket,15.103229,120.61719,"Pampanga, Pampanga",Pampanga,Central,(045) 961-0000 / 911,0,False,Commercial & Retail Supplies Hub,Commercial & Retail Establishment · restaurant
China Bank Savings,supermarket,15.096397,120.624058,"MacArthur Highway, San Fernando, Pampanga",San Fernando,Central,(045) 961-0000 / 911,0,False,Commercial & Retail Supplies Hub,Commercial & Retail Establishment · bank
Quebiawan Health Center,hospital,15.054058,120.666345,"Pampanga, Pampanga",Pampanga,Central,(045) 961-0000 / 911,20,False,Primary Health Clinic / RHU,20 Beds · Hotline: (045) 961-0000 / 911
Quebiawan Daycare Center,government,15.054115,120.666288,"Pampanga, Pampanga",Pampanga,Central,(045) 961-0000 / 911,0,False,"Municipal, Civic & Landmark Building",Public Infrastructure & Community Landmark
3M Store,supermarket,15.058438,120.661925,"Pampanga, Pampanga",Pampanga,Central,(045) 961-0000 / 911,0,False,Commercial & Retail Supplies Hub,Commercial & Retail Establishment · convenience
Saint Benedict's Chapel,government,15.067902,120.648557,"Pampanga, Pampanga",Pampanga,Central,(045) 961-0000 / 911,0,False,"Municipal, Civic & Landmark Building",Public Infrastructure & Community Landmark
Red RickShaw,supermarket,15.085801,120.634343,"Pampanga, Pampanga",Pampanga,Central,(045) 961-0000 / 911,0,False,Commercial & Retail Supplies Hub,Commercial & Retail Establishment · restaurant
Cazh In Grocery,supermarket,15.095899,120.624577,"Pampanga, Pampanga",Pampanga,Central,(045) 961-0000 / 911,0,False,Commercial & Retail Supplies Hub,Commercial & Retail Establishment · convenience
Pharmacy & Medical Supplies,pharmacy,15.095844,120.624518,"Pampanga, Pampanga",Pampanga,Central,(045) 961-0000 / 911,0,False,Pharmacy & Medical Supplies,"First-Aid, Essential Medications & Antibiotics"
Cafe Restaurant,supermarket,15.095782,120.624453,"Pampanga, Pampanga",Pampanga,Central,(045) 961-0000 / 911,0,False,Commercial & Retail Supplies Hub,Commercial & Retail Establishment · cafe
Dormitory,government,15.095696,120.624339,"Pampanga, Pampanga",Pampanga,Central,(045) 961-0000 / 911,0,False,"Municipal, Civic & Landmark Building",Public Infrastructure & Community Landmark
Hidas Supermarket,supermarket,15.128891,120.597584,"Pampanga, Pampanga",Pampanga,Central,(045) 961-0000 / 911,0,False,Commercial & Retail Supplies Hub,Commercial & Retail Establishment · supermarket
PCSO Region Office,government,15.129083,120.597584,"Pampanga, Pampanga",Pampanga,Central,(045) 961-0000 / 911,0,False,"Municipal, Civic & Landmark Building",Public Infrastructure & Community Landmark
Holiday Land,supermarket,15.033939,120.676905,"Pampanga, Pampanga",Pampanga,Central,(045) 961-0000 / 911,0,False,Commercial & Retail Supplies Hub,Commercial & Retail Establishment · restaurant
Jehovas Church,government,15.068239,120.653657,"Pampanga, Pampanga",Pampanga,Central,(045) 961-0000 / 911,0,False,"Municipal, Civic & Landmark Building",Public Infrastructure & Community Landmark
Select,supermarket,15.12927,120.6437,"Pampanga, Pampanga",Pampanga,Central,(045) 961-0000 / 911,0,False,Commercial & Retail Supplies Hub,Commercial & Retail Establishment · convenience
SM Pampanga Annex 2 Parking Front,government,15.051743,120.698434,"Pampanga, Pampanga",Pampanga,Central,(045) 961-0000 / 911,0,False,"Municipal, Civic & Landmark Building",Public Infrastructure & Community Landmark
SM Pampanga Annex 2 Parking Front,government,15.053554,120.701306,"Pampanga, Pampanga",Pampanga,Central,(045) 961-0000 / 911,0,False,"Municipal, Civic & Landmark Building",Public Infrastructure & Community Landmark
Philippine Long Distance Telephone Company,government,15.026007,120.689876,"Pampanga, Pampanga",Pampanga,Central,(045) 961-0000 / 911,0,False,"Municipal, Civic & Landmark Building",Public Infrastructure & Community Landmark
Generica Drugstore,pharmacy,14.963041,120.63461,"Pampanga, Pampanga",Pampanga,Central,(045) 961-0000 / 911,0,False,Pharmacy & Medical Supplies,"First-Aid, Essential Medications & Antibiotics"
Lapid Bakery,supermarket,14.962652,120.631837,"Pampanga, Pampanga",Pampanga,Central,(045) 961-0000 / 911,0,False,Commercial & Retail Supplies Hub,Commercial & Retail Establishment · bakery
San Pablo Restaurant & Catering,supermarket,14.96801,120.621602,"Pampanga, Pampanga",Pampanga,Central,(045) 961-0000 / 911,0,False,Commercial & Retail Supplies Hub,Commercial & Retail Establishment · restaurant
Panlilio Heritage Home,government,15.016745,120.579642,"Pampanga, Pampanga",Pampanga,Central,(045) 961-0000 / 911,0,False,"Municipal, Civic & Landmark Building",Public Infrastructure & Community Landmark
Ocampo's Torones de Casoy,supermarket,14.998575,120.616297,"Pampanga, Pampanga",Pampanga,Central,(045) 961-0000 / 911,0,False,Commercial & Retail Supplies Hub,Commercial & Retail Establishment · cafe
Gloria II Chapel,government,15.072718,120.652219,"Pampanga, Pampanga",Pampanga,Central,(045) 961-0000 / 911,0,False,"Municipal, Civic & Landmark Building",Public Infrastructure & Community Landmark
Tricia's Place,supermarket,15.072233,120.645033,"Pampanga, Pampanga",Pampanga,Central,(045) 961-0000 / 911,0,False,Commercial & Retail Supplies Hub,Commercial & Retail Establishment · restaurant
Sangguniang Pambarangay ng Dela Paz Norte,government,15.086933,120.628421,"Pampanga, Pampanga",Pampanga,Central,(045) 961-0000 / 911,0,False,"Municipal, Civic & Landmark Building",Public Infrastructure & Community Landmark
Bicycle Store,supermarket,14.969716,120.634577,"Pampanga, Pampanga",Pampanga,Central,(045) 961-0000 / 911,0,False,Commercial & Retail Supplies Hub,Commercial & Retail Establishment · bicycle
Encarnation Heritage Home,government,14.960769,120.631859,"Pampanga, Pampanga",Pampanga,Central,(045) 961-0000 / 911,0,False,"Municipal, Civic & Landmark Building",Public Infrastructure & Community Landmark
Loreta Razon Heritage,government,14.961787,120.630886,"Pampanga, Pampanga",Pampanga,Central,(045) 961-0000 / 911,0,False,"Municipal, Civic & Landmark Building",Public Infrastructure & Community Landmark
Garcia Dental Clinic,pharmacy,14.967805,120.621859,"Pampanga, Pampanga",Pampanga,Central,(045) 961-0000 / 911,0,False,Pharmacy & Medical Supplies,"First-Aid, Essential Medications & Antibiotics"
Fuel & Gas Station,gas_station,14.971622,120.630027,"Pampanga, Pampanga",Pampanga,Central,(045) 961-0000 / 911,0,False,Fuel Station,Gasoline & Diesel Fuel · Operational Fuel Point
Fuel & Gas Station,gas_station,14.972533,120.629874,"Pampanga, Pampanga",Pampanga,Central,(045) 961-0000 / 911,0,False,Fuel Station,Gasoline & Diesel Fuel · Operational Fuel Point
San Fernando Catholic Center,government,15.066888,120.653464,"San Fernando, Pampanga, PH, Pampanga","San Fernando, Pampanga, PH",Central,(045) 961-0000 / 911,0,False,"Municipal, Civic & Landmark Building",Public Infrastructure & Community Landmark
Donya Arcely,supermarket,15.06466,120.652406,"Pampanga, Pampanga",Pampanga,Central,(045) 961-0000 / 911,0,False,Commercial & Retail Supplies Hub,Commercial & Retail Establishment · gift
Grocery,supermarket,15.058223,120.662606,"Pampanga, Pampanga",Pampanga,Central,(045) 961-0000 / 911,0,False,Commercial & Retail Supplies Hub,Commercial & Retail Establishment · convenience
Princes Water Station,supermarket,15.05838,120.662149,"Pampanga, Pampanga",Pampanga,Central,(045) 961-0000 / 911,0,False,Commercial & Retail Supplies Hub,Commercial & Retail Establishment · convenience
Aji Ramen Sushi Donburi,supermarket,15.053909,120.661082,"Pampanga, Pampanga",Pampanga,Central,(045) 961-0000 / 911,0,False,Commercial & Retail Supplies Hub,Commercial & Retail Establishment · restaurant
Geiser Water Station,supermarket,15.053754,120.661221,"Pampanga, Pampanga",Pampanga,Central,(045) 961-0000 / 911,0,False,Commercial & Retail Supplies Hub,Commercial & Retail Establishment · doityourself
GNK Dance Studio,government,15.05402,120.6609,"Pampanga, Pampanga",Pampanga,Central,(045) 961-0000 / 911,0,False,"Municipal, Civic & Landmark Building",Public Infrastructure & Community Landmark
D' Lord is Here Ministries Int'l,government,15.054303,120.66179,"Pampanga, Pampanga",Pampanga,Central,(045) 961-0000 / 911,0,False,"Municipal, Civic & Landmark Building",Public Infrastructure & Community Landmark
Espiritu Clinic,hospital,15.054821,120.661179,"Pampanga, Pampanga",Pampanga,Central,(045) 961-0000 / 911,20,False,Primary Health Clinic / RHU,20 Beds · Hotline: (045) 961-0000 / 911
LMN Goodies,supermarket,15.052469,120.662573,"Pampanga, Pampanga",Pampanga,Central,(045) 961-0000 / 911,0,False,Commercial & Retail Supplies Hub,Commercial & Retail Establishment · general
Ner Battery Auto Electrical Shop,supermarket,15.052026,120.663796,"Pampanga, Pampanga",Pampanga,Central,(045) 961-0000 / 911,0,False,Commercial & Retail Supplies Hub,Commercial & Retail Establishment · electronics
Sir Hill Auto Supply,supermarket,15.052083,120.663743,"Pampanga, Pampanga",Pampanga,Central,(045) 961-0000 / 911,0,False,Commercial & Retail Supplies Hub,Commercial & Retail Establishment · car_parts
6A Gabe,government,15.046591,120.681078,"Pampanga, Pampanga",Pampanga,Central,(045) 961-0000 / 911,0,False,"Municipal, Civic & Landmark Building",Public Infrastructure & Community Landmark
Wow Mani,supermarket,15.046984,120.676618,"Pampanga, Pampanga",Pampanga,Central,(045) 961-0000 / 911,0,False,Commercial & Retail Supplies Hub,Commercial & Retail Establishment · cafe
Speech Master,school,15.04601,120.669706,"Pampanga, Pampanga",Pampanga,Central,(045) 961-0000 / 911,0,False,Evacuation Shelter / Education Facility,High-Ground Evacuation Shelter · Relief Goods Depot
Zaldy Junk Shop,government,15.048701,120.670094,"Pampanga, Pampanga",Pampanga,Central,(045) 961-0000 / 911,0,False,"Municipal, Civic & Landmark Building",Public Infrastructure & Community Landmark
VJ Convenience Store,supermarket,15.063273,120.653162,"Pampanga, Pampanga",Pampanga,Central,(045) 961-0000 / 911,0,False,Commercial & Retail Supplies Hub,Commercial & Retail Establishment · convenience
Convenience Store,supermarket,15.062662,120.652508,"Pampanga, Pampanga",Pampanga,Central,(045) 961-0000 / 911,0,False,Commercial & Retail Supplies Hub,Commercial & Retail Establishment · convenience
Convenience Store,supermarket,15.063077,120.65209,"Pampanga, Pampanga",Pampanga,Central,(045) 961-0000 / 911,0,False,Commercial & Retail Supplies Hub,Commercial & Retail Establishment · convenience
Pancit & Hot Pandesal,supermarket,15.062227,120.652047,"Pampanga, Pampanga",Pampanga,Central,(045) 961-0000 / 911,0,False,Commercial & Retail Supplies Hub,Commercial & Retail Establishment · cafe
7-Eleven,supermarket,14.965574,120.633864,"Guagua, Pampanga",Guagua,Central,(045) 961-0000 / 911,0,False,Commercial & Retail Supplies Hub,Commercial & Retail Establishment · convenience
Lorraine Technical School,school,15.139252,120.587248,"Pampanga, Pampanga",Pampanga,Central,(045) 961-0000 / 911,0,False,Evacuation Shelter / Education Facility,High-Ground Evacuation Shelter · Relief Goods Depot
OFW Motor Parts,supermarket,15.143657,120.588474,"Pampanga, Pampanga",Pampanga,Central,(045) 961-0000 / 911,0,False,Commercial & Retail Supplies Hub,Commercial & Retail Establishment · motorcycle_parts
RB Siblings Autoparts Co.,supermarket,15.148353,120.593514,"Pampanga, Pampanga",Pampanga,Central,(045) 961-0000 / 911,0,False,Commercial & Retail Supplies Hub,Commercial & Retail Establishment · car_parts
BPI,supermarket,15.160115,120.591831,"Pampanga, Pampanga",Pampanga,Central,(045) 961-0000 / 911,0,False,Commercial & Retail Supplies Hub,Commercial & Retail Establishment · bank
A Line Supermarket,supermarket,15.160498,120.591979,"Pampanga, Pampanga",Pampanga,Central,(045) 961-0000 / 911,0,False,Commercial & Retail Supplies Hub,Commercial & Retail Establishment · supermarket
Hotel Parking,government,15.162484,120.592006,"Pampanga, Pampanga",Pampanga,Central,(045) 961-0000 / 911,0,False,"Municipal, Civic & Landmark Building",Public Infrastructure & Community Landmark
Mister Frosty,supermarket,15.16275,120.591479,"Pampanga, Pampanga",Pampanga,Central,(045) 961-0000 / 911,0,False,Commercial & Retail Supplies Hub,Commercial & Retail Establishment · cafe
D' Medicine Centre,pharmacy,14.860777,120.80667,"Pampanga, Pampanga",Pampanga,Central,(045) 961-0000 / 911,0,False,Pharmacy & Medical Supplies,"First-Aid, Essential Medications & Antibiotics"
Lord's Angels Montessori School,school,14.86282,120.805065,"Dahlia Street, Pampanga, Pampanga",Pampanga,Central,(045) 961-0000 / 911,0,False,Evacuation Shelter / Education Facility,High-Ground Evacuation Shelter · Relief Goods Depot
Allen Auto Supply,supermarket,14.851699,120.817499,"Pampanga, Pampanga",Pampanga,Central,(045) 961-0000 / 911,0,False,Commercial & Retail Supplies Hub,Commercial & Retail Establishment · car_parts
Mitsubishi Car World,supermarket,14.849971,120.822971,"Pampanga, Pampanga",Pampanga,Central,(045) 961-0000 / 911,0,False,Commercial & Retail Supplies Hub,Commercial & Retail Establishment · car
EENT Hospital,hospital,14.850031,120.822696,"Pampanga, Pampanga",Pampanga,Central,(045) 961-0000 / 911,20,False,Primary Health Clinic / RHU,20 Beds · Hotline: (045) 961-0000 / 911
Santos Clinic,hospital,14.851879,120.81905,"Pampanga, Pampanga",Pampanga,Central,(045) 961-0000 / 911,20,False,Primary Health Clinic / RHU,20 Beds · Hotline: (045) 961-0000 / 911
EcoWheels,supermarket,14.845969,120.834483,"Pampanga, Pampanga",Pampanga,Central,(045) 961-0000 / 911,0,False,Commercial & Retail Supplies Hub,Commercial & Retail Establishment · motorcycle
Mach 3 Bosch Car Service,supermarket,14.84348,120.842347,"Pampanga, Pampanga",Pampanga,Central,(045) 961-0000 / 911,0,False,Commercial & Retail Supplies Hub,Commercial & Retail Establishment · car
Flicker Tech,government,14.843476,120.842278,"Pampanga, Pampanga",Pampanga,Central,(045) 961-0000 / 911,0,False,"Municipal, Civic & Landmark Building",Public Infrastructure & Community Landmark
Dunkin' Donuts,supermarket,14.851737,120.817421,"Pampanga, Pampanga",Pampanga,Central,(045) 961-0000 / 911,0,False,Commercial & Retail Supplies Hub,Commercial & Retail Establishment · cafe
Bulacan Provincial Library,government,14.855165,120.814913,"Malolos, Pampanga",Malolos,Central,(045) 961-0000 / 911,0,False,"Municipal, Civic & Landmark Building",Public Infrastructure & Community Landmark
Max's Restaurant,supermarket,14.854577,120.814532,"MacArthur Highway, Malolos, Pampanga",Malolos,Central,(045) 961-0000 / 911,0,False,Commercial & Retail Supplies Hub,Commercial & Retail Establishment · restaurant
Fortune Chinese Restaurant,supermarket,14.854344,120.81475,"MacArthur Highway, Malolos, Pampanga",Malolos,Central,(045) 961-0000 / 911,0,False,Commercial & Retail Supplies Hub,Commercial & Retail Establishment · restaurant
Yellow Cab,supermarket,14.85467,120.814451,"Pampanga, Pampanga",Pampanga,Central,(045) 961-0000 / 911,0,False,Commercial & Retail Supplies Hub,Commercial & Retail Establishment · restaurant
Petron,gas_station,14.810996,120.843411,"Pampanga, Pampanga",Pampanga,Central,(045) 961-0000 / 911,0,False,Petron Station,Gasoline & Diesel Fuel · Petron
Malolos Waste Center,government,14.80849,120.843864,"Pampanga, Pampanga",Pampanga,Central,(045) 961-0000 / 911,0,False,"Municipal, Civic & Landmark Building",Public Infrastructure & Community Landmark
Chowking,supermarket,14.843137,120.811108,"Pampanga, Pampanga",Pampanga,Central,(045) 961-0000 / 911,0,False,Commercial & Retail Supplies Hub,Commercial & Retail Establishment · fast_food
Southstar Drug,pharmacy,15.133737,120.591843,"Santo Rosario Street, Pampanga, Pampanga",Pampanga,Central,(045) 961-0000 / 911,0,False,Pharmacy & Medical Supplies,"First-Aid, Essential Medications & Antibiotics"
Bale Herencia,government,15.133534,120.592071,"Pampanga, Pampanga",Pampanga,Central,(045) 961-0000 / 911,0,False,"Municipal, Civic & Landmark Building",Public Infrastructure & Community Landmark
Gain More,supermarket,15.083631,120.642793,"Pampanga, Pampanga",Pampanga,Central,(045) 961-0000 / 911,0,False,Commercial & Retail Supplies Hub,Commercial & Retail Establishment · convenience
Malolos Regional Health Unit 1,hospital,14.838392,120.813595,"Pampanga, Pampanga",Pampanga,Central,(045) 961-0000 / 911,20,False,Primary Health Clinic / RHU,20 Beds · Hotline: (045) 961-0000 / 911
Calibutbut Day Care Center,government,15.113444,120.607773,"Pampanga, Pampanga",Pampanga,Central,(045) 961-0000 / 911,0,False,"Municipal, Civic & Landmark Building",Public Infrastructure & Community Landmark
Sylvia's Restaurant,supermarket,15.077772,120.640907,"Pampanga, Pampanga",Pampanga,Central,(045) 961-0000 / 911,0,False,Commercial & Retail Supplies Hub,Commercial & Retail Establishment · restaurant
7-Eleven,supermarket,15.100668,120.62034,"Pampanga, Pampanga",Pampanga,Central,(045) 961-0000 / 911,0,False,Commercial & Retail Supplies Hub,Commercial & Retail Establishment · convenience
TGP,pharmacy,15.101089,120.620029,"Pampanga, Pampanga",Pampanga,Central,(045) 961-0000 / 911,0,False,Pharmacy & Medical Supplies,"First-Aid, Essential Medications & Antibiotics"
Rodriguez Money Exchange,government,15.02869,120.692853,"Pampanga, Pampanga",Pampanga,Central,(045) 961-0000 / 911,0,False,"Municipal, Civic & Landmark Building",Public Infrastructure & Community Landmark
De Luxe Bakery Groc.,supermarket,15.029333,120.6928,"Pampanga, Pampanga",Pampanga,Central,(045) 961-0000 / 911,0,False,Commercial & Retail Supplies Hub,Commercial & Retail Establishment · cafe
Saint Anthony's Drug II,pharmacy,15.029523,120.692143,"Pampanga, Pampanga",Pampanga,Central,(045) 961-0000 / 911,0,False,Pharmacy & Medical Supplies,"First-Aid, Essential Medications & Antibiotics"
Goldilocks,supermarket,15.0287,120.693678,"Pampanga, Pampanga",Pampanga,Central,(045) 961-0000 / 911,0,False,Commercial & Retail Supplies Hub,Commercial & Retail Establishment · bakery
BDO,supermarket,15.137364,120.589731,"Miranda Street, Angeles, Pampanga",Angeles,Central,(045) 961-0000 / 911,0,False,Commercial & Retail Supplies Hub,Commercial & Retail Establishment · bank
Manson Drug,pharmacy,15.137923,120.588902,"Pampanga, Pampanga",Pampanga,Central,(045) 961-0000 / 911,0,False,Pharmacy & Medical Supplies,"First-Aid, Essential Medications & Antibiotics"
Mercury Drug,pharmacy,15.138592,120.587708,"Pampanga, Pampanga",Pampanga,Central,(045) 961-0000 / 911,0,False,Pharmacy & Medical Supplies,"First-Aid, Essential Medications & Antibiotics"
KFC,supermarket,15.139122,120.587612,"Pampanga, Pampanga",Pampanga,Central,(045) 961-0000 / 911,0,False,Commercial & Retail Supplies Hub,Commercial & Retail Establishment · fast_food
Goldilocks,supermarket,15.138674,120.587368,"Pampanga, Pampanga",Pampanga,Central,(045) 961-0000 / 911,0,False,Commercial & Retail Supplies Hub,Commercial & Retail Establishment · bakery
Chinabank,supermarket,15.139434,120.586926,"Pampanga, Pampanga",Pampanga,Central,(045) 961-0000 / 911,0,False,Commercial & Retail Supplies Hub,Commercial & Retail Establishment · bank
Fred's Refrigeration Shop,supermarket,15.140563,120.580521,"Pampanga, Pampanga",Pampanga,Central,(045) 961-0000 / 911,0,False,Commercial & Retail Supplies Hub,Commercial & Retail Establishment · doityourself
268 Shopper's Mart,supermarket,15.136769,120.587892,"Pampanga, Pampanga",Pampanga,Central,(045) 961-0000 / 911,0,False,Commercial & Retail Supplies Hub,Commercial & Retail Establishment · department_store
Nelson Ballon,supermarket,15.137032,120.587966,"Pampanga, Pampanga",Pampanga,Central,(045) 961-0000 / 911,0,False,Commercial & Retail Supplies Hub,Commercial & Retail Establishment · doityourself
Ocampo's Appliance,supermarket,15.137373,120.588234,"Pampanga, Pampanga",Pampanga,Central,(045) 961-0000 / 911,0,False,Commercial & Retail Supplies Hub,Commercial & Retail Establishment · department_store
Mariz's Kitchen,supermarket,15.033154,120.688693,"Pampanga, Pampanga",Pampanga,Central,(045) 961-0000 / 911,0,False,Commercial & Retail Supplies Hub,Commercial & Retail Establishment · restaurant
Zambank,supermarket,15.033056,120.688738,"Pampanga, Pampanga",Pampanga,Central,(045) 961-0000 / 911,0,False,Commercial & Retail Supplies Hub,Commercial & Retail Establishment · bank
Metrobank,supermarket,15.139425,120.58729,"Jake Gonzales Boulevard, Pampanga, Pampanga",Pampanga,Central,(045) 961-0000 / 911,0,False,Commercial & Retail Supplies Hub,Commercial & Retail Establishment · bank
Two Six Eight Shopper's Mart,supermarket,15.13987,120.587404,"Pampanga, Pampanga",Pampanga,Central,(045) 961-0000 / 911,0,False,Commercial & Retail Supplies Hub,Commercial & Retail Establishment · department_store
Credit Cooperative,supermarket,15.02439,120.700452,"Pampanga, Pampanga",Pampanga,Central,(045) 961-0000 / 911,0,False,Commercial & Retail Supplies Hub,Commercial & Retail Establishment · bank
San Fernando Fire Station,fire_station,15.027776,120.694119,"San Fernando, Pampanga",San Fernando,Central,+63 45 961 2313,0,False,Fire & Rescue Station,Fire Pumper Engines & Emergency Water Rescue
San Fernando City Health Center,hospital,15.028102,120.693985,"A. Consunji Street, Pampanga, Pampanga",Pampanga,Central,(045) 961-0000 / 911,20,False,Primary Health Clinic / RHU,20 Beds · Hotline: (045) 961-0000 / 911
GQ Mart,supermarket,15.028221,120.694165,"Pampanga, Pampanga",Pampanga,Central,(045) 961-0000 / 911,0,False,Commercial & Retail Supplies Hub,Commercial & Retail Establishment · supermarket
QDY Lumber Hardware,supermarket,15.028301,120.694261,"Pampanga, Pampanga",Pampanga,Central,(045) 961-0000 / 911,0,False,Commercial & Retail Supplies Hub,Commercial & Retail Establishment · doityourself
Mandarin,supermarket,15.028496,120.694398,"Pampanga, Pampanga",Pampanga,Central,(045) 961-0000 / 911,0,False,Commercial & Retail Supplies Hub,Commercial & Retail Establishment · restaurant
Marisher Grocery,supermarket,15.148095,120.590012,"Pampanga, Pampanga",Pampanga,Central,(045) 961-0000 / 911,0,False,Commercial & Retail Supplies Hub,Commercial & Retail Establishment · convenience
Victoria Bakery,supermarket,15.148261,120.590007,"Pampanga, Pampanga",Pampanga,Central,(045) 961-0000 / 911,0,False,Commercial & Retail Supplies Hub,Commercial & Retail Establishment · bakery
Four Ank Drug & Convenience Store,pharmacy,15.14821,120.589693,"Pampanga, Pampanga",Pampanga,Central,(045) 961-0000 / 911,0,False,Pharmacy & Medical Supplies,"First-Aid, Essential Medications & Antibiotics"
Calaguas Pharmacy,pharmacy,15.152486,120.592405,"Pampanga, Pampanga",Pampanga,Central,(045) 961-0000 / 911,0,False,Pharmacy & Medical Supplies,"First-Aid, Essential Medications & Antibiotics"
Chinabank,supermarket,15.147769,120.593731,"MacArthur Highway, Pampanga, Pampanga",Pampanga,Central,(045) 961-0000 / 911,0,False,Commercial & Retail Supplies Hub,Commercial & Retail Establishment · bank
Starbucks,supermarket,15.146785,120.594331,"Pampanga, Pampanga",Pampanga,Central,(045) 961-0000 / 911,0,False,Commercial & Retail Supplies Hub,Commercial & Retail Establishment · cafe
Antonpie,government,15.067603,120.652315,"Pampanga, Pampanga",Pampanga,Central,(045) 961-0000 / 911,0,False,"Municipal, Civic & Landmark Building",Public Infrastructure & Community Landmark
Mekeni Meat Shop,supermarket,15.039147,120.681428,"Pampanga, Pampanga",Pampanga,Central,(045) 961-0000 / 911,0,False,Commercial & Retail Supplies Hub,Commercial & Retail Establishment · butcher
7-Eleven,supermarket,15.039423,120.682055,"Pampanga, Pampanga",Pampanga,Central,(045) 961-0000 / 911,0,False,Commercial & Retail Supplies Hub,Commercial & Retail Establishment · convenience
Mercury Drug,pharmacy,15.039487,120.681944,"Pampanga, Pampanga",Pampanga,Central,(045) 961-0000 / 911,0,False,Pharmacy & Medical Supplies,"First-Aid, Essential Medications & Antibiotics"
FX _Taxi_Terminal,government,15.039668,120.682051,"Pampanga, Pampanga",Pampanga,Central,(045) 961-0000 / 911,0,False,"Municipal, Civic & Landmark Building",Public Infrastructure & Community Landmark
Sabel Roast,supermarket,15.040028,120.682292,"Pampanga, Pampanga",Pampanga,Central,(045) 961-0000 / 911,0,False,Commercial & Retail Supplies Hub,Commercial & Retail Establishment · restaurant
Chevrolet Pampanga,supermarket,15.040604,120.683299,"Pampanga, Pampanga",Pampanga,Central,(045) 961-0000 / 911,0,False,Commercial & Retail Supplies Hub,Commercial & Retail Establishment · car
Jumbo Jenra,supermarket,15.040726,120.681718,"Pampanga, Pampanga",Pampanga,Central,(045) 961-0000 / 911,0,False,Commercial & Retail Supplies Hub,Commercial & Retail Establishment · supermarket
Enthree Lumber and Hardware,supermarket,15.12993,120.575807,"Rizal Street Extension, Pampanga, Pampanga",Pampanga,Central,(045) 961-0000 / 911,0,False,Commercial & Retail Supplies Hub,Commercial & Retail Establishment · trade
Escoto Rice Dealer,supermarket,15.057528,120.659361,"Pampanga, Pampanga",Pampanga,Central,(045) 961-0000 / 911,0,False,Commercial & Retail Supplies Hub,Commercial & Retail Establishment · convenience
Talipapa Wet Market,supermarket,15.078184,120.641874,"Pampanga, Pampanga",Pampanga,Central,(045) 961-0000 / 911,0,False,Commercial & Retail Supplies Hub,Commercial & Retail Establishment · marketplace
Pasalubong Center,supermarket,15.027756,120.674316,"Pampanga, Pampanga",Pampanga,Central,(045) 961-0000 / 911,0,False,Commercial & Retail Supplies Hub,Commercial & Retail Establishment · variety_store
Allies Wonder Peanuts,supermarket,15.025434,120.687144,"Pampanga, Pampanga",Pampanga,Central,(045) 961-0000 / 911,0,False,Commercial & Retail Supplies Hub,Commercial & Retail Establishment · gift
Piknikan Restaurant,supermarket,15.037655,120.673782,"Pampanga, Pampanga",Pampanga,Central,(045) 961-0000 / 911,0,False,Commercial & Retail Supplies Hub,Commercial & Retail Establishment · restaurant
Las Angeles,supermarket,15.023976,120.677793,"Pampanga, Pampanga",Pampanga,Central,(045) 961-0000 / 911,0,False,Commercial & Retail Supplies Hub,Commercial & Retail Establishment · garden_centre
Sacred Heart Chapel,government,15.028898,120.683029,"Pampanga, Pampanga",Pampanga,Central,(045) 961-0000 / 911,0,False,"Municipal, Civic & Landmark Building",Public Infrastructure & Community Landmark
Bank of Commerce,supermarket,15.169854,120.589417,"Pampanga, Pampanga",Pampanga,Central,(045) 961-0000 / 911,0,False,Commercial & Retail Supplies Hub,Commercial & Retail Establishment · bank
Calatong Poultry Supply,supermarket,15.168131,120.593683,"Pampanga, Pampanga",Pampanga,Central,(045) 961-0000 / 911,0,False,Commercial & Retail Supplies Hub,Commercial & Retail Establishment · trade
Saver's Appliance Depot,supermarket,15.165697,120.602349,"Pampanga, Pampanga",Pampanga,Central,(045) 961-0000 / 911,0,False,Commercial & Retail Supplies Hub,Commercial & Retail Establishment · appliance
City of Praise,government,15.16438,120.604702,"Pampanga, Pampanga",Pampanga,Central,(045) 961-0000 / 911,0,False,"Municipal, Civic & Landmark Building",Public Infrastructure & Community Landmark
Burger Machine,supermarket,15.168381,120.599135,"Pampanga, Pampanga",Pampanga,Central,(045) 961-0000 / 911,0,False,Commercial & Retail Supplies Hub,Commercial & Retail Establishment · fast_food
Jesus Water of Life,government,15.167524,120.600549,"Pampanga, Pampanga",Pampanga,Central,(045) 961-0000 / 911,0,False,"Municipal, Civic & Landmark Building",Public Infrastructure & Community Landmark
RCBC,supermarket,15.168966,120.58965,"Pampanga, Pampanga",Pampanga,Central,(045) 961-0000 / 911,0,False,Commercial & Retail Supplies Hub,Commercial & Retail Establishment · atm
Robinsons Supermarket,supermarket,14.820426,120.904875,"Pampanga, Pampanga",Pampanga,Central,(045) 961-0000 / 911,0,False,Commercial & Retail Supplies Hub,Commercial & Retail Establishment · supermarket
CTBC Bank,supermarket,15.169083,120.589593,"MacArthur Highway, Angeles, Pampanga",Angeles,Central,(045) 961-0000 / 911,0,False,Commercial & Retail Supplies Hub,Commercial & Retail Establishment · bank
China Bank Savings,supermarket,15.169249,120.58955,"MacArthur Highway, Angeles, Pampanga",Angeles,Central,(045) 961-0000 / 911,0,False,Commercial & Retail Supplies Hub,Commercial & Retail Establishment · bank
Dunkin',supermarket,14.817874,120.906634,"MacArthur Highway, Balagtas, Pampanga",Balagtas,Central,(045) 961-0000 / 911,0,False,Commercial & Retail Supplies Hub,Commercial & Retail Establishment · fast_food
Mabalacat- Main Gate Terminal,government,15.184027,120.543442,"Pampanga, Pampanga",Pampanga,Central,(045) 961-0000 / 911,0,False,"Municipal, Civic & Landmark Building",Public Infrastructure & Community Landmark
Mustang Security Agency,government,15.186405,120.539927,"Pampanga, Pampanga",Pampanga,Central,(045) 961-0000 / 911,0,False,"Municipal, Civic & Landmark Building",Public Infrastructure & Community Landmark
Cyber City Teleservices,government,15.177513,120.517457,"Carlos P. Garcia Street, Mabalacat, Pampanga",Mabalacat,Central,(045) 961-0000 / 911,0,False,"Municipal, Civic & Landmark Building",Public Infrastructure & Community Landmark
Stream Global Services,government,15.178135,120.517124,"Pampanga, Pampanga",Pampanga,Central,(045) 961-0000 / 911,0,False,"Municipal, Civic & Landmark Building",Public Infrastructure & Community Landmark
Chldren's Playground,government,15.180133,120.518291,"Pampanga, Pampanga",Pampanga,Central,(045) 961-0000 / 911,0,False,"Municipal, Civic & Landmark Building",Public Infrastructure & Community Landmark
Zen Japanese restaurant,supermarket,15.183176,120.522695,"Pampanga, Pampanga",Pampanga,Central,(045) 961-0000 / 911,0,False,Commercial & Retail Supplies Hub,Commercial & Retail Establishment · restaurant
Montevista Villa,government,15.184307,120.522462,"Pampanga, Pampanga",Pampanga,Central,(045) 961-0000 / 911,0,False,"Municipal, Civic & Landmark Building",Public Infrastructure & Community Landmark
Mimosa Fun House,government,15.184213,120.522208,"Pampanga, Pampanga",Pampanga,Central,(045) 961-0000 / 911,0,False,"Municipal, Civic & Landmark Building",Public Infrastructure & Community Landmark
Mimosa Medical Clinic and Paramedic,hospital,15.182634,120.520242,"Pampanga, Pampanga",Pampanga,Central,(045) 961-0000 / 911,20,False,Primary Health Clinic / RHU,20 Beds · Hotline: (045) 961-0000 / 911
Minosa Fire Department,fire_station,15.182587,120.52011,"Pampanga, Pampanga",Pampanga,Central,160 / 911,0,False,Fire & Rescue Station,Fire Pumper Engines & Emergency Water Rescue
Korean Town,supermarket,15.18302,120.522244,"Pampanga, Pampanga",Pampanga,Central,(045) 961-0000 / 911,0,False,Commercial & Retail Supplies Hub,Commercial & Retail Establishment · restaurant
Admin Office,government,15.182397,120.520581,"Pampanga, Pampanga",Pampanga,Central,(045) 961-0000 / 911,0,False,"Municipal, Civic & Landmark Building",Public Infrastructure & Community Landmark
Blue Bonnet Cafe,supermarket,15.180768,120.519936,"Pampanga, Pampanga",Pampanga,Central,(045) 961-0000 / 911,0,False,Commercial & Retail Supplies Hub,Commercial & Retail Establishment · restaurant
Kempoy Bakery,supermarket,15.056872,120.658686,"Pampanga, Pampanga",Pampanga,Central,(045) 961-0000 / 911,0,False,Commercial & Retail Supplies Hub,Commercial & Retail Establishment · convenience
Fresh Options,supermarket,15.057103,120.658514,"Pampanga, Pampanga",Pampanga,Central,(045) 961-0000 / 911,0,False,Commercial & Retail Supplies Hub,Commercial & Retail Establishment · butcher
Pagala Catholic Church,government,14.96846,120.892363,"Pampanga, Pampanga",Pampanga,Central,(045) 961-0000 / 911,0,False,"Municipal, Civic & Landmark Building",Public Infrastructure & Community Landmark
Kubota,supermarket,15.032662,120.694772,"Pampanga, Pampanga",Pampanga,Central,(045) 961-0000 / 911,0,False,Commercial & Retail Supplies Hub,Commercial & Retail Establishment · doityourself
L & E Rest.,supermarket,15.014321,120.705353,"Pampanga, Pampanga",Pampanga,Central,(045) 961-0000 / 911,0,False,Commercial & Retail Supplies Hub,Commercial & Retail Establishment · restaurant
Fresh Options,supermarket,15.101248,120.61993,"Pampanga, Pampanga",Pampanga,Central,(045) 961-0000 / 911,0,False,Commercial & Retail Supplies Hub,Commercial & Retail Establishment · butcher
IMC,school,14.842863,120.836934,"Pampanga, Pampanga",Pampanga,Central,(045) 961-0000 / 911,0,False,Evacuation Shelter / Education Facility,High-Ground Evacuation Shelter · Relief Goods Depot
Santo Tomas Police Compac,police,15.008442,120.710576,"D. P. Canlas Street, Pampanga, Pampanga",Pampanga,Central,117 / 911,0,False,Police Station / Law Enforcement,24/7 Security & Search and Rescue Standby
Grocery,supermarket,15.008343,120.710552,"Pampanga, Pampanga",Pampanga,Central,(045) 961-0000 / 911,0,False,Commercial & Retail Supplies Hub,Commercial & Retail Establishment · convenience
Food Catering Services,supermarket,14.996981,120.703805,"Pampanga, Pampanga",Pampanga,Central,(045) 961-0000 / 911,0,False,Commercial & Retail Supplies Hub,Commercial & Retail Establishment · restaurant
Citang's Eatery,supermarket,14.839216,120.83523,"Lucero Street, Malolos, Pampanga",Malolos,Central,(045) 961-0000 / 911,0,False,Commercial & Retail Supplies Hub,Commercial & Retail Establishment · restaurant
77 inn,government,14.850914,120.821787,"Pampanga, Pampanga",Pampanga,Central,(045) 961-0000 / 911,0,False,"Municipal, Civic & Landmark Building",Public Infrastructure & Community Landmark
Tres Scooters,supermarket,14.850291,120.821741,"Pampanga, Pampanga",Pampanga,Central,(045) 961-0000 / 911,0,False,Commercial & Retail Supplies Hub,Commercial & Retail Establishment · motorcycle
Susan Erki,supermarket,15.067364,120.652325,"Pampanga, Pampanga",Pampanga,Central,(045) 961-0000 / 911,0,False,Commercial & Retail Supplies Hub,Commercial & Retail Establishment · laundry
I.T. WEB Internet Cafe,supermarket,14.9028,120.849961,"Pampanga, Pampanga",Pampanga,Central,(045) 961-0000 / 911,0,False,Commercial & Retail Supplies Hub,Commercial & Retail Establishment · cafe
Academia De Pulilan,school,14.902467,120.863331,"Pampanga, Pampanga",Pampanga,Central,(045) 961-0000 / 911,0,False,Evacuation Shelter / Education Facility,High-Ground Evacuation Shelter · Relief Goods Depot
7-Eleven,supermarket,15.218432,120.677549,"Pampanga, Pampanga",Pampanga,Central,(045) 961-0000 / 911,0,False,Commercial & Retail Supplies Hub,Commercial & Retail Establishment · convenience
San Matias Ihaw-ihaw,supermarket,15.010344,120.709387,"Pampanga, Pampanga",Pampanga,Central,(045) 961-0000 / 911,0,False,Commercial & Retail Supplies Hub,Commercial & Retail Establishment · restaurant
Cucina,supermarket,15.051626,120.703597,"Pampanga, Pampanga",Pampanga,Central,(045) 961-0000 / 911,0,False,Commercial & Retail Supplies Hub,Commercial & Retail Establishment · restaurant
Convenience Store,supermarket,15.150343,120.771342,"Pampanga, Pampanga",Pampanga,Central,(045) 961-0000 / 911,0,False,Commercial & Retail Supplies Hub,Commercial & Retail Establishment · convenience
Arayat Fire Station,fire_station,15.154004,120.771488,"Pampanga, Pampanga",Pampanga,Central,160 / 911,0,False,Fire & Rescue Station,Fire Pumper Engines & Emergency Water Rescue
BWS Parking,government,15.153378,120.608291,"Pampanga, Pampanga",Pampanga,Central,(045) 961-0000 / 911,0,False,"Municipal, Civic & Landmark Building",Public Infrastructure & Community Landmark
Lalaine,supermarket,15.076194,120.639497,"Pampanga, Pampanga",Pampanga,Central,(045) 961-0000 / 911,0,False,Commercial & Retail Supplies Hub,Commercial & Retail Establishment · convenience
Mang Joe Auto Surplus,supermarket,15.07609,120.639679,"Pampanga, Pampanga",Pampanga,Central,(045) 961-0000 / 911,0,False,Commercial & Retail Supplies Hub,Commercial & Retail Establishment · doityourself
Club House,government,15.083992,120.646316,"Pampanga, Pampanga",Pampanga,Central,(045) 961-0000 / 911,0,False,"Municipal, Civic & Landmark Building",Public Infrastructure & Community Landmark
Fred Valencia Mini Mart,supermarket,15.085546,120.6477,"Pampanga, Pampanga",Pampanga,Central,(045) 961-0000 / 911,0,False,Commercial & Retail Supplies Hub,Commercial & Retail Establishment · supermarket
Club House,government,15.069395,120.644213,"Pampanga, Pampanga",Pampanga,Central,(045) 961-0000 / 911,0,False,"Municipal, Civic & Landmark Building",Public Infrastructure & Community Landmark
San Jose Malino Barangay Hall,government,15.127428,120.673701,"Pampanga, Pampanga",Pampanga,Central,(045) 961-0000 / 911,0,False,"Municipal, Civic & Landmark Building",Public Infrastructure & Community Landmark
RLD Sari sari Store,supermarket,14.994319,120.58503,"Pampanga, Pampanga",Pampanga,Central,(045) 961-0000 / 911,0,False,Commercial & Retail Supplies Hub,Commercial & Retail Establishment · convenience
EZEE School for d Arts & Music,school,14.992455,120.619192,"Pampanga, Pampanga",Pampanga,Central,(045) 961-0000 / 911,0,False,Evacuation Shelter / Education Facility,High-Ground Evacuation Shelter · Relief Goods Depot
Del Rosario Grocery,supermarket,14.975084,120.527129,"Pampanga, Pampanga",Pampanga,Central,(045) 961-0000 / 911,0,False,Commercial & Retail Supplies Hub,Commercial & Retail Establishment · supermarket
Reyes Store,supermarket,15.050222,120.660394,"Pampanga, Pampanga",Pampanga,Central,(045) 961-0000 / 911,0,False,Commercial & Retail Supplies Hub,Commercial & Retail Establishment · convenience
Ritz Grills,supermarket,15.04033,120.679364,"Pampanga, Pampanga",Pampanga,Central,(045) 961-0000 / 911,0,False,Commercial & Retail Supplies Hub,Commercial & Retail Establishment · fast_food
Hiyas ng Bulacan Museum,government,14.855095,120.814726,"Pampanga, Pampanga",Pampanga,Central,(045) 961-0000 / 911,0,False,"Municipal, Civic & Landmark Building",Public Infrastructure & Community Landmark
Regina Carmeli,school,14.852834,120.813613,"Pampanga, Pampanga",Pampanga,Central,(045) 961-0000 / 911,0,False,Evacuation Shelter / Education Facility,High-Ground Evacuation Shelter · Relief Goods Depot
Atlag Market,supermarket,14.828338,120.8224,"Pampanga, Pampanga",Pampanga,Central,(045) 961-0000 / 911,0,False,Commercial & Retail Supplies Hub,Commercial & Retail Establishment · supermarket
Manny's Store,supermarket,14.828888,120.821666,"Pampanga, Pampanga",Pampanga,Central,(045) 961-0000 / 911,0,False,Commercial & Retail Supplies Hub,Commercial & Retail Establishment · convenience
Marilou's Dental Clinic,government,14.829043,120.821895,"Pampanga, Pampanga",Pampanga,Central,(045) 961-0000 / 911,0,False,"Municipal, Civic & Landmark Building",Public Infrastructure & Community Landmark
Eming's Store,supermarket,14.828489,120.822474,"Pampanga, Pampanga",Pampanga,Central,(045) 961-0000 / 911,0,False,Commercial & Retail Supplies Hub,Commercial & Retail Establishment · convenience
MarVest Saloon,supermarket,15.078035,120.641603,"Pampanga, Pampanga",Pampanga,Central,(045) 961-0000 / 911,0,False,Commercial & Retail Supplies Hub,Commercial & Retail Establishment · beauty
Sindalan Health Center,hospital,15.077952,120.642043,"Pampanga, Pampanga",Pampanga,Central,(045) 961-0000 / 911,20,False,Primary Health Clinic / RHU,20 Beds · Hotline: (045) 961-0000 / 911
Sta Lucia Parish Church,government,15.022091,120.690224,"Pampanga, Pampanga",Pampanga,Central,(045) 961-0000 / 911,0,False,"Municipal, Civic & Landmark Building",Public Infrastructure & Community Landmark
Loraine Driving School,school,14.961861,120.630764,"Pampanga, Pampanga",Pampanga,Central,(045) 961-0000 / 911,0,False,Evacuation Shelter / Education Facility,High-Ground Evacuation Shelter · Relief Goods Depot
Mallari,supermarket,14.943053,120.511099,"Pampanga, Pampanga",Pampanga,Central,(045) 961-0000 / 911,0,False,Commercial & Retail Supplies Hub,Commercial & Retail Establishment · convenience
San Fernando Police Office,police,15.027835,120.693826,"A. Consunji Street, San Fernando, Pampanga",San Fernando,Central,+63 45 961 2353,0,False,Police Station / Law Enforcement,24/7 Security & Search and Rescue Standby
Mexico Police Office,police,15.065259,120.719812,"Pampanga, Pampanga",Pampanga,Central,117 / 911,0,False,Police Station / Law Enforcement,24/7 Security & Search and Rescue Standby
Azur Bar & Grill,government,15.143417,120.559359,"Pampanga, Pampanga",Pampanga,Central,(045) 961-0000 / 911,0,False,"Municipal, Civic & Landmark Building",Public Infrastructure & Community Landmark
DC Market Grill,supermarket,15.131151,120.572341,"Pampanga, Pampanga",Pampanga,Central,(045) 961-0000 / 911,0,False,Commercial & Retail Supplies Hub,Commercial & Retail Establishment · restaurant
Security Bank,supermarket,15.037405,120.682307,"Pampanga, Pampanga",Pampanga,Central,(045) 961-0000 / 911,0,False,Commercial & Retail Supplies Hub,Commercial & Retail Establishment · bank
Angeles Fried Chicken House,supermarket,15.162843,120.591904,"Pampanga, Pampanga",Pampanga,Central,(045) 961-0000 / 911,0,False,Commercial & Retail Supplies Hub,Commercial & Retail Establishment · restaurant
Helen's Apartment,government,15.058479,120.660804,"Pampanga, Pampanga",Pampanga,Central,(045) 961-0000 / 911,0,False,"Municipal, Civic & Landmark Building",Public Infrastructure & Community Landmark
Radiator Repair Shop,supermarket,15.05707,120.659133,"Pampanga, Pampanga",Pampanga,Central,(045) 961-0000 / 911,0,False,Commercial & Retail Supplies Hub,Commercial & Retail Establishment · repair
Metrofill Mineral Water,supermarket,15.055342,120.660678,"Pampanga, Pampanga",Pampanga,Central,(045) 961-0000 / 911,0,False,Commercial & Retail Supplies Hub,Commercial & Retail Establishment · Water Station
Linda Store,supermarket,15.055931,120.66673,"Pampanga, Pampanga",Pampanga,Central,(045) 961-0000 / 911,0,False,Commercial & Retail Supplies Hub,Commercial & Retail Establishment · convenience
Barangay Bakery,supermarket,15.056464,120.665617,"Pampanga, Pampanga",Pampanga,Central,(045) 961-0000 / 911,0,False,Commercial & Retail Supplies Hub,Commercial & Retail Establishment · bakery
Carni Computer Shop,supermarket,15.057019,120.664435,"Pampanga, Pampanga",Pampanga,Central,(045) 961-0000 / 911,0,False,Commercial & Retail Supplies Hub,Commercial & Retail Establishment · Internet Shop
Aquino Store,supermarket,15.056925,120.665078,"Pampanga, Pampanga",Pampanga,Central,(045) 961-0000 / 911,0,False,Commercial & Retail Supplies Hub,Commercial & Retail Establishment · convenience
Western Union,government,15.055685,120.660437,"Pampanga, Pampanga",Pampanga,Central,(045) 961-0000 / 911,0,False,"Municipal, Civic & Landmark Building",Public Infrastructure & Community Landmark
Sarisari Store & Ball Room Studio,supermarket,14.942728,120.507049,"Pampanga, Pampanga",Pampanga,Central,(045) 961-0000 / 911,0,False,Commercial & Retail Supplies Hub,Commercial & Retail Establishment · convenience
TJ Mini Mart,supermarket,14.943883,120.513598,"Pampanga, Pampanga",Pampanga,Central,(045) 961-0000 / 911,0,False,Commercial & Retail Supplies Hub,Commercial & Retail Establishment · convenience
Prado Retreat House,government,14.899078,120.545662,"Pampanga, Pampanga",Pampanga,Central,(045) 961-0000 / 911,0,False,"Municipal, Civic & Landmark Building",Public Infrastructure & Community Landmark
Valle Verde Hotel,government,15.030316,120.674568,"Pampanga, Pampanga",Pampanga,Central,(045) 961-0000 / 911,0,False,"Municipal, Civic & Landmark Building",Public Infrastructure & Community Landmark
Service,supermarket,15.120102,120.601397,"Pampanga, Pampanga",Pampanga,Central,(045) 961-0000 / 911,0,False,Commercial & Retail Supplies Hub,Commercial & Retail Establishment · car_repair
Cool Change,supermarket,15.029507,120.676036,"Pampanga, Pampanga",Pampanga,Central,(045) 961-0000 / 911,0,False,Commercial & Retail Supplies Hub,Commercial & Retail Establishment · restaurant
Otel Pampanga,government,15.041788,120.672824,"Pampanga, Pampanga",Pampanga,Central,(045) 961-0000 / 911,0,False,"Municipal, Civic & Landmark Building",Public Infrastructure & Community Landmark
Casa Enzo Automotive Service Center,supermarket,15.023791,120.676638,"Pampanga, Pampanga",Pampanga,Central,(045) 961-0000 / 911,0,False,Commercial & Retail Supplies Hub,Commercial & Retail Establishment · car_repair
Manson Drug,pharmacy,15.039814,120.681105,"Pampanga, Pampanga",Pampanga,Central,(045) 961-0000 / 911,0,False,Pharmacy & Medical Supplies,"First-Aid, Essential Medications & Antibiotics"
Buluran Store,supermarket,15.066783,120.637742,"Pampanga, Pampanga",Pampanga,Central,(045) 961-0000 / 911,0,False,Commercial & Retail Supplies Hub,Commercial & Retail Establishment · convenience
Northwood Swimming pool,government,15.063566,120.646909,"Pampanga, Pampanga",Pampanga,Central,(045) 961-0000 / 911,0,False,"Municipal, Civic & Landmark Building",Public Infrastructure & Community Landmark
Smc Tailor Shop,supermarket,15.055993,120.665621,"Pampanga, Pampanga",Pampanga,Central,(045) 961-0000 / 911,0,False,Commercial & Retail Supplies Hub,Commercial & Retail Establishment · clothes
Water Store,supermarket,15.055675,120.667256,"Pampanga, Pampanga",Pampanga,Central,(045) 961-0000 / 911,0,False,Commercial & Retail Supplies Hub,Commercial & Retail Establishment · water
Sawing Machine Repair Shop,supermarket,15.0536,120.666651,"Pampanga, Pampanga",Pampanga,Central,(045) 961-0000 / 911,0,False,Commercial & Retail Supplies Hub,Commercial & Retail Establishment · doityourself
Kokai,supermarket,14.937918,120.599861,"Pampanga, Pampanga",Pampanga,Central,(045) 961-0000 / 911,0,False,Commercial & Retail Supplies Hub,Commercial & Retail Establishment · restaurant
Supermarket Store,supermarket,14.93742,120.601505,"Pampanga, Pampanga",Pampanga,Central,(045) 961-0000 / 911,0,False,Commercial & Retail Supplies Hub,Commercial & Retail Establishment · supermarket
Convenience Store,supermarket,14.975305,120.525319,"Pampanga, Pampanga",Pampanga,Central,(045) 961-0000 / 911,0,False,Commercial & Retail Supplies Hub,Commercial & Retail Establishment · convenience
Mins Kitchenette,supermarket,14.975108,120.527492,"Pampanga, Pampanga",Pampanga,Central,(045) 961-0000 / 911,0,False,Commercial & Retail Supplies Hub,Commercial & Retail Establishment · restaurant
Bank of Floridablanca,supermarket,14.974196,120.528318,"Pampanga, Pampanga",Pampanga,Central,(045) 961-0000 / 911,0,False,Commercial & Retail Supplies Hub,Commercial & Retail Establishment · bank
Mercury Drug,pharmacy,14.974122,120.528489,"Pampanga, Pampanga",Pampanga,Central,(045) 961-0000 / 911,0,False,Pharmacy & Medical Supplies,"First-Aid, Essential Medications & Antibiotics"
Total,gas_station,14.985528,120.541397,"Pampanga, Pampanga",Pampanga,Central,(045) 961-0000 / 911,0,False,Total Station,Gasoline & Diesel Fuel · Total
Swimming pool Resort,government,14.996298,120.531807,"Pampanga, Pampanga",Pampanga,Central,(045) 961-0000 / 911,0,False,"Municipal, Civic & Landmark Building",Public Infrastructure & Community Landmark
Swimming pool,government,15.080421,120.537589,"Pampanga, Pampanga",Pampanga,Central,(045) 961-0000 / 911,0,False,"Municipal, Civic & Landmark Building",Public Infrastructure & Community Landmark
Camp_site Facility,government,15.009392,120.531448,"Pampanga, Pampanga",Pampanga,Central,(045) 961-0000 / 911,0,False,"Municipal, Civic & Landmark Building",Public Infrastructure & Community Landmark
Caingin Chapel,government,14.845167,120.809012,"Pampanga, Pampanga",Pampanga,Central,(045) 961-0000 / 911,0,False,"Municipal, Civic & Landmark Building",Public Infrastructure & Community Landmark
Santo Rosaro Credit & Development Cooperative,supermarket,14.840126,120.810686,"Sabitan Street, Malolos, Pampanga",Malolos,Central,(045) 961-0000 / 911,0,False,Commercial & Retail Supplies Hub,Commercial & Retail Establishment · money_lender
Cruz' School Supply Shop,supermarket,14.800804,120.536025,"Pampanga, Pampanga",Pampanga,Central,(045) 961-0000 / 911,0,False,Commercial & Retail Supplies Hub,Commercial & Retail Establishment · stationery
Convenience Store,supermarket,14.867804,120.457845,"Pampanga, Pampanga",Pampanga,Central,(045) 961-0000 / 911,0,False,Commercial & Retail Supplies Hub,Commercial & Retail Establishment · convenience
Car_repair Store,supermarket,14.868011,120.458108,"Pampanga, Pampanga",Pampanga,Central,(045) 961-0000 / 911,0,False,Commercial & Retail Supplies Hub,Commercial & Retail Establishment · car_repair
Dinalupihan Police Station,police,14.866943,120.460764,"Pampanga, Pampanga",Pampanga,Central,117 / 911,0,False,Police Station / Law Enforcement,24/7 Security & Search and Rescue Standby
PNB,supermarket,14.867109,120.465238,"Pampanga, Pampanga",Pampanga,Central,(045) 961-0000 / 911,0,False,Commercial & Retail Supplies Hub,Commercial & Retail Establishment · bank
Carreon's Sweets & Pastries,supermarket,15.214654,120.658639,"Pampanga, Pampanga",Pampanga,Central,+63 45 866 0609,0,False,Commercial & Retail Supplies Hub,Commercial & Retail Establishment · cafe
Carreon's Sweets & Pastries,supermarket,15.136344,120.591682,"Pampanga, Pampanga",Pampanga,Central,(045) 961-0000 / 911,0,False,Commercial & Retail Supplies Hub,Commercial & Retail Establishment · cafe
Invecs Car Sales,supermarket,15.045766,120.691525,"Pampanga, Pampanga",Pampanga,Central,(045) 961-0000 / 911,0,False,Commercial & Retail Supplies Hub,Commercial & Retail Establishment · car
Lec's Lechon,supermarket,15.03826,120.695557,"Pampanga, Pampanga",Pampanga,Central,(045) 961-0000 / 911,0,False,Commercial & Retail Supplies Hub,Commercial & Retail Establishment · fast_food
Yellow Cab Pizza,supermarket,15.042326,120.684154,"Pampanga, Pampanga",Pampanga,Central,(045) 961-0000 / 911,0,False,Commercial & Retail Supplies Hub,Commercial & Retail Establishment · fast_food
Shell Select,supermarket,15.043062,120.685069,"Pampanga, Pampanga",Pampanga,Central,(045) 961-0000 / 911,0,False,Commercial & Retail Supplies Hub,Commercial & Retail Establishment · convenience
TotalEnergies,supermarket,15.043366,120.68603,"Pampanga, Pampanga",Pampanga,Central,(045) 961-0000 / 911,0,False,Commercial & Retail Supplies Hub,Commercial & Retail Establishment · convenience
Total Car Service,supermarket,15.043567,120.685863,"Pampanga, Pampanga",Pampanga,Central,(045) 961-0000 / 911,0,False,Commercial & Retail Supplies Hub,Commercial & Retail Establishment · car_repair
Landbank,supermarket,15.043837,120.686443,"Pampanga, Pampanga",Pampanga,Central,(045) 961-0000 / 911,0,False,Commercial & Retail Supplies Hub,Commercial & Retail Establishment · bank
Shell Select,supermarket,15.044044,120.68876,"Pampanga, Pampanga",Pampanga,Central,(045) 961-0000 / 911,0,False,Commercial & Retail Supplies Hub,Commercial & Retail Establishment · convenience
Automotive Association Philippines San Fernando Office,supermarket,15.043695,120.688891,"Pampanga, Pampanga",Pampanga,Central,(045) 961-0000 / 911,0,False,Commercial & Retail Supplies Hub,Commercial & Retail Establishment · car
LBC,government,15.042322,120.68666,"Pampanga, Pampanga",Pampanga,Central,(045) 961-0000 / 911,0,False,"Municipal, Civic & Landmark Building",Public Infrastructure & Community Landmark
CLTV 36,government,15.045725,120.689712,"Jose Abad Santos Avenue, San Fernando, Pampanga",San Fernando,Central,(045) 961-0000 / 911,0,False,"Municipal, Civic & Landmark Building",Public Infrastructure & Community Landmark
Premier Car BMW,supermarket,15.04586,120.689648,"Pampanga, Pampanga",Pampanga,Central,(045) 961-0000 / 911,0,False,Commercial & Retail Supplies Hub,Commercial & Retail Establishment · car
Invecs Used Car Sales,supermarket,15.045767,120.691526,"Pampanga, Pampanga",Pampanga,Central,(045) 961-0000 / 911,0,False,Commercial & Retail Supplies Hub,Commercial & Retail Establishment · car
Western Marketing,supermarket,15.044495,120.687682,"Pampanga, Pampanga",Pampanga,Central,(045) 961-0000 / 911,0,False,Commercial & Retail Supplies Hub,Commercial & Retail Establishment · hifi
Saver's Appliances,supermarket,15.039667,120.679447,"Pampanga, Pampanga",Pampanga,Central,(045) 961-0000 / 911,0,False,Commercial & Retail Supplies Hub,Commercial & Retail Establishment · appliance
Motoposh,supermarket,15.0403,120.679482,"Pampanga, Pampanga",Pampanga,Central,(045) 961-0000 / 911,0,False,Commercial & Retail Supplies Hub,Commercial & Retail Establishment · motorcycle
Manabat Trading Tires Center,supermarket,15.044303,120.686821,"Pampanga, Pampanga",Pampanga,Central,(045) 961-0000 / 911,0,False,Commercial & Retail Supplies Hub,Commercial & Retail Establishment · car_repair
City Convenience Store,supermarket,15.030641,120.675623,"Pampanga, Pampanga",Pampanga,Central,(045) 961-0000 / 911,0,False,Commercial & Retail Supplies Hub,Commercial & Retail Establishment · convenience
BFP Fire & Rescue Station,fire_station,14.866674,120.461263,"Pampanga, Pampanga",Pampanga,Central,160 / 911,0,False,Fire & Rescue Station,Fire Pumper Engines & Emergency Water Rescue
Farm Landia Hotels,government,14.836868,120.480088,"Hermosa, Pampanga",Hermosa,Central,(045) 961-0000 / 911,0,False,"Municipal, Civic & Landmark Building",Public Infrastructure & Community Landmark
Farm Landia,government,14.837253,120.480307,"Pampanga, Pampanga",Pampanga,Central,(045) 961-0000 / 911,0,False,"Municipal, Civic & Landmark Building",Public Infrastructure & Community Landmark
Alquero Aircon Ref Shop,supermarket,15.056869,120.665211,"Pampanga, Pampanga",Pampanga,Central,(045) 961-0000 / 911,0,False,Commercial & Retail Supplies Hub,Commercial & Retail Establishment · car_repair
Reggies,supermarket,15.057852,120.663931,"Pampanga, Pampanga",Pampanga,Central,(045) 961-0000 / 911,0,False,Commercial & Retail Supplies Hub,Commercial & Retail Establishment · florist
Nitz Shop,supermarket,15.055517,120.667668,"Pampanga, Pampanga",Pampanga,Central,(045) 961-0000 / 911,0,False,Commercial & Retail Supplies Hub,Commercial & Retail Establishment · clothes
Couple's for Christ Center Pampanga,school,15.054875,120.660995,"Pampanga, Pampanga",Pampanga,Central,(045) 961-0000 / 911,0,False,Evacuation Shelter / Education Facility,High-Ground Evacuation Shelter · Relief Goods Depot
Methodist Kinder School,school,15.056025,120.660056,"Pampanga, Pampanga",Pampanga,Central,(045) 961-0000 / 911,0,False,Evacuation Shelter / Education Facility,High-Ground Evacuation Shelter · Relief Goods Depot
Convenience Store,supermarket,14.984398,120.510622,"Pampanga, Pampanga",Pampanga,Central,(045) 961-0000 / 911,0,False,Commercial & Retail Supplies Hub,Commercial & Retail Establishment · convenience
Deelish Restaurant,supermarket,14.983237,120.620731,"Pampanga, Pampanga",Pampanga,Central,(045) 961-0000 / 911,0,False,Commercial & Retail Supplies Hub,Commercial & Retail Establishment · restaurant
Convenience Store,supermarket,14.986086,120.624795,"Pampanga, Pampanga",Pampanga,Central,(045) 961-0000 / 911,0,False,Commercial & Retail Supplies Hub,Commercial & Retail Establishment · convenience
Battery Hub,supermarket,14.985763,120.621864,"Pampanga, Pampanga",Pampanga,Central,(045) 961-0000 / 911,0,False,Commercial & Retail Supplies Hub,Commercial & Retail Establishment · car_parts
Car_repair Store,supermarket,14.98571,120.621594,"Pampanga, Pampanga",Pampanga,Central,(045) 961-0000 / 911,0,False,Commercial & Retail Supplies Hub,Commercial & Retail Establishment · car_repair
Ferdiz Drugstore,pharmacy,14.985209,120.622116,"Guagua-Santa Rita-Porac Road, Guagua, Pampanga",Guagua,Central,(045) 961-0000 / 911,0,False,Pharmacy & Medical Supplies,"First-Aid, Essential Medications & Antibiotics"
Bank of Florida,supermarket,14.984083,120.622402,"Jose Abad Santos Avenue, Guagua, Pampanga",Guagua,Central,(045) 961-0000 / 911,0,False,Commercial & Retail Supplies Hub,Commercial & Retail Establishment · bank
Swimming pool Azucena,government,14.982425,120.618628,"Pampanga, Pampanga",Pampanga,Central,(045) 961-0000 / 911,0,False,"Municipal, Civic & Landmark Building",Public Infrastructure & Community Landmark
Fuel & Gas Station,gas_station,14.899536,120.711343,"Pampanga, Pampanga",Pampanga,Central,(045) 961-0000 / 911,0,False,Fuel Station,Gasoline & Diesel Fuel · Operational Fuel Point
MM Grocery,supermarket,14.889942,120.703933,"Pampanga, Pampanga",Pampanga,Central,(045) 961-0000 / 911,0,False,Commercial & Retail Supplies Hub,Commercial & Retail Establishment · convenience
Puregold,supermarket,14.891388,120.704888,"Pampanga, Pampanga",Pampanga,Central,(045) 961-0000 / 911,0,False,Commercial & Retail Supplies Hub,Commercial & Retail Establishment · supermarket
Maribel Supermarket,supermarket,14.890118,120.703386,"Pampanga, Pampanga",Pampanga,Central,(045) 961-0000 / 911,0,False,Commercial & Retail Supplies Hub,Commercial & Retail Establishment · supermarket
CPN Grocery,supermarket,14.889066,120.704604,"Pampanga, Pampanga",Pampanga,Central,(045) 961-0000 / 911,0,False,Commercial & Retail Supplies Hub,Commercial & Retail Establishment · convenience
Annerizza's CakeShop,supermarket,15.139607,120.590809,"Plaridel Street, Pampanga, Pampanga",Pampanga,Central,(045) 961-0000 / 911,0,False,Commercial & Retail Supplies Hub,Commercial & Retail Establishment · bakery
Ignacio Supermarket,supermarket,14.904058,120.715354,"Pampanga, Pampanga",Pampanga,Central,(045) 961-0000 / 911,0,False,Commercial & Retail Supplies Hub,Commercial & Retail Establishment · supermarket
Catholic Chapel,government,14.926763,120.72265,"Pampanga, Pampanga",Pampanga,Central,(045) 961-0000 / 911,0,False,"Municipal, Civic & Landmark Building",Public Infrastructure & Community Landmark
Fuel & Gas Station,gas_station,14.92719,120.722876,"Pampanga, Pampanga",Pampanga,Central,(045) 961-0000 / 911,0,False,Fuel Station,Gasoline & Diesel Fuel · Operational Fuel Point
Masantol Fish Port,supermarket,14.889662,120.703418,"Pampanga, Pampanga",Pampanga,Central,(045) 961-0000 / 911,0,False,Commercial & Retail Supplies Hub,Commercial & Retail Establishment · seafood
Santa Lucia Church Matua ,government,14.888413,120.701905,"Pampanga, Pampanga",Pampanga,Central,(045) 961-0000 / 911,0,False,"Municipal, Civic & Landmark Building",Public Infrastructure & Community Landmark
Jollibee,supermarket,14.908012,120.715766,"Pampanga, Pampanga",Pampanga,Central,(045) 961-0000 / 911,0,False,Commercial & Retail Supplies Hub,Commercial & Retail Establishment · supermarket
JN Pharmacy,pharmacy,14.907397,120.716052,"Pampanga, Pampanga",Pampanga,Central,(045) 961-0000 / 911,0,False,Pharmacy & Medical Supplies,"First-Aid, Essential Medications & Antibiotics"
Bally Sports Wear,supermarket,14.930002,120.726818,"Pampanga, Pampanga",Pampanga,Central,(045) 961-0000 / 911,0,False,Commercial & Retail Supplies Hub,Commercial & Retail Establishment · clothes
Puregold,supermarket,15.138723,120.588022,"Pampanga, Pampanga",Pampanga,Central,(045) 961-0000 / 911,0,False,Commercial & Retail Supplies Hub,Commercial & Retail Establishment · supermarket
SFELAPCO Customer Parking,government,15.027459,120.690607,"Pampanga, Pampanga",Pampanga,Central,(045) 961-0000 / 911,0,False,"Municipal, Civic & Landmark Building",Public Infrastructure & Community Landmark
Fortune Function Hall,supermarket,15.031867,120.675671,"Pampanga, Pampanga",Pampanga,Central,(045) 961-0000 / 911,0,False,Commercial & Retail Supplies Hub,Commercial & Retail Establishment · cafe
Convenience Store,supermarket,15.031435,120.676253,"Pampanga, Pampanga",Pampanga,Central,(045) 961-0000 / 911,0,False,Commercial & Retail Supplies Hub,Commercial & Retail Establishment · convenience
Taxco Carwash,supermarket,15.042588,120.672525,"Pampanga, Pampanga",Pampanga,Central,(045) 961-0000 / 911,0,False,Commercial & Retail Supplies Hub,Commercial & Retail Establishment · doityourself
Harvest Gold Prime Builders & Construction Supply Inc,supermarket,15.041868,120.672307,"Pampanga, Pampanga",Pampanga,Central,(045) 961-0000 / 911,0,False,Commercial & Retail Supplies Hub,Commercial & Retail Establishment · trade
Ron Riley Steel Supply,supermarket,15.043371,120.672291,"Pampanga, Pampanga",Pampanga,Central,(045) 961-0000 / 911,0,False,Commercial & Retail Supplies Hub,Commercial & Retail Establishment · trade
GreenHills Christian Fellowship,government,15.043632,120.671787,"Pampanga, Pampanga",Pampanga,Central,(045) 961-0000 / 911,0,False,"Municipal, Civic & Landmark Building",Public Infrastructure & Community Landmark
GNR Auto Parts,supermarket,15.043705,120.671785,"Pampanga, Pampanga",Pampanga,Central,(045) 961-0000 / 911,0,False,Commercial & Retail Supplies Hub,Commercial & Retail Establishment · car_parts
Solid Car Aircon Shop,supermarket,15.044142,120.67169,"Pampanga, Pampanga",Pampanga,Central,(045) 961-0000 / 911,0,False,Commercial & Retail Supplies Hub,Commercial & Retail Establishment · car_repair
Pharmacy & Medical Supplies,pharmacy,15.041594,120.667794,"Pampanga, Pampanga",Pampanga,Central,(045) 961-0000 / 911,0,False,Pharmacy & Medical Supplies,"First-Aid, Essential Medications & Antibiotics"
Convenience Store,supermarket,15.040428,120.668636,"Pampanga, Pampanga",Pampanga,Central,(045) 961-0000 / 911,0,False,Commercial & Retail Supplies Hub,Commercial & Retail Establishment · convenience
Gozun Cars,supermarket,15.04575,120.67073,"Pampanga, Pampanga",Pampanga,Central,(045) 961-0000 / 911,0,False,Commercial & Retail Supplies Hub,Commercial & Retail Establishment · car
Jorge's Used Car Sales,supermarket,15.047448,120.669024,"Pampanga, Pampanga",Pampanga,Central,(045) 961-0000 / 911,0,False,Commercial & Retail Supplies Hub,Commercial & Retail Establishment · car
Lai-Lai Corner Store,supermarket,15.047068,120.668866,"Pampanga, Pampanga",Pampanga,Central,(045) 961-0000 / 911,0,False,Commercial & Retail Supplies Hub,Commercial & Retail Establishment · convenience
Wence',supermarket,15.049336,120.666356,"Pampanga, Pampanga",Pampanga,Central,(045) 961-0000 / 911,0,False,Commercial & Retail Supplies Hub,Commercial & Retail Establishment · cafe
Honda Cars Service,supermarket,15.049926,120.66646,"MacArthur Highway, Pampanga, Pampanga",Pampanga,Central,(045) 961-0000 / 911,0,False,Commercial & Retail Supplies Hub,Commercial & Retail Establishment · car_repair
Alphamed Diagnostic Laboratory,hospital,15.20621,120.579989,"Pampanga, Pampanga",Pampanga,Central,(045) 961-0000 / 911,20,False,Primary Health Clinic / RHU,20 Beds · Hotline: (045) 961-0000 / 911
Jun-jun Trading Hardware,supermarket,15.051374,120.664479,"Pampanga, Pampanga",Pampanga,Central,(045) 961-0000 / 911,0,False,Commercial & Retail Supplies Hub,Commercial & Retail Establishment · doityourself
Color Steel Roofing Office,supermarket,15.051297,120.664567,"Pampanga, Pampanga",Pampanga,Central,(045) 961-0000 / 911,0,False,Commercial & Retail Supplies Hub,Commercial & Retail Establishment · doityourself
Nikki Foam Carwash,supermarket,15.054149,120.662083,"Pampanga, Pampanga",Pampanga,Central,(045) 961-0000 / 911,0,False,Commercial & Retail Supplies Hub,Commercial & Retail Establishment · car_repair
Wheele Ville General Merchandise,supermarket,15.054265,120.66157,"Pampanga, Pampanga",Pampanga,Central,(045) 961-0000 / 911,0,False,Commercial & Retail Supplies Hub,Commercial & Retail Establishment · tyres
Ramos Eatery,supermarket,15.056762,120.659404,"Pampanga, Pampanga",Pampanga,Central,(045) 961-0000 / 911,0,False,Commercial & Retail Supplies Hub,Commercial & Retail Establishment · restaurant
Susan Beauty Parlor,supermarket,15.056677,120.659484,"Pampanga, Pampanga",Pampanga,Central,(045) 961-0000 / 911,0,False,Commercial & Retail Supplies Hub,Commercial & Retail Establishment · hairdresser
JK Mar's Auto Supply,supermarket,15.056177,120.659876,"Pampanga, Pampanga",Pampanga,Central,(045) 961-0000 / 911,0,False,Commercial & Retail Supplies Hub,Commercial & Retail Establishment · car_parts
Convenience Store,supermarket,15.056122,120.666396,"Pampanga, Pampanga",Pampanga,Central,(045) 961-0000 / 911,0,False,Commercial & Retail Supplies Hub,Commercial & Retail Establishment · convenience
Butcher Store,supermarket,15.056345,120.665922,"Pampanga, Pampanga",Pampanga,Central,(045) 961-0000 / 911,0,False,Commercial & Retail Supplies Hub,Commercial & Retail Establishment · butcher
Convenience Store,supermarket,15.056617,120.665747,"Pampanga, Pampanga",Pampanga,Central,(045) 961-0000 / 911,0,False,Commercial & Retail Supplies Hub,Commercial & Retail Establishment · convenience
Convenience Store,supermarket,15.056552,120.665447,"Pampanga, Pampanga",Pampanga,Central,(045) 961-0000 / 911,0,False,Commercial & Retail Supplies Hub,Commercial & Retail Establishment · convenience
Convenience Store,supermarket,15.058373,120.662784,"Pampanga, Pampanga",Pampanga,Central,(045) 961-0000 / 911,0,False,Commercial & Retail Supplies Hub,Commercial & Retail Establishment · convenience
Bonjour,supermarket,15.113022,120.609578,"MacArthur Highway, Pampanga, Pampanga",Pampanga,Central,(045) 961-0000 / 911,0,False,Commercial & Retail Supplies Hub,Commercial & Retail Establishment · convenience
Shell,gas_station,15.119695,120.601682,"Pampanga, Pampanga",Pampanga,Central,(045) 961-0000 / 911,0,False,Shell Station,Gasoline & Diesel Fuel · Shell
Shell Select,supermarket,15.134421,120.597672,"Pampanga, Pampanga",Pampanga,Central,(045) 961-0000 / 911,0,False,Commercial & Retail Supplies Hub,Commercial & Retail Establishment · convenience
Car_repair Store,supermarket,15.134426,120.597919,"Pampanga, Pampanga",Pampanga,Central,(045) 961-0000 / 911,0,False,Commercial & Retail Supplies Hub,Commercial & Retail Establishment · car_repair
JMER Drugstore,pharmacy,15.045253,120.672472,"Pampanga, Pampanga",Pampanga,Central,(045) 961-0000 / 911,0,False,Pharmacy & Medical Supplies,"First-Aid, Essential Medications & Antibiotics"
Private Parking,government,15.043981,120.675276,"Pampanga, Pampanga",Pampanga,Central,(045) 961-0000 / 911,0,False,"Municipal, Civic & Landmark Building",Public Infrastructure & Community Landmark
UCPB Savings Bank,supermarket,15.043862,120.674637,"MacArthur Highway, Pampanga, Pampanga",Pampanga,Central,(045) 961-0000 / 911,0,False,Commercial & Retail Supplies Hub,Commercial & Retail Establishment · bank
Clothes Store,supermarket,15.043069,120.676321,"Pampanga, Pampanga",Pampanga,Central,(045) 961-0000 / 911,0,False,Commercial & Retail Supplies Hub,Commercial & Retail Establishment · clothes
EastWest Unibank,supermarket,15.041781,120.677345,"Pampanga, Pampanga",Pampanga,Central,(045) 961-0000 / 911,0,False,Commercial & Retail Supplies Hub,Commercial & Retail Establishment · bank
Volkswagen Pampanga,supermarket,15.041075,120.678625,"Pampanga, Pampanga",Pampanga,Central,(045) 961-0000 / 911,0,False,Commercial & Retail Supplies Hub,Commercial & Retail Establishment · car
His Tailoring Shop,supermarket,15.040888,120.678832,"Pampanga, Pampanga",Pampanga,Central,(045) 961-0000 / 911,0,False,Commercial & Retail Supplies Hub,Commercial & Retail Establishment · clothes
CJ Lhanz Trading and Computer Center,supermarket,15.04074,120.678918,"MacArthur Highway, San Fernando, Pampanga",San Fernando,Central,+63 045 961 1962,0,False,Commercial & Retail Supplies Hub,Commercial & Retail Establishment · computer
Ronnie Mallari,supermarket,15.039813,120.680157,"Pampanga, Pampanga",Pampanga,Central,(045) 961-0000 / 911,0,False,Commercial & Retail Supplies Hub,Commercial & Retail Establishment · music
PSBank,supermarket,15.040218,120.678798,"Pampanga, Pampanga",Pampanga,Central,(045) 961-0000 / 911,0,False,Commercial & Retail Supplies Hub,Commercial & Retail Establishment · bank
Service,supermarket,15.042788,120.674142,"Pampanga, Pampanga",Pampanga,Central,(045) 961-0000 / 911,0,False,Commercial & Retail Supplies Hub,Commercial & Retail Establishment · car_repair
Don Pangan Car Tires & Battery Service,supermarket,15.043542,120.673659,"Pampanga, Pampanga",Pampanga,Central,(045) 961-0000 / 911,0,False,Commercial & Retail Supplies Hub,Commercial & Retail Establishment · car_repair
Car wash,supermarket,15.043998,120.673187,"Pampanga, Pampanga",Pampanga,Central,(045) 961-0000 / 911,0,False,Commercial & Retail Supplies Hub,Commercial & Retail Establishment · car_repair
JCD Golden 8 Parking,government,15.058528,120.660921,"Pampanga, Pampanga",Pampanga,Central,(045) 961-0000 / 911,0,False,"Municipal, Civic & Landmark Building",Public Infrastructure & Community Landmark
Balagtas Public Cemetery,government,14.815015,120.906515,"Pampanga, Pampanga",Pampanga,Central,(045) 961-0000 / 911,0,False,"Municipal, Civic & Landmark Building",Public Infrastructure & Community Landmark
Convenience Store,supermarket,15.151923,120.592579,"Pampanga, Pampanga",Pampanga,Central,(045) 961-0000 / 911,0,False,Commercial & Retail Supplies Hub,Commercial & Retail Establishment · convenience
Car_repair Store,supermarket,15.151593,120.592664,"Pampanga, Pampanga",Pampanga,Central,(045) 961-0000 / 911,0,False,Commercial & Retail Supplies Hub,Commercial & Retail Establishment · car_repair
Angel Bakery,supermarket,15.139954,120.588455,"Pampanga, Pampanga",Pampanga,Central,(045) 961-0000 / 911,0,False,Commercial & Retail Supplies Hub,Commercial & Retail Establishment · bakery
Jumbo Jenra Supermarket,supermarket,15.140318,120.588235,"Jesus Street, Angeles, Pampanga",Angeles,Central,(045) 961-0000 / 911,0,False,Commercial & Retail Supplies Hub,Commercial & Retail Establishment · supermarket
Mother S.T. Grocery,supermarket,15.139327,120.588966,"Pampanga, Pampanga",Pampanga,Central,(045) 961-0000 / 911,0,False,Commercial & Retail Supplies Hub,Commercial & Retail Establishment · convenience
S.T. Pharmacy,pharmacy,15.139731,120.588743,"Pampanga, Pampanga",Pampanga,Central,(045) 961-0000 / 911,0,False,Pharmacy & Medical Supplies,"First-Aid, Essential Medications & Antibiotics"
Laundry Shop,supermarket,15.0582,120.663236,"Pampanga, Pampanga",Pampanga,Central,(045) 961-0000 / 911,0,False,Commercial & Retail Supplies Hub,Commercial & Retail Establishment · laundry
Pan de Manila,supermarket,15.043099,120.684651,"Pampanga, Pampanga",Pampanga,Central,(045) 961-0000 / 911,0,False,Commercial & Retail Supplies Hub,Commercial & Retail Establishment · bakery
Gloria Cafe,supermarket,15.042728,120.68464,"Pampanga, Pampanga",Pampanga,Central,(045) 961-0000 / 911,0,False,Commercial & Retail Supplies Hub,Commercial & Retail Establishment · cafe
Bubusuk,supermarket,15.043065,120.684589,"Pampanga, Pampanga",Pampanga,Central,(045) 961-0000 / 911,0,False,Commercial & Retail Supplies Hub,Commercial & Retail Establishment · restaurant
High school Canteen 1,supermarket,15.037032,120.696461,"Pampanga, Pampanga",Pampanga,Central,(045) 961-0000 / 911,0,False,Commercial & Retail Supplies Hub,Commercial & Retail Establishment · restaurant
High school Canteen 2,supermarket,15.036204,120.696279,"Pampanga, Pampanga",Pampanga,Central,(045) 961-0000 / 911,0,False,Commercial & Retail Supplies Hub,Commercial & Retail Establishment · restaurant
High School Department,school,15.035852,120.696502,"Pampanga, Pampanga",Pampanga,Central,(045) 961-0000 / 911,0,False,Evacuation Shelter / Education Facility,High-Ground Evacuation Shelter · Relief Goods Depot
Grade School Deparment,school,15.038056,120.697299,"Pampanga, Pampanga",Pampanga,Central,(045) 961-0000 / 911,0,False,Evacuation Shelter / Education Facility,High-Ground Evacuation Shelter · Relief Goods Depot
Grade School Canteen,supermarket,15.037791,120.69781,"Pampanga, Pampanga",Pampanga,Central,(045) 961-0000 / 911,0,False,Commercial & Retail Supplies Hub,Commercial & Retail Establishment · restaurant
School of Hotel Restaurant Management,school,15.03795,120.698092,"Pampanga, Pampanga",Pampanga,Central,(045) 961-0000 / 911,0,False,Evacuation Shelter / Education Facility,High-Ground Evacuation Shelter · Relief Goods Depot
College of Engeneering,school,15.037494,120.698023,"Pampanga, Pampanga",Pampanga,Central,(045) 961-0000 / 911,0,False,Evacuation Shelter / Education Facility,High-Ground Evacuation Shelter · Relief Goods Depot
College of Nursing,school,15.037157,120.697558,"Pampanga, Pampanga",Pampanga,Central,(045) 961-0000 / 911,0,False,Evacuation Shelter / Education Facility,High-Ground Evacuation Shelter · Relief Goods Depot
School Bus,government,15.037549,120.696864,"Pampanga, Pampanga",Pampanga,Central,(045) 961-0000 / 911,0,False,"Municipal, Civic & Landmark Building",Public Infrastructure & Community Landmark
Lindale Highschool,school,15.037862,120.699686,"Pampanga, Pampanga",Pampanga,Central,(045) 961-0000 / 911,0,False,Evacuation Shelter / Education Facility,High-Ground Evacuation Shelter · Relief Goods Depot
Lindale Pre-school,school,15.037966,120.698771,"Pampanga, Pampanga",Pampanga,Central,(045) 961-0000 / 911,0,False,Evacuation Shelter / Education Facility,High-Ground Evacuation Shelter · Relief Goods Depot
818 Auto Shop,supermarket,15.03521,120.698063,"Pampanga, Pampanga",Pampanga,Central,(045) 961-0000 / 911,0,False,Commercial & Retail Supplies Hub,Commercial & Retail Establishment · car_repair
Esteban Canteen,supermarket,15.036334,120.698398,"Pampanga, Pampanga",Pampanga,Central,(045) 961-0000 / 911,0,False,Commercial & Retail Supplies Hub,Commercial & Retail Establishment · restaurant
Linda,supermarket,15.033221,120.697439,"Pampanga, Pampanga",Pampanga,Central,(045) 961-0000 / 911,0,False,Commercial & Retail Supplies Hub,Commercial & Retail Establishment · convenience
My Meds Pharmacy,pharmacy,15.032514,120.688688,"Pampanga, Pampanga",Pampanga,Central,(045) 961-0000 / 911,0,False,Pharmacy & Medical Supplies,"First-Aid, Essential Medications & Antibiotics"
AA Supermarket Parking,government,15.030051,120.692644,"Pampanga, Pampanga",Pampanga,Central,(045) 961-0000 / 911,0,False,"Municipal, Civic & Landmark Building",Public Infrastructure & Community Landmark
Sn. Fdo-Bulaon Jeep Terminal,government,15.030046,120.692073,"Pampanga, Pampanga",Pampanga,Central,(045) 961-0000 / 911,0,False,"Municipal, Civic & Landmark Building",Public Infrastructure & Community Landmark
Maniti Resort,government,15.221676,120.580447,"Mabalacat, Pampanga",Mabalacat,Central,(045) 961-0000 / 911,0,False,"Municipal, Civic & Landmark Building",Public Infrastructure & Community Landmark
Caltex,gas_station,14.850515,120.804857,"Pampanga, Pampanga",Pampanga,Central,(045) 961-0000 / 911,0,False,Caltex Station,Gasoline & Diesel Fuel · Caltex
Hagonoy Police Station,police,14.83577,120.734017,"Emilio G. Perez Street, Pampanga, Pampanga",Pampanga,Central,117 / 911,0,False,Police Station / Law Enforcement,24/7 Security & Search and Rescue Standby
Jollibee,supermarket,14.835725,120.733672,"Emilio G. Perez Street, Pampanga, Pampanga",Pampanga,Central,(045) 961-0000 / 911,0,False,Commercial & Retail Supplies Hub,Commercial & Retail Establishment · fast_food
Hagonoy Fire Station,fire_station,14.835772,120.734144,"Emilio G. Perez Street, Pampanga, Pampanga",Pampanga,Central,160 / 911,0,False,Fire & Rescue Station,Fire Pumper Engines & Emergency Water Rescue
Santo Rosario Parochial Church,government,14.81923,120.725729,"Hagonoy, Pampanga",Hagonoy,Central,(045) 961-0000 / 911,0,False,"Municipal, Civic & Landmark Building",Public Infrastructure & Community Landmark
First North Luzon Transit - Hagonoy Terminal,government,14.833613,120.734026,"Pampanga, Pampanga",Pampanga,Central,(045) 961-0000 / 911,0,False,"Municipal, Civic & Landmark Building",Public Infrastructure & Community Landmark
FilOil,gas_station,15.02473,120.933948,"Pampanga, Pampanga",Pampanga,Central,(045) 961-0000 / 911,0,False,Filoil Station,Gasoline & Diesel Fuel · Filoil
PTT,gas_station,15.025893,120.934077,"Pampanga, Pampanga",Pampanga,Central,(045) 961-0000 / 911,0,False,Fuel Station,Gasoline & Diesel Fuel · Operational Fuel Point
South Star Drug,pharmacy,15.078233,120.941265,"Cagayan Valley Road, Pampanga, Pampanga",Pampanga,Central,(045) 961-0000 / 911,0,False,Pharmacy & Medical Supplies,"First-Aid, Essential Medications & Antibiotics"
Mallari Gas Station,gas_station,15.340352,120.912897,"Pampanga, Pampanga",Pampanga,Central,(045) 961-0000 / 911,0,False,Fuel Station,Gasoline & Diesel Fuel · Operational Fuel Point
Firing Range,government,15.018523,120.705747,"Pampanga, Pampanga",Pampanga,Central,(045) 961-0000 / 911,0,False,"Municipal, Civic & Landmark Building",Public Infrastructure & Community Landmark
Unlimeated Korean BBQ & Shabu-Shabu,supermarket,15.013915,120.705953,"Pampanga, Pampanga",Pampanga,Central,(045) 961-0000 / 911,0,False,Commercial & Retail Supplies Hub,Commercial & Retail Establishment · restaurant
Wangja Korean Mart,supermarket,15.013795,120.705779,"Pampanga, Pampanga",Pampanga,Central,(045) 961-0000 / 911,0,False,Commercial & Retail Supplies Hub,Commercial & Retail Establishment · grocery
TSF-TSCI - San Fernando Terminal,government,15.020726,120.699862,"Pampanga, Pampanga",Pampanga,Central,(045) 961-0000 / 911,0,False,"Municipal, Civic & Landmark Building",Public Infrastructure & Community Landmark
Viewpoint Facility,government,15.022614,120.698092,"Pampanga, Pampanga",Pampanga,Central,(045) 961-0000 / 911,0,False,"Municipal, Civic & Landmark Building",Public Infrastructure & Community Landmark
South Parking B,government,15.024337,120.701069,"Pampanga, Pampanga",Pampanga,Central,(045) 961-0000 / 911,0,False,"Municipal, Civic & Landmark Building",Public Infrastructure & Community Landmark
D' Tayag Trading,supermarket,15.033231,120.688632,"Pampanga, Pampanga",Pampanga,Central,(045) 961-0000 / 911,0,False,Commercial & Retail Supplies Hub,Commercial & Retail Establishment · bicycle
Car_repair Store,supermarket,15.034634,120.686412,"Pampanga, Pampanga",Pampanga,Central,(045) 961-0000 / 911,0,False,Commercial & Retail Supplies Hub,Commercial & Retail Establishment · car_repair
7-Eleven,supermarket,15.034906,120.686047,"Pampanga, Pampanga",Pampanga,Central,(045) 961-0000 / 911,0,False,Commercial & Retail Supplies Hub,Commercial & Retail Establishment · convenience
Ascorp Parking,government,15.036895,120.684514,"Pampanga, Pampanga",Pampanga,Central,(045) 961-0000 / 911,0,False,"Municipal, Civic & Landmark Building",Public Infrastructure & Community Landmark
Jaen Fire Station,fire_station,15.336739,120.909305,"Jaen, Pampanga",Jaen,Central,160 / 911,0,False,Fire & Rescue Station,Fire Pumper Engines & Emergency Water Rescue
BPI,supermarket,15.30671,120.946013,"Cagayan Valley Road, Pampanga, Pampanga",Pampanga,Central,(045) 961-0000 / 911,0,False,Commercial & Retail Supplies Hub,Commercial & Retail Establishment · bank
Petron,government,15.308285,120.944631,"Pampanga, Pampanga",Pampanga,Central,(045) 961-0000 / 911,0,False,"Municipal, Civic & Landmark Building",Public Infrastructure & Community Landmark
KFC,supermarket,15.30305,120.946046,"Pampanga, Pampanga",Pampanga,Central,(045) 961-0000 / 911,0,False,Commercial & Retail Supplies Hub,Commercial & Retail Establishment · fast_food
Jollibee,supermarket,15.303449,120.946422,"Pampanga, Pampanga",Pampanga,Central,(045) 961-0000 / 911,0,False,Commercial & Retail Supplies Hub,Commercial & Retail Establishment · fast_food
Chowking,supermarket,15.303418,120.946293,"Pampanga, Pampanga",Pampanga,Central,(045) 961-0000 / 911,0,False,Commercial & Retail Supplies Hub,Commercial & Retail Establishment · fast_food
Vegas Inn,government,15.324844,120.937859,"Pampanga, Pampanga",Pampanga,Central,(045) 961-0000 / 911,0,False,"Municipal, Civic & Landmark Building",Public Infrastructure & Community Landmark
Methodist Church,government,14.971599,120.943556,"Pampanga, Pampanga",Pampanga,Central,(045) 961-0000 / 911,0,False,"Municipal, Civic & Landmark Building",Public Infrastructure & Community Landmark
Mang Jimmy's,supermarket,14.873282,120.865609,"Pampanga, Pampanga",Pampanga,Central,(045) 961-0000 / 911,0,False,Commercial & Retail Supplies Hub,Commercial & Retail Establishment · convenience
Cafe Rocka,supermarket,14.871965,120.862613,"Pampanga, Pampanga",Pampanga,Central,(045) 961-0000 / 911,0,False,Commercial & Retail Supplies Hub,Commercial & Retail Establishment · cafe
krizia,supermarket,14.871946,120.865797,"Pampanga, Pampanga",Pampanga,Central,(045) 961-0000 / 911,0,False,Commercial & Retail Supplies Hub,Commercial & Retail Establishment · convenience
soundtrip,supermarket,14.872485,120.866822,"Pampanga, Pampanga",Pampanga,Central,(045) 961-0000 / 911,0,False,Commercial & Retail Supplies Hub,Commercial & Retail Establishment · convenience
Cash Bakery,supermarket,14.872091,120.864266,"Pampanga, Pampanga",Pampanga,Central,(045) 961-0000 / 911,0,False,Commercial & Retail Supplies Hub,Commercial & Retail Establishment · bakery
lacno,supermarket,14.871443,120.866124,"Pampanga, Pampanga",Pampanga,Central,(045) 961-0000 / 911,0,False,Commercial & Retail Supplies Hub,Commercial & Retail Establishment · convenience
cian,supermarket,14.871813,120.865789,"Pampanga, Pampanga",Pampanga,Central,(045) 961-0000 / 911,0,False,Commercial & Retail Supplies Hub,Commercial & Retail Establishment · convenience
Menggay's Store,supermarket,14.872962,120.865781,"Pampanga, Pampanga",Pampanga,Central,(045) 961-0000 / 911,0,False,Commercial & Retail Supplies Hub,Commercial & Retail Establishment · convenience
BIR Bulacan,government,14.87151,120.861683,"Pampanga, Pampanga",Pampanga,Central,(045) 961-0000 / 911,0,False,"Municipal, Civic & Landmark Building",Public Infrastructure & Community Landmark
Paulo's Barber Shop,supermarket,14.871815,120.86281,"Pampanga, Pampanga",Pampanga,Central,(045) 961-0000 / 911,0,False,Commercial & Retail Supplies Hub,Commercial & Retail Establishment · hairdresser
Divine Light Science High School,school,14.8718,120.861758,"Pampanga, Pampanga",Pampanga,Central,(045) 961-0000 / 911,0,False,Evacuation Shelter / Education Facility,High-Ground Evacuation Shelter · Relief Goods Depot
CM,supermarket,14.871448,120.862107,"Pampanga, Pampanga",Pampanga,Central,(045) 961-0000 / 911,0,False,Commercial & Retail Supplies Hub,Commercial & Retail Establishment · restaurant
JBL Canteen,supermarket,15.035286,120.684871,"Pampanga, Pampanga",Pampanga,Central,(045) 961-0000 / 911,0,False,Commercial & Retail Supplies Hub,Commercial & Retail Establishment · fast_food
Doctors Parking,government,15.034877,120.684284,"Pampanga, Pampanga",Pampanga,Central,(045) 961-0000 / 911,0,False,"Municipal, Civic & Landmark Building",Public Infrastructure & Community Landmark
Toyota,supermarket,15.046379,120.693224,"Pampanga, Pampanga",Pampanga,Central,(045) 961-0000 / 911,0,False,Commercial & Retail Supplies Hub,Commercial & Retail Establishment · car_repair
BDO,supermarket,15.167901,120.581864,"Manuel A. Roxas Highway, Clark Freeport, Pampanga",Clark Freeport,Central,(045) 961-0000 / 911,0,False,Commercial & Retail Supplies Hub,Commercial & Retail Establishment · bank
Saviour Savings Bank,supermarket,14.974833,120.525679,"Alvendia Street, Floridablanca, Pampanga",Floridablanca,Central,(045) 961-0000 / 911,0,False,Commercial & Retail Supplies Hub,Commercial & Retail Establishment · bank
Gas Station,gas_station,14.982075,120.514238,"Pampanga, Pampanga",Pampanga,Central,(045) 961-0000 / 911,0,False,Fuel Station,Gasoline & Diesel Fuel · Operational Fuel Point
BDO,supermarket,15.048809,120.666221,"Pampanga, Pampanga",Pampanga,Central,(045) 961-0000 / 911,0,False,Commercial & Retail Supplies Hub,Commercial & Retail Establishment · bank
PITODA Tricycle Terminal,government,14.873951,120.821308,"Pampanga, Pampanga",Pampanga,Central,(045) 961-0000 / 911,0,False,"Municipal, Civic & Landmark Building",Public Infrastructure & Community Landmark
Pulo Barangay Hall,government,14.874853,120.839171,"Pampanga, Pampanga",Pampanga,Central,(045) 961-0000 / 911,0,False,"Municipal, Civic & Landmark Building",Public Infrastructure & Community Landmark
Mount Pinatubo View Deck,government,15.125256,120.427306,"Porac, Pampanga",Porac,Central,(045) 961-0000 / 911,0,False,"Municipal, Civic & Landmark Building",Public Infrastructure & Community Landmark
Petron,gas_station,14.839716,120.747501,"Pampanga, Pampanga",Pampanga,Central,(045) 961-0000 / 911,0,False,Fuel Station,Gasoline & Diesel Fuel · Operational Fuel Point
Shell Gas Station,gas_station,14.839368,120.752624,"Pampanga, Pampanga",Pampanga,Central,(045) 961-0000 / 911,0,False,Shell Station,Gasoline & Diesel Fuel · Shell
Minia's Eatery,supermarket,14.839311,120.752909,"Pampanga, Pampanga",Pampanga,Central,(045) 961-0000 / 911,0,False,Commercial & Retail Supplies Hub,Commercial & Retail Establishment · restaurant
Provo Gen. Merchandising,supermarket,14.834198,120.733506,"Pampanga, Pampanga",Pampanga,Central,(045) 961-0000 / 911,0,False,Commercial & Retail Supplies Hub,Commercial & Retail Establishment · gift
PTT Hagonoy,gas_station,14.840188,120.742791,"Pampanga, Pampanga",Pampanga,Central,(045) 961-0000 / 911,0,False,Fuel Station,Gasoline & Diesel Fuel · Operational Fuel Point
Wilcon Depot,supermarket,15.042219,120.686022,"Pampanga, Pampanga",Pampanga,Central,(045) 961-0000 / 911,0,False,Commercial & Retail Supplies Hub,Commercial & Retail Establishment · doityourself
Car_repair Store,supermarket,15.041722,120.686317,"Pampanga, Pampanga",Pampanga,Central,(045) 961-0000 / 911,0,False,Commercial & Retail Supplies Hub,Commercial & Retail Establishment · car_repair
Convenience Store,supermarket,14.849227,120.424882,"Pampanga, Pampanga",Pampanga,Central,(045) 961-0000 / 911,0,False,Commercial & Retail Supplies Hub,Commercial & Retail Establishment · convenience
CDM Car Accessories,supermarket,15.08342,120.635489,"Pampanga, Pampanga",Pampanga,Central,(045) 961-0000 / 911,0,False,Commercial & Retail Supplies Hub,Commercial & Retail Establishment · car_parts
UV Dau/Angeles Pampanga station,government,14.807474,120.941376,"Pampanga, Pampanga",Pampanga,Central,(045) 961-0000 / 911,0,False,"Municipal, Civic & Landmark Building",Public Infrastructure & Community Landmark
Robinsons Supermarket,supermarket,14.856882,120.812588,"MacArthur Highway, Malolos, Pampanga",Malolos,Central,(045) 961-0000 / 911,0,False,Commercial & Retail Supplies Hub,Commercial & Retail Establishment · supermarket
Walter Mart Supermarket,supermarket,14.880997,120.866444,"Pampanga, Pampanga",Pampanga,Central,(045) 961-0000 / 911,0,False,Commercial & Retail Supplies Hub,Commercial & Retail Establishment · supermarket
Robinsons Dept. Store,supermarket,14.880458,120.86661,"Pampanga, Pampanga",Pampanga,Central,(045) 961-0000 / 911,0,False,Commercial & Retail Supplies Hub,Commercial & Retail Establishment · clothes
Ong Multispecialty Clinics,hospital,14.966647,120.913372,"Pampanga, Pampanga",Pampanga,Central,(045) 961-0000 / 911,20,False,Primary Health Clinic / RHU,20 Beds · Hotline: (045) 961-0000 / 911
Our Lady of Mount Carmel Parish,government,14.966683,120.917248,"Pampanga, Pampanga",Pampanga,Central,(045) 961-0000 / 911,0,False,"Municipal, Civic & Landmark Building",Public Infrastructure & Community Landmark
Baby's Tennis Courts,government,14.807425,120.528004,"Pampanga, Pampanga",Pampanga,Central,(045) 961-0000 / 911,0,False,"Municipal, Civic & Landmark Building",Public Infrastructure & Community Landmark
Axle Tire,supermarket,15.195521,120.582938,"Pampanga, Pampanga",Pampanga,Central,(045) 961-0000 / 911,0,False,Commercial & Retail Supplies Hub,Commercial & Retail Establishment · tyres
Landbank,supermarket,14.957258,120.900012,"Benigno S. Aquino Avenue, Pampanga, Pampanga",Pampanga,Central,(045) 961-0000 / 911,0,False,Commercial & Retail Supplies Hub,Commercial & Retail Establishment · atm
Floridablanca Fire Station,fire_station,14.974875,120.528212,"San Jose Street, Floridablanca, Pampanga",Floridablanca,Central,160 / 911,0,False,Fire & Rescue Station,Fire Pumper Engines & Emergency Water Rescue
Bariotic Restaurant,supermarket,14.974952,120.529039,"Pampanga, Pampanga",Pampanga,Central,(045) 961-0000 / 911,0,False,Commercial & Retail Supplies Hub,Commercial & Retail Establishment · restaurant
Bariotic Parking area,government,14.974905,120.529251,"Pampanga, Pampanga",Pampanga,Central,(045) 961-0000 / 911,0,False,"Municipal, Civic & Landmark Building",Public Infrastructure & Community Landmark
Cabangcalan Barangay Hall,government,14.952766,120.521935,"Pampanga, Pampanga",Pampanga,Central,(045) 961-0000 / 911,0,False,"Municipal, Civic & Landmark Building",Public Infrastructure & Community Landmark
Fuel & Gas Station,gas_station,14.95253,120.520074,"Pampanga, Pampanga",Pampanga,Central,(045) 961-0000 / 911,0,False,Fuel Station,Gasoline & Diesel Fuel · Operational Fuel Point
Fuel & Gas Station,gas_station,14.934754,120.501455,"Pampanga, Pampanga",Pampanga,Central,(045) 961-0000 / 911,0,False,Fuel Station,Gasoline & Diesel Fuel · Operational Fuel Point
San Roque Barangay Hall,government,14.930753,120.50742,"Pampanga, Pampanga",Pampanga,Central,(045) 961-0000 / 911,0,False,"Municipal, Civic & Landmark Building",Public Infrastructure & Community Landmark
Saulog Transit Stop Over,government,14.888152,120.526967,"Pampanga, Pampanga",Pampanga,Central,(045) 961-0000 / 911,0,False,"Municipal, Civic & Landmark Building",Public Infrastructure & Community Landmark
Saulog Bus Stop Over,supermarket,14.888136,120.526828,"Pampanga, Pampanga",Pampanga,Central,(045) 961-0000 / 911,0,False,Commercial & Retail Supplies Hub,Commercial & Retail Establishment · restaurant
Military Police Station,police,14.977934,120.501988,"Pampanga, Pampanga",Pampanga,Central,117 / 911,0,False,Police Station / Law Enforcement,24/7 Security & Search and Rescue Standby
Ace Classic Distributor,supermarket,15.108956,120.627769,"Pampanga, Pampanga",Pampanga,Central,(045) 961-0000 / 911,0,False,Commercial & Retail Supplies Hub,Commercial & Retail Establishment · alcohol
Treats,supermarket,14.990661,120.629654,"Pampanga, Pampanga",Pampanga,Central,(045) 961-0000 / 911,0,False,Commercial & Retail Supplies Hub,Commercial & Retail Establishment · convenience
Pines',supermarket,14.990397,120.629496,"Barangay Santa Ines, Guagua, Pampanga",Guagua,Santa Ines,(045) 961-0000 / 911,0,False,Commercial & Retail Supplies Hub,Commercial & Retail Establishment · bakery
Goldrich Car Accessory,supermarket,15.042323,120.684323,"Pampanga, Pampanga",Pampanga,Central,(045) 961-0000 / 911,0,False,Commercial & Retail Supplies Hub,Commercial & Retail Establishment · car_parts
7-Eleven,supermarket,15.044582,120.687981,"Pampanga, Pampanga",Pampanga,Central,(045) 961-0000 / 911,0,False,Commercial & Retail Supplies Hub,Commercial & Retail Establishment · convenience
Bataan Transit - San Fernando Terminal,government,15.040358,120.682913,"Pampanga, Pampanga",Pampanga,Central,(045) 961-0000 / 911,0,False,"Municipal, Civic & Landmark Building",Public Infrastructure & Community Landmark
Hama Auto World,supermarket,15.040404,120.683029,"Pampanga, Pampanga",Pampanga,Central,(045) 961-0000 / 911,0,False,Commercial & Retail Supplies Hub,Commercial & Retail Establishment · car
Car Mix,supermarket,15.040495,120.68313,"Pampanga, Pampanga",Pampanga,Central,(045) 961-0000 / 911,0,False,Commercial & Retail Supplies Hub,Commercial & Retail Establishment · car
Team Lightning Lab,supermarket,15.040825,120.6834,"Pampanga, Pampanga",Pampanga,Central,(045) 961-0000 / 911,0,False,Commercial & Retail Supplies Hub,Commercial & Retail Establishment · car_parts
Shakey's,supermarket,15.041916,120.685081,"Pampanga, Pampanga",Pampanga,Central,(045) 961-0000 / 911,0,False,Commercial & Retail Supplies Hub,Commercial & Retail Establishment · restaurant
PTT Service,supermarket,15.041471,120.685354,"Pampanga, Pampanga",Pampanga,Central,(045) 961-0000 / 911,0,False,Commercial & Retail Supplies Hub,Commercial & Retail Establishment · car_repair
Car Wash,government,15.045342,120.691093,"Pampanga, Pampanga",Pampanga,Central,(045) 961-0000 / 911,0,False,"Municipal, Civic & Landmark Building",Public Infrastructure & Community Landmark
Imperial Appliance Shop,supermarket,15.039194,120.680108,"MacArthur Highway, Pampanga, Pampanga",Pampanga,Central,(045) 961-0000 / 911,0,False,Commercial & Retail Supplies Hub,Commercial & Retail Establishment · appliance
CJT Autoplus,supermarket,15.048291,120.667736,"Pampanga, Pampanga",Pampanga,Central,(045) 961-0000 / 911,0,False,Commercial & Retail Supplies Hub,Commercial & Retail Establishment · car_repair
Puregold,supermarket,14.951332,120.916449,"Pampanga, Pampanga",Pampanga,Central,(045) 961-0000 / 911,0,False,Commercial & Retail Supplies Hub,Commercial & Retail Establishment · supermarket
Mormon Temple,government,14.948839,120.917841,"Pampanga, Pampanga",Pampanga,Central,(045) 961-0000 / 911,0,False,"Municipal, Civic & Landmark Building",Public Infrastructure & Community Landmark
Petron,gas_station,14.951171,120.935661,"Pampanga, Pampanga",Pampanga,Central,(045) 961-0000 / 911,0,False,Petron Station,Gasoline & Diesel Fuel · Petron
B Mayor Tibagan Chapel,government,14.957867,120.943751,"Pampanga, Pampanga",Pampanga,Central,(045) 961-0000 / 911,0,False,"Municipal, Civic & Landmark Building",Public Infrastructure & Community Landmark
Margarita Station,supermarket,15.166488,120.583945,"Pampanga, Pampanga",Pampanga,Central,(045) 961-0000 / 911,0,False,Commercial & Retail Supplies Hub,Commercial & Retail Establishment · restaurant
Sharon's Clothes Rentals,supermarket,15.120866,120.600188,"Pampanga, Pampanga",Pampanga,Central,(045) 961-0000 / 911,0,False,Commercial & Retail Supplies Hub,Commercial & Retail Establishment · clothes
Peer Marketing,supermarket,15.309109,120.943161,"Pampanga, Pampanga",Pampanga,Central,(045) 961-0000 / 911,0,False,Commercial & Retail Supplies Hub,Commercial & Retail Establishment · motorcycle
Butcher Store,supermarket,14.961805,120.632945,"Pampanga, Pampanga",Pampanga,Central,(045) 961-0000 / 911,0,False,Commercial & Retail Supplies Hub,Commercial & Retail Establishment · butcher
Clothes Store,supermarket,14.962342,120.632175,"Pampanga, Pampanga",Pampanga,Central,(045) 961-0000 / 911,0,False,Commercial & Retail Supplies Hub,Commercial & Retail Establishment · clothes
Caltex,gas_station,14.967501,120.621275,"Pampanga, Pampanga",Pampanga,Central,(045) 961-0000 / 911,0,False,Caltex Station,Gasoline & Diesel Fuel · Caltex
Uncle John's,supermarket,14.964695,120.63322,"Senator Gil Puyat Avenue, Guagua, Pampanga",Guagua,Central,(045) 961-0000 / 911,0,False,Commercial & Retail Supplies Hub,Commercial & Retail Establishment · convenience
Double Happiness,supermarket,14.901402,120.547025,"Pampanga, Pampanga",Pampanga,Central,(045) 961-0000 / 911,0,False,Commercial & Retail Supplies Hub,Commercial & Retail Establishment · fast_food
Olebasi Swimming Pool,government,14.946863,120.593441,"Pampanga, Pampanga",Pampanga,Central,(045) 961-0000 / 911,0,False,"Municipal, Civic & Landmark Building",Public Infrastructure & Community Landmark
7-Eleven,supermarket,15.342158,120.593927,"Pampanga, Pampanga",Pampanga,Central,(045) 961-0000 / 911,0,False,Commercial & Retail Supplies Hub,Commercial & Retail Establishment · convenience
Service,supermarket,15.342119,120.594097,"Pampanga, Pampanga",Pampanga,Central,(045) 961-0000 / 911,0,False,Commercial & Retail Supplies Hub,Commercial & Retail Establishment · car_repair
PNB,supermarket,15.341519,120.594327,"Capas, Pampanga",Capas,Central,(045) 961-0000 / 911,0,False,Commercial & Retail Supplies Hub,Commercial & Retail Establishment · bank
Manson Drug,pharmacy,15.334115,120.590711,"Pampanga, Pampanga",Pampanga,Central,(045) 961-0000 / 911,0,False,Pharmacy & Medical Supplies,"First-Aid, Essential Medications & Antibiotics"
Vincarlo Pharma Drugstore,pharmacy,15.334308,120.590635,"Pampanga, Pampanga",Pampanga,Central,(045) 961-0000 / 911,0,False,Pharmacy & Medical Supplies,"First-Aid, Essential Medications & Antibiotics"
PSBank,supermarket,15.340988,120.594018,"Pampanga, Pampanga",Pampanga,Central,(045) 961-0000 / 911,0,False,Commercial & Retail Supplies Hub,Commercial & Retail Establishment · bank
Rustica,supermarket,15.343586,120.606137,"Pampanga, Pampanga",Pampanga,Central,(045) 961-0000 / 911,0,False,Commercial & Retail Supplies Hub,Commercial & Retail Establishment · restaurant
Convenience Store,supermarket,15.095822,120.648121,"Pampanga, Pampanga",Pampanga,Central,(045) 961-0000 / 911,0,False,Commercial & Retail Supplies Hub,Commercial & Retail Establishment · convenience
Jumbo Jenra Supermarket Sindalan,supermarket,15.079743,120.637871,"Pampanga, Pampanga",Pampanga,Central,(045) 961-0000 / 911,0,False,Commercial & Retail Supplies Hub,Commercial & Retail Establishment · supermarket
iTechZone Computer Center,supermarket,14.871837,120.862914,"Rocka Avenue, Pampanga, Pampanga",Pampanga,Central,(045) 961-0000 / 911,0,False,Commercial & Retail Supplies Hub,Commercial & Retail Establishment · cafe
Tiger Grill,supermarket,15.142066,120.577451,"Pampanga, Pampanga",Pampanga,Central,(045) 961-0000 / 911,0,False,Commercial & Retail Supplies Hub,Commercial & Retail Establishment · restaurant
Tiger Grill Parking,government,15.141968,120.577639,"Pampanga, Pampanga",Pampanga,Central,(045) 961-0000 / 911,0,False,"Municipal, Civic & Landmark Building",Public Infrastructure & Community Landmark
Convenience Store,supermarket,15.271524,120.560325,"Pampanga, Pampanga",Pampanga,Central,(045) 961-0000 / 911,0,False,Commercial & Retail Supplies Hub,Commercial & Retail Establishment · convenience
Car_repair Store,supermarket,15.271385,120.560467,"Pampanga, Pampanga",Pampanga,Central,(045) 961-0000 / 911,0,False,Commercial & Retail Supplies Hub,Commercial & Retail Establishment · car_repair
Bamban Municipal Library,government,15.273302,120.567452,"Pampanga, Pampanga",Pampanga,Central,(045) 961-0000 / 911,0,False,"Municipal, Civic & Landmark Building",Public Infrastructure & Community Landmark
Mitsukoshi,supermarket,15.287903,120.570028,"Pampanga, Pampanga",Pampanga,Central,(045) 961-0000 / 911,0,False,Commercial & Retail Supplies Hub,Commercial & Retail Establishment · motorcycle
Lourdes Grotto,government,15.262013,120.554712,"Pampanga, Pampanga",Pampanga,Central,(045) 961-0000 / 911,0,False,"Municipal, Civic & Landmark Building",Public Infrastructure & Community Landmark
Bank of Commerce,supermarket,14.844084,120.811213,"Pampanga, Pampanga",Pampanga,Central,(045) 961-0000 / 911,0,False,Commercial & Retail Supplies Hub,Commercial & Retail Establishment · bank
Pandayan Bookshop,supermarket,14.84306,120.811092,"Pampanga, Pampanga",Pampanga,Central,(045) 961-0000 / 911,0,False,Commercial & Retail Supplies Hub,Commercial & Retail Establishment · books
BZ Mont Bikers Haven,government,14.924648,120.416237,"Pampanga, Pampanga",Pampanga,Central,(045) 961-0000 / 911,0,False,"Municipal, Civic & Landmark Building",Public Infrastructure & Community Landmark
Lucky NCCC Hardware,supermarket,14.98071,120.617585,"Pampanga, Pampanga",Pampanga,Central,(045) 961-0000 / 911,0,False,Commercial & Retail Supplies Hub,Commercial & Retail Establishment · trade
Dhey's Restaurant,supermarket,14.977181,120.612988,"Pampanga, Pampanga",Pampanga,Central,(045) 961-0000 / 911,0,False,Commercial & Retail Supplies Hub,Commercial & Retail Establishment · restaurant
St. Mary's Academy,school,15.000699,120.648255,"Pampanga, Pampanga",Pampanga,Central,(045) 961-0000 / 911,0,False,Evacuation Shelter / Education Facility,High-Ground Evacuation Shelter · Relief Goods Depot
Pentecostal Missionary Church of Christ,government,14.839266,120.748569,"Pampanga, Pampanga",Pampanga,Central,(045) 961-0000 / 911,0,False,"Municipal, Civic & Landmark Building",Public Infrastructure & Community Landmark
Pon's Motor Shop,supermarket,15.216487,120.667509,"Pampanga, Pampanga",Pampanga,Central,(045) 961-0000 / 911,0,False,Commercial & Retail Supplies Hub,Commercial & Retail Establishment · car_repair
Doityourself Store,supermarket,15.215047,120.661407,"Pampanga, Pampanga",Pampanga,Central,(045) 961-0000 / 911,0,False,Commercial & Retail Supplies Hub,Commercial & Retail Establishment · doityourself
Chapel,government,14.999019,120.930684,"Pampanga, Pampanga",Pampanga,Central,(045) 961-0000 / 911,0,False,"Municipal, Civic & Landmark Building",Public Infrastructure & Community Landmark
Sasmuan Delicacies Factory,supermarket,14.943222,120.622947,"Sasmuan, Pampanga",Sasmuan,Central,(045) 961-0000 / 911,0,False,Commercial & Retail Supplies Hub,Commercial & Retail Establishment · bakery
Max Quintana Shop,supermarket,15.048725,120.654457,"Pampanga, Pampanga",Pampanga,Central,(045) 961-0000 / 911,0,False,Commercial & Retail Supplies Hub,Commercial & Retail Establishment · doityourself
Edwin Motor Shop,supermarket,15.050124,120.660245,"Pampanga, Pampanga",Pampanga,Central,(045) 961-0000 / 911,0,False,Commercial & Retail Supplies Hub,Commercial & Retail Establishment · car_repair
Pinas Store,supermarket,15.2295,120.604977,"Pampanga, Pampanga",Pampanga,Central,(045) 961-0000 / 911,0,False,Commercial & Retail Supplies Hub,Commercial & Retail Establishment · convenience
Flying V,gas_station,14.985544,120.54026,"Pampanga, Pampanga",Pampanga,Central,(045) 961-0000 / 911,0,False,Flying V Station,Gasoline & Diesel Fuel · Flying V
Megabyte College,school,14.978179,120.535281,"Pampanga, Pampanga",Pampanga,Central,(045) 961-0000 / 911,0,False,Evacuation Shelter / Education Facility,High-Ground Evacuation Shelter · Relief Goods Depot
Cabalen Refueling Station,gas_station,14.952817,120.521241,"Pampanga, Pampanga",Pampanga,Central,(045) 961-0000 / 911,0,False,Fuel Station,Gasoline & Diesel Fuel · Operational Fuel Point
Convenience Store,supermarket,14.943646,120.507529,"Pampanga, Pampanga",Pampanga,Central,(045) 961-0000 / 911,0,False,Commercial & Retail Supplies Hub,Commercial & Retail Establishment · convenience
McDonald's,supermarket,15.303754,120.946353,"Pampanga, Pampanga",Pampanga,Central,(045) 961-0000 / 911,0,False,Commercial & Retail Supplies Hub,Commercial & Retail Establishment · fast_food
Floridablanca Municipal Motor pool,supermarket,14.981345,120.536332,"Pampanga, Pampanga",Pampanga,Central,(045) 961-0000 / 911,0,False,Commercial & Retail Supplies Hub,Commercial & Retail Establishment · car_repair
Apung Tuling,supermarket,14.970391,120.604889,"Pampanga, Pampanga",Pampanga,Central,(045) 961-0000 / 911,0,False,Commercial & Retail Supplies Hub,Commercial & Retail Establishment · convenience
Calilung Minimart,supermarket,14.970446,120.604797,"Pampanga, Pampanga",Pampanga,Central,(045) 961-0000 / 911,0,False,Commercial & Retail Supplies Hub,Commercial & Retail Establishment · convenience
Cobey Inasal,supermarket,15.036586,120.937394,"Pampanga, Pampanga",Pampanga,Central,(045) 961-0000 / 911,0,False,Commercial & Retail Supplies Hub,Commercial & Retail Establishment · restaurant
Sophia Cafe,supermarket,15.036602,120.937235,"Pampanga, Pampanga",Pampanga,Central,(045) 961-0000 / 911,0,False,Commercial & Retail Supplies Hub,Commercial & Retail Establishment · cafe
658 Fuel Refiling Station,gas_station,15.346475,120.906094,"Pampanga, Pampanga",Pampanga,Central,(045) 961-0000 / 911,0,False,Fuel Station,Gasoline & Diesel Fuel · Operational Fuel Point
Kowbies Mart,supermarket,14.972821,120.500518,"Pampanga, Pampanga",Pampanga,Central,(045) 961-0000 / 911,0,False,Commercial & Retail Supplies Hub,Commercial & Retail Establishment · convenience
Kathy's Bulalohan,supermarket,14.90209,120.855074,"Pampanga, Pampanga",Pampanga,Central,(045) 961-0000 / 911,0,False,Commercial & Retail Supplies Hub,Commercial & Retail Establishment · restaurant
Pasalubong Cafe Restaurant,supermarket,14.902128,120.859228,"Pampanga, Pampanga",Pampanga,Central,(045) 961-0000 / 911,0,False,Commercial & Retail Supplies Hub,Commercial & Retail Establishment · cafe
Pasalubong Bakeshop,supermarket,14.902174,120.859102,"Pampanga, Pampanga",Pampanga,Central,(045) 961-0000 / 911,0,False,Commercial & Retail Supplies Hub,Commercial & Retail Establishment · bakery
Dahlcon Bolt and Nut,supermarket,15.132239,120.579075,"Pampanga, Pampanga",Pampanga,Central,(045) 961-0000 / 911,0,False,Commercial & Retail Supplies Hub,Commercial & Retail Establishment · hardware
Bonifacio,government,15.166409,120.584734,"Pampanga, Pampanga",Pampanga,Central,(045) 961-0000 / 911,0,False,"Municipal, Civic & Landmark Building",Public Infrastructure & Community Landmark
Bosch Car Service,supermarket,15.139759,120.596944,"Pampanga, Pampanga",Pampanga,Central,(045) 961-0000 / 911,0,False,Commercial & Retail Supplies Hub,Commercial & Retail Establishment · car_repair
The Royal British,hospital,15.143745,120.559212,"Pampanga, Pampanga",Pampanga,Central,(045) 961-0000 / 911,20,False,Primary Health Clinic / RHU,20 Beds · Hotline: (045) 961-0000 / 911
J&T Express,government,15.135069,120.589925,"Pampanga, Pampanga",Pampanga,Central,(045) 961-0000 / 911,0,False,"Municipal, Civic & Landmark Building",Public Infrastructure & Community Landmark
Rodriguez-Dayrit Pawnshop,supermarket,15.16558,120.590427,"MacArthur Highway, Pampanga, Pampanga",Pampanga,Central,(045) 961-0000 / 911,0,False,Commercial & Retail Supplies Hub,Commercial & Retail Establishment · pawnbroker
Enclave Fitness Center,government,15.143974,120.558522,"Bauguin Road, Pampanga, Pampanga",Pampanga,Central,(045) 961-0000 / 911,0,False,"Municipal, Civic & Landmark Building",Public Infrastructure & Community Landmark
Fortune,supermarket,15.163265,120.591121,"Pampanga, Pampanga",Pampanga,Central,(045) 961-0000 / 911,0,False,Commercial & Retail Supplies Hub,Commercial & Retail Establishment · restaurant
House of Wine,supermarket,15.163193,120.59121,"Pampanga, Pampanga",Pampanga,Central,(045) 961-0000 / 911,0,False,Commercial & Retail Supplies Hub,Commercial & Retail Establishment · wine
Ace Hub Mart,supermarket,15.166307,120.584708,"Pampanga, Pampanga",Pampanga,Central,(045) 961-0000 / 911,0,False,Commercial & Retail Supplies Hub,Commercial & Retail Establishment · convenience
AC Roan Trading,supermarket,15.130899,120.576322,"Pampanga, Pampanga",Pampanga,Central,(045) 961-0000 / 911,0,False,Commercial & Retail Supplies Hub,Commercial & Retail Establishment · trade
Luk Foo Cantonese,supermarket,15.174793,120.588943,"Pampanga, Pampanga",Pampanga,Central,(045) 961-0000 / 911,0,False,Commercial & Retail Supplies Hub,Commercial & Retail Establishment · restaurant
BM Lynne Construction Supply,supermarket,15.130726,120.576131,"Pampanga, Pampanga",Pampanga,Central,(045) 961-0000 / 911,0,False,Commercial & Retail Supplies Hub,Commercial & Retail Establishment · trade
Southstar Drug,pharmacy,15.166597,120.584464,"Pampanga, Pampanga",Pampanga,Central,(045) 961-0000 / 911,0,False,Pharmacy & Medical Supplies,"First-Aid, Essential Medications & Antibiotics"
Southstar Drug,pharmacy,15.135112,120.589846,"Pampanga, Pampanga",Pampanga,Central,(045) 961-0000 / 911,0,False,Pharmacy & Medical Supplies,"First-Aid, Essential Medications & Antibiotics"
Uncle John's,supermarket,15.16633,120.582917,"Fields Avenue, Pampanga, Pampanga",Pampanga,Central,(045) 961-0000 / 911,0,False,Commercial & Retail Supplies Hub,Commercial & Retail Establishment · convenience
North Star Auto LPG,gas_station,14.963287,120.897541,"Pampanga, Pampanga",Pampanga,Central,(045) 961-0000 / 911,0,False,Fuel Station,Gasoline & Diesel Fuel · Operational Fuel Point
Azure Restro and Bar,supermarket,15.143988,120.558975,"Pampanga, Pampanga",Pampanga,Central,(045) 961-0000 / 911,0,False,Commercial & Retail Supplies Hub,Commercial & Retail Establishment · restaurant
Don Benito's Cassava Cake and Pichi-Pichi,supermarket,15.14839,120.593502,"Pampanga, Pampanga",Pampanga,Central,(045) 961-0000 / 911,0,False,Commercial & Retail Supplies Hub,Commercial & Retail Establishment · pastry
JT Auto Parts,supermarket,15.147513,120.593996,"Pampanga, Pampanga",Pampanga,Central,(045) 961-0000 / 911,0,False,Commercial & Retail Supplies Hub,Commercial & Retail Establishment · car_repair
LC Motorcycle & Bicycle Supply,supermarket,15.145273,120.588927,"Pampanga, Pampanga",Pampanga,Central,(045) 961-0000 / 911,0,False,Commercial & Retail Supplies Hub,Commercial & Retail Establishment · bicycle
Videospace,supermarket,15.159686,120.591934,"Pampanga, Pampanga",Pampanga,Central,(045) 961-0000 / 911,0,False,Commercial & Retail Supplies Hub,Commercial & Retail Establishment · photo
Catholic Church,government,14.808482,120.944656,"Pampanga, Pampanga",Pampanga,Central,(045) 961-0000 / 911,0,False,"Municipal, Civic & Landmark Building",Public Infrastructure & Community Landmark
Army Navy,supermarket,14.82121,120.92423,"Pampanga, Pampanga",Pampanga,Central,(045) 961-0000 / 911,0,False,Commercial & Retail Supplies Hub,Commercial & Retail Establishment · fast_food
Chowking,supermarket,14.821429,120.924039,"Pampanga, Pampanga",Pampanga,Central,(045) 961-0000 / 911,0,False,Commercial & Retail Supplies Hub,Commercial & Retail Establishment · fast_food
McDonald's,supermarket,14.821561,120.923744,"Pampanga, Pampanga",Pampanga,Central,(045) 961-0000 / 911,0,False,Commercial & Retail Supplies Hub,Commercial & Retail Establishment · fast_food
Dimsum,supermarket,14.821444,120.923449,"Pampanga, Pampanga",Pampanga,Central,(045) 961-0000 / 911,0,False,Commercial & Retail Supplies Hub,Commercial & Retail Establishment · restaurant
San Miguel Food Avenue,supermarket,14.821724,120.923525,"Pampanga, Pampanga",Pampanga,Central,(045) 961-0000 / 911,0,False,Commercial & Retail Supplies Hub,Commercial & Retail Establishment · convenience
Service,supermarket,14.821071,120.924205,"Pampanga, Pampanga",Pampanga,Central,(045) 961-0000 / 911,0,False,Commercial & Retail Supplies Hub,Commercial & Retail Establishment · car_repair
Chowking,supermarket,14.830969,120.909169,"Pampanga, Pampanga",Pampanga,Central,(045) 961-0000 / 911,0,False,Commercial & Retail Supplies Hub,Commercial & Retail Establishment · fast_food
Starbucks,supermarket,14.831116,120.909011,"Pampanga, Pampanga",Pampanga,Central,(045) 961-0000 / 911,0,False,Commercial & Retail Supplies Hub,Commercial & Retail Establishment · cafe
Shell Select,supermarket,14.831139,120.908815,"Pampanga, Pampanga",Pampanga,Central,(045) 961-0000 / 911,0,False,Commercial & Retail Supplies Hub,Commercial & Retail Establishment · convenience
Jollibee,supermarket,14.831157,120.908603,"Pampanga, Pampanga",Pampanga,Central,(045) 961-0000 / 911,0,False,Commercial & Retail Supplies Hub,Commercial & Retail Establishment · fast_food
KFC,supermarket,14.830996,120.908361,"Pampanga, Pampanga",Pampanga,Central,(045) 961-0000 / 911,0,False,Commercial & Retail Supplies Hub,Commercial & Retail Establishment · fast_food
Pizza Hut,supermarket,14.830875,120.908236,"Pampanga, Pampanga",Pampanga,Central,(045) 961-0000 / 911,0,False,Commercial & Retail Supplies Hub,Commercial & Retail Establishment · restaurant
Dairy Queen,government,14.83112,120.908541,"Pampanga, Pampanga",Pampanga,Central,(045) 961-0000 / 911,0,False,"Municipal, Civic & Landmark Building",Public Infrastructure & Community Landmark
Cinnabon,supermarket,14.830942,120.908136,"Pampanga, Pampanga",Pampanga,Central,(045) 961-0000 / 911,0,False,Commercial & Retail Supplies Hub,Commercial & Retail Establishment · fast_food
"Lighthouse Bible Baptist Church - Pulilan, Bulacan Congregation",government,14.904673,120.866108,"Pulilan, Pampanga",Pulilan,Central,+63 918 3108429;+63 9226944676,0,False,"Municipal, Civic & Landmark Building",Public Infrastructure & Community Landmark
Car_repair Store,supermarket,15.048545,120.696256,"Pampanga, Pampanga",Pampanga,Central,(045) 961-0000 / 911,0,False,Commercial & Retail Supplies Hub,Commercial & Retail Establishment · car_repair
Department Store,supermarket,15.048558,120.696736,"Pampanga, Pampanga",Pampanga,Central,(045) 961-0000 / 911,0,False,Commercial & Retail Supplies Hub,Commercial & Retail Establishment · department_store
Mercury Drug,pharmacy,15.048809,120.697662,"Pampanga, Pampanga",Pampanga,Central,(045) 961-0000 / 911,0,False,Pharmacy & Medical Supplies,"First-Aid, Essential Medications & Antibiotics"
Robinson Cinemas,government,15.049257,120.698024,"Pampanga, Pampanga",Pampanga,Central,(045) 961-0000 / 911,0,False,"Municipal, Civic & Landmark Building",Public Infrastructure & Community Landmark
BPI,supermarket,15.049547,120.698431,"Pampanga, Pampanga",Pampanga,Central,(045) 961-0000 / 911,0,False,Commercial & Retail Supplies Hub,Commercial & Retail Establishment · bank
Razon,supermarket,15.049721,120.698362,"Pampanga, Pampanga",Pampanga,Central,(045) 961-0000 / 911,0,False,Commercial & Retail Supplies Hub,Commercial & Retail Establishment · restaurant
Handyman,supermarket,15.05064,120.698914,"Pampanga, Pampanga",Pampanga,Central,(045) 961-0000 / 911,0,False,Commercial & Retail Supplies Hub,Commercial & Retail Establishment · doityourself
Robinson's Appliances,supermarket,15.050376,120.698917,"Pampanga, Pampanga",Pampanga,Central,(045) 961-0000 / 911,0,False,Commercial & Retail Supplies Hub,Commercial & Retail Establishment · hifi
Robinsons Supermarket,supermarket,15.05014,120.698946,"Pampanga, Pampanga",Pampanga,Central,(045) 961-0000 / 911,0,False,Commercial & Retail Supplies Hub,Commercial & Retail Establishment · supermarket
Chowking,supermarket,15.050327,120.698219,"Pampanga, Pampanga",Pampanga,Central,(045) 961-0000 / 911,0,False,Commercial & Retail Supplies Hub,Commercial & Retail Establishment · fast_food
Activity Center,government,15.049925,120.698249,"Pampanga, Pampanga",Pampanga,Central,(045) 961-0000 / 911,0,False,"Municipal, Civic & Landmark Building",Public Infrastructure & Community Landmark
Jollibee,supermarket,15.049723,120.697731,"Pampanga, Pampanga",Pampanga,Central,(045) 961-0000 / 911,0,False,Commercial & Retail Supplies Hub,Commercial & Retail Establishment · fast_food
Greenwich,supermarket,15.04985,120.697581,"Pampanga, Pampanga",Pampanga,Central,(045) 961-0000 / 911,0,False,Commercial & Retail Supplies Hub,Commercial & Retail Establishment · fast_food
Cabalen,supermarket,15.0497,120.697275,"Pampanga, Pampanga",Pampanga,Central,(045) 961-0000 / 911,0,False,Commercial & Retail Supplies Hub,Commercial & Retail Establishment · restaurant
Pizza Hut,supermarket,15.049604,120.697399,"Pampanga, Pampanga",Pampanga,Central,(045) 961-0000 / 911,0,False,Commercial & Retail Supplies Hub,Commercial & Retail Establishment · restaurant
Food Center,government,15.048941,120.696725,"Pampanga, Pampanga",Pampanga,Central,(045) 961-0000 / 911,0,False,"Municipal, Civic & Landmark Building",Public Infrastructure & Community Landmark
Congo Grill,supermarket,15.049065,120.697039,"Pampanga, Pampanga",Pampanga,Central,(045) 961-0000 / 911,0,False,Commercial & Retail Supplies Hub,Commercial & Retail Establishment · restaurant
Treats,supermarket,15.094353,120.670373,"North Luzon Expressway, Mexico, Pampanga",Mexico,Central,(045) 961-0000 / 911,0,False,Commercial & Retail Supplies Hub,Commercial & Retail Establishment · convenience
McDonald's,supermarket,15.095208,120.669815,"Pampanga, Pampanga",Pampanga,Central,(045) 961-0000 / 911,0,False,Commercial & Retail Supplies Hub,Commercial & Retail Establishment · fast_food
First Stop 30min Top up -gas,government,15.094801,120.669801,"Pampanga, Pampanga",Pampanga,Central,(045) 961-0000 / 911,0,False,"Municipal, Civic & Landmark Building",Public Infrastructure & Community Landmark
Barneys Burger Bar + Kitchen,supermarket,15.034875,120.674499,"Pampanga, Pampanga",Pampanga,Central,(045) 961-0000 / 911,0,False,Commercial & Retail Supplies Hub,Commercial & Retail Establishment · restaurant
EMD555 Car Center,supermarket,15.035127,120.67455,"Pampanga, Pampanga",Pampanga,Central,(045) 961-0000 / 911,0,False,Commercial & Retail Supplies Hub,Commercial & Retail Establishment · car_repair
Capampangan Island Grill Restaurant,supermarket,15.068185,120.648644,"Pampanga, Pampanga",Pampanga,Central,(045) 961-0000 / 911,0,False,Commercial & Retail Supplies Hub,Commercial & Retail Establishment · restaurant
A La Creme Cakeshop & Cafe,supermarket,15.146399,120.594593,"Pampanga, Pampanga",Pampanga,Central,+63 45 888 2303,0,False,Commercial & Retail Supplies Hub,Commercial & Retail Establishment · restaurant
Ristorante Al Bacio,supermarket,15.165957,120.580873,"Pampanga, Pampanga",Pampanga,Central,(045) 961-0000 / 911,0,False,Commercial & Retail Supplies Hub,Commercial & Retail Establishment · restaurant
Aling Lucing's Sisig,supermarket,15.147581,120.589787,"Pampanga, Pampanga",Pampanga,Central,(045) 961-0000 / 911,0,False,Commercial & Retail Supplies Hub,Commercial & Retail Establishment · restaurant
Aling Viring Special Lechon,supermarket,15.145339,120.596984,"Pampanga, Pampanga",Pampanga,Central,(045) 961-0000 / 911,0,False,Commercial & Retail Supplies Hub,Commercial & Retail Establishment · restaurant
Peking House,supermarket,15.163672,120.588911,"Pampanga, Pampanga",Pampanga,Central,+63 45 322 7454,0,False,Commercial & Retail Supplies Hub,Commercial & Retail Establishment · restaurant
Bacolod Chicken Inasal,supermarket,15.168079,120.581814,"Pampanga, Pampanga",Pampanga,Central,+63 45 499 0312,0,False,Commercial & Retail Supplies Hub,Commercial & Retail Establishment · restaurant
The Hangout Plus,government,15.165912,120.570872,"Don Juico Avenue, Pampanga, Pampanga",Pampanga,Central,(045) 961-0000 / 911,0,False,"Municipal, Civic & Landmark Building",Public Infrastructure & Community Landmark
Shanghai Palace Restaurant,supermarket,15.163003,120.590718,"Pampanga, Pampanga",Pampanga,Central,(045) 961-0000 / 911,0,False,Commercial & Retail Supplies Hub,Commercial & Retail Establishment · restaurant
Pizza Hut,supermarket,15.174439,120.589031,"Pampanga, Pampanga",Pampanga,Central,(045) 961-0000 / 911,0,False,Commercial & Retail Supplies Hub,Commercial & Retail Establishment · restaurant
China Jade Seafood and Dimsum House,supermarket,15.135296,120.587029,"Pampanga, Pampanga",Pampanga,Central,+63 45 888 5178,0,False,Commercial & Retail Supplies Hub,Commercial & Retail Establishment · restaurant
Cindy's Bakery & Restaurant,supermarket,15.133475,120.564324,"Pampanga, Pampanga",Pampanga,Central,+63 45 982 9222,0,False,Commercial & Retail Supplies Hub,Commercial & Retail Establishment · restaurant
DC Market Grill,supermarket,15.162286,120.554935,"Pampanga, Pampanga",Pampanga,Central,(045) 961-0000 / 911,0,False,Commercial & Retail Supplies Hub,Commercial & Retail Establishment · restaurant
Dainty China House,supermarket,15.139744,120.587448,"Angeles, Pampanga",Angeles,Central,+6345 8875380;+6345 8883584,0,False,Commercial & Retail Supplies Hub,Commercial & Retail Establishment · restaurant
Dr. Pearl Cooler Shop,supermarket,15.135623,120.589021,"Dalan Santo Rosario, Pampanga, Pampanga",Pampanga,Central,(045) 961-0000 / 911,0,False,Commercial & Retail Supplies Hub,Commercial & Retail Establishment · fast_food
Myrnaki,supermarket,15.16509,120.571838,"Pampanga, Pampanga",Pampanga,Central,(045) 961-0000 / 911,0,False,Commercial & Retail Supplies Hub,Commercial & Retail Establishment · restaurant
Everybody's Cafe,supermarket,15.135517,120.587715,"Pampanga, Pampanga",Pampanga,Central,(045) 961-0000 / 911,0,False,Commercial & Retail Supplies Hub,Commercial & Retail Establishment · cafe
Gerry's Grill,supermarket,15.167653,120.579681,"Pampanga, Pampanga",Pampanga,Central,(045) 961-0000 / 911,0,False,Commercial & Retail Supplies Hub,Commercial & Retail Establishment · restaurant
Giligan's Island Restaurant and Bar,supermarket,15.163451,120.609874,"Pampanga, Pampanga",Pampanga,Central,(045) 961-0000 / 911,0,False,Commercial & Retail Supplies Hub,Commercial & Retail Establishment · restaurant
House of Bamboo,supermarket,15.160351,120.59266,"Pampanga, Pampanga",Pampanga,Central,+63 45 322 9246,0,False,Commercial & Retail Supplies Hub,Commercial & Retail Establishment · restaurant
Hungry Juan Roast Barbecue,supermarket,15.136027,120.587946,"Pampanga, Pampanga",Pampanga,Central,(045) 961-0000 / 911,0,False,Commercial & Retail Supplies Hub,Commercial & Retail Establishment · restaurant
Hyun Jeong Korean Restaurant,supermarket,15.158452,120.558867,"Pampanga, Pampanga",Pampanga,Central,(045) 961-0000 / 911,0,False,Commercial & Retail Supplies Hub,Commercial & Retail Establishment · restaurant
Ikabud,supermarket,15.163441,120.610917,"Pampanga, Pampanga",Pampanga,Central,(045) 961-0000 / 911,0,False,Commercial & Retail Supplies Hub,Commercial & Retail Establishment · restaurant
Jun-Jun's Restaurant,supermarket,15.15962,120.556367,"Friendship Highway, Pampanga, Pampanga",Pampanga,Central,+63 45 625 6556,0,False,Commercial & Retail Supplies Hub,Commercial & Retail Establishment · restaurant
KM 86 Restaurant and Banquet Hall,supermarket,15.158354,120.591437,"Pampanga, Pampanga",Pampanga,Central,+6345 322 7927,0,False,Commercial & Retail Supplies Hub,Commercial & Retail Establishment · restaurant
Kenny Rogers Roasters,supermarket,15.167908,120.581057,"Pampanga, Pampanga",Pampanga,Central,(045) 961-0000 / 911,0,False,Commercial & Retail Supplies Hub,Commercial & Retail Establishment · restaurant
Mamasuk Pamangan Kapampangan,supermarket,15.150734,120.5924,"Pampanga, Pampanga",Pampanga,Central,(045) 961-0000 / 911,0,False,Commercial & Retail Supplies Hub,Commercial & Retail Establishment · restaurant
Mang Inasal,supermarket,15.149826,120.593205,"Pampanga, Pampanga",Pampanga,Central,(045) 961-0000 / 911,0,False,Commercial & Retail Supplies Hub,Commercial & Retail Establishment · fast_food
Max's Restaurant,supermarket,15.167759,120.579577,"Pampanga, Pampanga",Pampanga,Central,(045) 961-0000 / 911,0,False,Commercial & Retail Supplies Hub,Commercial & Retail Establishment · restaurant
Mexican Chicken,supermarket,15.125307,120.584922,"Pampanga, Pampanga",Pampanga,Central,+63 45 625 6654,0,False,Commercial & Retail Supplies Hub,Commercial & Retail Establishment · restaurant
Niji Japanese Restaurant,supermarket,15.165103,120.559026,"Pampanga, Pampanga",Pampanga,Central,(045) 961-0000 / 911,0,False,Commercial & Retail Supplies Hub,Commercial & Retail Establishment · restaurant
Pacquit's Eatery,supermarket,15.142731,120.589724,"Pampanga, Pampanga",Pampanga,Central,+63 45 888 1125,0,False,Commercial & Retail Supplies Hub,Commercial & Retail Establishment · restaurant
Panorama Restaurant,supermarket,15.166192,120.563824,"Pampanga, Pampanga",Pampanga,Central,(045) 961-0000 / 911,0,False,Commercial & Retail Supplies Hub,Commercial & Retail Establishment · restaurant
Pioneer,supermarket,15.16815,120.580524,"Pampanga, Pampanga",Pampanga,Central,(045) 961-0000 / 911,0,False,Commercial & Retail Supplies Hub,Commercial & Retail Establishment · restaurant
Red Kimono Modern Japanese Cuisine,supermarket,15.163419,120.610359,"Pampanga, Pampanga",Pampanga,Central,(045) 961-0000 / 911,0,False,Commercial & Retail Supplies Hub,Commercial & Retail Establishment · restaurant
Reyes Barbecue,supermarket,15.167839,120.580732,"Pampanga, Pampanga",Pampanga,Central,(045) 961-0000 / 911,0,False,Commercial & Retail Supplies Hub,Commercial & Retail Establishment · restaurant
Sbarro,supermarket,15.167909,120.581299,"Pampanga, Pampanga",Pampanga,Central,(045) 961-0000 / 911,0,False,Commercial & Retail Supplies Hub,Commercial & Retail Establishment · fast_food
Lui Ji's Restaurant,supermarket,15.159307,120.556992,"Pampanga, Pampanga",Pampanga,Central,(045) 961-0000 / 911,0,False,Commercial & Retail Supplies Hub,Commercial & Retail Establishment · restaurant
Shinbi,supermarket,15.161885,120.555546,"Pampanga, Pampanga",Pampanga,Central,+63 45 625 6875,0,False,Commercial & Retail Supplies Hub,Commercial & Retail Establishment · restaurant
TGI Fridays,supermarket,15.163458,120.610617,"Pampanga, Pampanga",Pampanga,Central,(045) 961-0000 / 911,0,False,Commercial & Retail Supplies Hub,Commercial & Retail Establishment · restaurant
Taipan Garden Restaurant,supermarket,15.140712,120.589202,"Pampanga, Pampanga",Pampanga,Central,(045) 961-0000 / 911,0,False,Commercial & Retail Supplies Hub,Commercial & Retail Establishment · restaurant
Patchawaran,supermarket,15.161459,120.581178,"Pampanga, Pampanga",Pampanga,Central,(045) 961-0000 / 911,0,False,Commercial & Retail Supplies Hub,Commercial & Retail Establishment · restaurant
Villa Santol,supermarket,15.165144,120.587054,"Pampanga, Pampanga",Pampanga,Central,+63 919 220 1143,0,False,Commercial & Retail Supplies Hub,Commercial & Retail Establishment · restaurant
Wanjai Thai Cuisine,supermarket,15.16465,120.558632,"Pampanga, Pampanga",Pampanga,Central,+63 919 390 4380,0,False,Commercial & Retail Supplies Hub,Commercial & Retail Establishment · restaurant
Wishing Well,supermarket,15.160208,120.592395,"Pampanga, Pampanga",Pampanga,Central,(045) 961-0000 / 911,0,False,Commercial & Retail Supplies Hub,Commercial & Retail Establishment · restaurant
Wok,supermarket,15.16347,120.590397,"Pampanga, Pampanga",Pampanga,Central,(045) 961-0000 / 911,0,False,Commercial & Retail Supplies Hub,Commercial & Retail Establishment · restaurant
Yats Restaurant and Wine Bar,supermarket,15.180831,120.517265,"Pampanga, Pampanga",Pampanga,Central,+63 45 599 5600,0,False,Commercial & Retail Supplies Hub,Commercial & Retail Establishment · restaurant
Yu Fu In Japanese Restaurant,supermarket,15.169073,120.586026,"Angeles, Pampanga",Angeles,Central,+63 45 625 5537,0,False,Commercial & Retail Supplies Hub,Commercial & Retail Establishment · restaurant
Dara Falls,government,15.065951,120.52652,"Pampanga, Pampanga",Pampanga,Central,(045) 961-0000 / 911,0,False,"Municipal, Civic & Landmark Building",Public Infrastructure & Community Landmark
Honda Motorcycles,supermarket,15.342626,120.593821,"Pampanga, Pampanga",Pampanga,Central,(045) 961-0000 / 911,0,False,Commercial & Retail Supplies Hub,Commercial & Retail Establishment · motorcycle
Uncle John's,supermarket,15.051112,120.698674,"Jose Abad Santos Avenue, Pampanga, Pampanga",Pampanga,Central,(045) 961-0000 / 911,0,False,Commercial & Retail Supplies Hub,Commercial & Retail Establishment · convenience
Jollibee,supermarket,15.030228,120.715701,"North Luzon Expressway, San Fernando, Pampanga",San Fernando,Central,(045) 961-0000 / 911,0,False,Commercial & Retail Supplies Hub,Commercial & Retail Establishment · fast_food
Chowking,supermarket,14.850695,120.875124,"North Luzon Expressway, Guiguinto, Pampanga",Guiguinto,Central,(045) 961-0000 / 911,0,False,Commercial & Retail Supplies Hub,Commercial & Retail Establishment · fast_food
Dairy Queen,supermarket,14.850826,120.875652,"North Luzon Expressway, Guiguinto, Pampanga",Guiguinto,Central,(045) 961-0000 / 911,0,False,Commercial & Retail Supplies Hub,Commercial & Retail Establishment · deli
Giordano Outlet,supermarket,14.850757,120.87505,"North Luzon Expressway, Guiguinto, Pampanga",Guiguinto,Central,(045) 961-0000 / 911,0,False,Commercial & Retail Supplies Hub,Commercial & Retail Establishment · clothes
Mang Inasal,supermarket,14.850644,120.875187,"North Luzon Expressway, Guiguinto, Pampanga",Guiguinto,Central,(045) 961-0000 / 911,0,False,Commercial & Retail Supplies Hub,Commercial & Retail Establishment · fast_food
Shell Select,supermarket,14.85091,120.874817,"North Luzon Expressway, Guiguinto, Pampanga",Guiguinto,Central,(045) 961-0000 / 911,0,False,Commercial & Retail Supplies Hub,Commercial & Retail Establishment · convenience
Starbucks,supermarket,14.850585,120.875281,"North Luzon Expressway, Guiguinto, Pampanga",Guiguinto,Central,(045) 961-0000 / 911,0,False,Commercial & Retail Supplies Hub,Commercial & Retail Establishment · cafe
Bataan - Pampanga Provincial Boundary,government,14.870542,120.499973,"Pampanga, Pampanga",Pampanga,Central,(045) 961-0000 / 911,0,False,"Municipal, Civic & Landmark Building",Public Infrastructure & Community Landmark
Laundry Shop,supermarket,15.019577,120.703382,"Pampanga, Pampanga",Pampanga,Central,(045) 961-0000 / 911,0,False,Commercial & Retail Supplies Hub,Commercial & Retail Establishment · laundry
Pampanga EENT and General Hospital,hospital,15.021254,120.699339,"MacArthur Highway, Pampanga, Pampanga",Pampanga,Central,(045) 961-0000 / 911,120,True,Tertiary / General Hospital,120 Beds · Trauma ER Active · Hotline: (045) 961-0000 / 911
St. Anthony Drug,pharmacy,15.028185,120.69404,"Pampanga, Pampanga",Pampanga,Central,(045) 961-0000 / 911,0,False,Pharmacy & Medical Supplies,"First-Aid, Essential Medications & Antibiotics"
Munoz Clinic,hospital,15.019703,120.700201,"Pampanga, Pampanga",Pampanga,Central,(045) 961-0000 / 911,20,False,Primary Health Clinic / RHU,20 Beds · Hotline: (045) 961-0000 / 911
Dolby Electronic Shop,supermarket,15.02596,120.694793,"General Hizon Avenue, Pampanga, Pampanga",Pampanga,Central,(045) 961-0000 / 911,0,False,Commercial & Retail Supplies Hub,Commercial & Retail Establishment · hifi
DMSF Auto Supply,supermarket,15.025885,120.694877,"General Hizon Avenue, Pampanga, Pampanga",Pampanga,Central,(045) 961-0000 / 911,0,False,Commercial & Retail Supplies Hub,Commercial & Retail Establishment · car_parts
Eternity Hardware,supermarket,15.025922,120.694831,"General Hizon Avenue, Pampanga, Pampanga",Pampanga,Central,(045) 961-0000 / 911,0,False,Commercial & Retail Supplies Hub,Commercial & Retail Establishment · hardware
Ver Auto Supply,supermarket,15.025833,120.694936,"General Hizon Avenue, Pampanga, Pampanga",Pampanga,Central,(045) 961-0000 / 911,0,False,Commercial & Retail Supplies Hub,Commercial & Retail Establishment · car_parts
RBA,supermarket,15.033825,120.686749,"Pampanga, Pampanga",Pampanga,Central,(045) 961-0000 / 911,0,False,Commercial & Retail Supplies Hub,Commercial & Retail Establishment · bank
PNB,supermarket,15.033793,120.686794,"MacArthur Highway, San Fernando, Pampanga",San Fernando,Central,(045) 961-0000 / 911,0,False,Commercial & Retail Supplies Hub,Commercial & Retail Establishment · bank
Bretto's Deli & Meatshop,supermarket,15.165798,120.571444,"Don Juico Avenue, Pampanga, Pampanga",Pampanga,Central,(045) 961-0000 / 911,0,False,Commercial & Retail Supplies Hub,Commercial & Retail Establishment · restaurant
Patco Bibingka,supermarket,14.969967,120.618939,"Pampanga, Pampanga",Pampanga,Central,(045) 961-0000 / 911,0,False,Commercial & Retail Supplies Hub,Commercial & Retail Establishment · restaurant
Rain Store,supermarket,14.951605,120.602629,"Pampanga, Pampanga",Pampanga,Central,(045) 961-0000 / 911,0,False,Commercial & Retail Supplies Hub,Commercial & Retail Establishment · convenience
Uncle John's,supermarket,15.177165,120.528877,"Jose Abad Santos Avenue, Pampanga, Pampanga",Pampanga,Central,(045) 961-0000 / 911,0,False,Commercial & Retail Supplies Hub,Commercial & Retail Establishment · convenience
RCBC,supermarket,15.177202,120.528974,"Pampanga, Pampanga",Pampanga,Central,(045) 961-0000 / 911,0,False,Commercial & Retail Supplies Hub,Commercial & Retail Establishment · bank
Mimosa Laundry,government,15.184681,120.536167,"Pampanga, Pampanga",Pampanga,Central,(045) 961-0000 / 911,0,False,"Municipal, Civic & Landmark Building",Public Infrastructure & Community Landmark
Taxi Terminal,government,15.186856,120.547849,"Pampanga, Pampanga",Pampanga,Central,(045) 961-0000 / 911,0,False,"Municipal, Civic & Landmark Building",Public Infrastructure & Community Landmark
M Lhuillier,supermarket,15.02669,120.693941,"General Hizon Avenue, San Fernando, Pampanga",San Fernando,Central,(045) 961-0000 / 911,0,False,Commercial & Retail Supplies Hub,Commercial & Retail Establishment · pawnbroker
Fortune Car Accesories,supermarket,15.025971,120.69511,"Pampanga, Pampanga",Pampanga,Central,(045) 961-0000 / 911,0,False,Commercial & Retail Supplies Hub,Commercial & Retail Establishment · car_repair
Eagle Calibration,supermarket,15.024507,120.696118,"Pampanga, Pampanga",Pampanga,Central,(045) 961-0000 / 911,0,False,Commercial & Retail Supplies Hub,Commercial & Retail Establishment · car_repair
Akimson Hardware,supermarket,15.025781,120.694987,"General Hizon Avenue, Pampanga, Pampanga",Pampanga,Central,(045) 961-0000 / 911,0,False,Commercial & Retail Supplies Hub,Commercial & Retail Establishment · hardware
Pampanga Development Bank,supermarket,15.034499,120.685805,"Pampanga, Pampanga",Pampanga,Central,(045) 961-0000 / 911,0,False,Commercial & Retail Supplies Hub,Commercial & Retail Establishment · bank
Holiday Inn Car Park,government,15.182646,120.522877,"Pampanga, Pampanga",Pampanga,Central,(045) 961-0000 / 911,0,False,"Municipal, Civic & Landmark Building",Public Infrastructure & Community Landmark
Lohas Hotel,government,15.175963,120.515546,"Pampanga, Pampanga",Pampanga,Central,(045) 961-0000 / 911,0,False,"Municipal, Civic & Landmark Building",Public Infrastructure & Community Landmark
Belen's Special Sisig Eatery,supermarket,15.13258,120.597412,"Pampanga, Pampanga",Pampanga,Central,(045) 961-0000 / 911,0,False,Commercial & Retail Supplies Hub,Commercial & Retail Establishment · restaurant
Mang Inasal,supermarket,15.048682,120.666324,"Pampanga, Pampanga",Pampanga,Central,(045) 961-0000 / 911,0,False,Commercial & Retail Supplies Hub,Commercial & Retail Establishment · fast_food
Mercury Drug,pharmacy,15.048773,120.66642,"Pampanga, Pampanga",Pampanga,Central,(045) 961-0000 / 911,0,False,Pharmacy & Medical Supplies,"First-Aid, Essential Medications & Antibiotics"
Shakey's,supermarket,15.048611,120.666378,"Pampanga, Pampanga",Pampanga,Central,(045) 961-0000 / 911,0,False,Commercial & Retail Supplies Hub,Commercial & Retail Establishment · restaurant
Jollibee,supermarket,15.048454,120.666468,"Pampanga, Pampanga",Pampanga,Central,(045) 961-0000 / 911,0,False,Commercial & Retail Supplies Hub,Commercial & Retail Establishment · fast_food
Hug & I Laudry Shop,supermarket,15.03331,120.696783,"Pampanga, Pampanga",Pampanga,Central,(045) 961-0000 / 911,0,False,Commercial & Retail Supplies Hub,Commercial & Retail Establishment · laundry
Abe,government,15.227059,120.705725,"Pampanga, Pampanga",Pampanga,Central,(045) 961-0000 / 911,0,False,"Municipal, Civic & Landmark Building",Public Infrastructure & Community Landmark
JDMechanics,government,15.029702,120.676267,"Pampanga, Pampanga",Pampanga,Central,(045) 961-0000 / 911,0,False,"Municipal, Civic & Landmark Building",Public Infrastructure & Community Landmark
Hen-Lin,supermarket,14.831039,120.908391,"Pampanga, Pampanga",Pampanga,Central,(045) 961-0000 / 911,0,False,Commercial & Retail Supplies Hub,Commercial & Retail Establishment · restaurant
Kenny Rogers;Chatime,government,14.831013,120.908962,"Pampanga, Pampanga",Pampanga,Central,(045) 961-0000 / 911,0,False,"Municipal, Civic & Landmark Building",Public Infrastructure & Community Landmark
Max's Restaurant,supermarket,14.820945,120.9235,"Pampanga, Pampanga",Pampanga,Central,(045) 961-0000 / 911,0,False,Commercial & Retail Supplies Hub,Commercial & Retail Establishment · restaurant
KFC,supermarket,14.821521,120.923934,"Pampanga, Pampanga",Pampanga,Central,(045) 961-0000 / 911,0,False,Commercial & Retail Supplies Hub,Commercial & Retail Establishment · fast_food
Drive-through Car Wash,government,14.821285,120.92319,"Pampanga, Pampanga",Pampanga,Central,(045) 961-0000 / 911,0,False,"Municipal, Civic & Landmark Building",Public Infrastructure & Community Landmark
GT Oil San Roque Cabiao ,gas_station,15.245125,120.85653,"Pampanga, Pampanga",Pampanga,Central,(045) 961-0000 / 911,0,False,Gas Station Station,Gasoline & Diesel Fuel · Gas Station
Seinpost Hotel,government,15.163943,120.576582,"Rizal Street, Angeles City, Pampanga",Angeles City,Central,+63 45 624 0208,0,False,"Municipal, Civic & Landmark Building",Public Infrastructure & Community Landmark
Orin's Fast Food,supermarket,15.323695,120.651482,"Pampanga, Pampanga",Pampanga,Central,(045) 961-0000 / 911,0,False,Commercial & Retail Supplies Hub,Commercial & Retail Establishment · fast_food
Feeds & Agro Industrial Store,supermarket,15.011799,120.532313,"Pampanga, Pampanga",Pampanga,Central,(045) 961-0000 / 911,0,False,Commercial & Retail Supplies Hub,Commercial & Retail Establishment · garden_centre
Miracle United Methodist Church,government,14.98543,120.539166,"Pampanga, Pampanga",Pampanga,Central,(045) 961-0000 / 911,0,False,"Municipal, Civic & Landmark Building",Public Infrastructure & Community Landmark
Valdez Barangay Hall,government,14.98552,120.537474,"Pampanga, Pampanga",Pampanga,Central,(045) 961-0000 / 911,0,False,"Municipal, Civic & Landmark Building",Public Infrastructure & Community Landmark
Lito Layug Dental Laboratory,government,14.962761,120.626668,"Pampanga, Pampanga",Pampanga,Central,(045) 961-0000 / 911,0,False,"Municipal, Civic & Landmark Building",Public Infrastructure & Community Landmark
E-May Store,supermarket,14.976007,120.643346,"Pampanga, Pampanga",Pampanga,Central,(045) 961-0000 / 911,0,False,Commercial & Retail Supplies Hub,Commercial & Retail Establishment · convenience
Zion Christian Community Church,government,14.882637,120.729468,"Pampanga, Pampanga",Pampanga,Central,(045) 961-0000 / 911,0,False,"Municipal, Civic & Landmark Building",Public Infrastructure & Community Landmark
CGE Construction Supply,supermarket,14.874549,120.862517,"Pampanga, Pampanga",Pampanga,Central,(045) 961-0000 / 911,0,False,Commercial & Retail Supplies Hub,Commercial & Retail Establishment · trade
H&W Deli,supermarket,15.160453,120.556359,"Pampanga, Pampanga",Pampanga,Central,(045) 961-0000 / 911,0,False,Commercial & Retail Supplies Hub,Commercial & Retail Establishment · deli
Iglesia Ni Cristo,government,14.837349,120.735497,"Pampanga, Pampanga",Pampanga,Central,(045) 961-0000 / 911,0,False,"Municipal, Civic & Landmark Building",Public Infrastructure & Community Landmark
Swimming pool,government,14.971183,120.634904,"Pampanga, Pampanga",Pampanga,Central,(045) 961-0000 / 911,0,False,"Municipal, Civic & Landmark Building",Public Infrastructure & Community Landmark
Convenience Store,supermarket,14.847003,120.425469,"Pampanga, Pampanga",Pampanga,Central,(045) 961-0000 / 911,0,False,Commercial & Retail Supplies Hub,Commercial & Retail Establishment · convenience
Convenience Store,supermarket,14.847023,120.425628,"Pampanga, Pampanga",Pampanga,Central,(045) 961-0000 / 911,0,False,Commercial & Retail Supplies Hub,Commercial & Retail Establishment · convenience
Cabanas Cinema,government,14.875273,120.798479,"Pampanga, Pampanga",Pampanga,Central,(045) 961-0000 / 911,0,False,"Municipal, Civic & Landmark Building",Public Infrastructure & Community Landmark
7-Eleven,supermarket,14.874771,120.797051,"Provence Boulevard, Pampanga, Pampanga",Pampanga,Central,(045) 961-0000 / 911,0,False,Commercial & Retail Supplies Hub,Commercial & Retail Establishment · convenience
Shakey's,supermarket,14.839427,120.857383,"MacArthur Highway, Malolos, Pampanga",Malolos,Central,(045) 961-0000 / 911,0,False,Commercial & Retail Supplies Hub,Commercial & Retail Establishment · restaurant
Uncle John's,supermarket,14.836583,120.78764,"Paombong Provincial Road, Pampanga, Pampanga",Pampanga,Central,(045) 961-0000 / 911,0,False,Commercial & Retail Supplies Hub,Commercial & Retail Establishment · convenience
Uncle John's,supermarket,14.835471,120.733215,"M. H. del Pilar Street, Pampanga, Pampanga",Pampanga,Central,(045) 961-0000 / 911,0,False,Commercial & Retail Supplies Hub,Commercial & Retail Establishment · convenience
Center for Kapampangan Studies Museum,government,15.133148,120.58982,"Pampanga, Pampanga",Pampanga,Central,(045) 961-0000 / 911,0,False,"Municipal, Civic & Landmark Building",Public Infrastructure & Community Landmark
Bulacan Polytechnic College,school,14.866506,120.806847,"Pampanga, Pampanga",Pampanga,Central,(045) 961-0000 / 911,0,False,Evacuation Shelter / Education Facility,High-Ground Evacuation Shelter · Relief Goods Depot
Maunlad Mall 1,supermarket,14.843197,120.813551,"Pampanga, Pampanga",Pampanga,Central,(045) 961-0000 / 911,0,False,Commercial & Retail Supplies Hub,Commercial & Retail Establishment · department_store
Orani Police Station 2,police,14.801726,120.537233,"Pampanga, Pampanga",Pampanga,Central,117 / 911,0,False,Police Station / Law Enforcement,24/7 Security & Search and Rescue Standby
Orani Post Office,government,14.802369,120.536731,"Orani, Pampanga",Orani,Central,(045) 961-0000 / 911,0,False,"Municipal, Civic & Landmark Building",Public Infrastructure & Community Landmark
Yamaha Motorcycle Shop,supermarket,15.03327,120.687927,"Pampanga, Pampanga",Pampanga,Central,(045) 961-0000 / 911,0,False,Commercial & Retail Supplies Hub,Commercial & Retail Establishment · motorcycle
UK Resort,government,15.004261,120.778276,"Pampanga, Pampanga",Pampanga,Central,(045) 961-0000 / 911,0,False,"Municipal, Civic & Landmark Building",Public Infrastructure & Community Landmark
San Miguel Barangay Outpost,police,14.994354,120.781824,"Pampanga, Pampanga",Pampanga,Central,117 / 911,0,False,Police Station / Law Enforcement,24/7 Security & Search and Rescue Standby
San Simon Tricycle Terminal,government,14.980339,120.753235,"Pampanga, Pampanga",Pampanga,Central,(045) 961-0000 / 911,0,False,"Municipal, Civic & Landmark Building",Public Infrastructure & Community Landmark
Nepo - Sunset Orange Jeep Terminal,government,15.135337,120.586332,"Pampanga, Pampanga",Pampanga,Central,(045) 961-0000 / 911,0,False,"Municipal, Civic & Landmark Building",Public Infrastructure & Community Landmark
Korean House Restaurant,supermarket,15.182413,120.521508,"Pampanga, Pampanga",Pampanga,Central,(045) 961-0000 / 911,0,False,Commercial & Retail Supplies Hub,Commercial & Retail Establishment · restaurant
Koko Buri Korean Restaurant,supermarket,15.177076,120.528095,"Pampanga, Pampanga",Pampanga,Central,(045) 961-0000 / 911,0,False,Commercial & Retail Supplies Hub,Commercial & Retail Establishment · restaurant
Pampanga's Best Food Stop,supermarket,15.045171,120.690548,"Pampanga, Pampanga",Pampanga,Central,(045) 961-0000 / 911,0,False,Commercial & Retail Supplies Hub,Commercial & Retail Establishment · fast_food
Nona's Kitchen,supermarket,15.044831,120.691686,"Pampanga, Pampanga",Pampanga,Central,(045) 961-0000 / 911,0,False,Commercial & Retail Supplies Hub,Commercial & Retail Establishment · restaurant
Mount Malasimbo Resort,government,14.876258,120.437219,"Pampanga, Pampanga",Pampanga,Central,(045) 961-0000 / 911,0,False,"Municipal, Civic & Landmark Building",Public Infrastructure & Community Landmark
Philipine Postal Corporation,government,14.90847,120.715332,"Pampanga, Pampanga",Pampanga,Central,(045) 961-0000 / 911,0,False,"Municipal, Civic & Landmark Building",Public Infrastructure & Community Landmark
Bebe Anac Chapel,government,14.876851,120.707684,"Pampanga, Pampanga",Pampanga,Central,(045) 961-0000 / 911,0,False,"Municipal, Civic & Landmark Building",Public Infrastructure & Community Landmark
PTT Macabebe,gas_station,14.906099,120.716003,"Pampanga, Pampanga",Pampanga,Central,(045) 961-0000 / 911,0,False,Fuel Station,Gasoline & Diesel Fuel · Operational Fuel Point
Ina's Function Rooms,supermarket,14.914828,120.718768,"Pampanga, Pampanga",Pampanga,Central,(045) 961-0000 / 911,0,False,Commercial & Retail Supplies Hub,Commercial & Retail Establishment · restaurant
BDO,supermarket,14.953154,120.758403,"MacArthur Highway, Pampanga, Pampanga",Pampanga,Central,(045) 961-0000 / 911,0,False,Commercial & Retail Supplies Hub,Commercial & Retail Establishment · bank
Travel_agency Store,supermarket,15.32959,120.432203,"Pampanga, Pampanga",Pampanga,Central,(045) 961-0000 / 911,0,False,Commercial & Retail Supplies Hub,Commercial & Retail Establishment · travel_agency
Sandigan Realty,government,14.845832,120.860086,"Pampanga, Pampanga",Pampanga,Central,(045) 961-0000 / 911,0,False,"Municipal, Civic & Landmark Building",Public Infrastructure & Community Landmark
Colegio de Imaculada Concepcion,school,14.886738,120.899938,"Pampanga, Pampanga",Pampanga,Central,(045) 961-0000 / 911,0,False,Evacuation Shelter / Education Facility,High-Ground Evacuation Shelter · Relief Goods Depot
Jenra Mall Supermarket,supermarket,15.136103,120.587941,"Pampanga, Pampanga",Pampanga,Central,(045) 961-0000 / 911,0,False,Commercial & Retail Supplies Hub,Commercial & Retail Establishment · supermarket
BPI,supermarket,15.135622,120.587538,"Catalina Street, Pampanga, Pampanga",Pampanga,Central,(045) 961-0000 / 911,0,False,Commercial & Retail Supplies Hub,Commercial & Retail Establishment · bank
Robinson Supermarket,supermarket,15.134979,120.588504,"Pampanga, Pampanga",Pampanga,Central,(045) 961-0000 / 911,0,False,Commercial & Retail Supplies Hub,Commercial & Retail Establishment · supermarket
Robinsons Department Store,supermarket,15.135051,120.588276,"Pampanga, Pampanga",Pampanga,Central,(045) 961-0000 / 911,0,False,Commercial & Retail Supplies Hub,Commercial & Retail Establishment · department_store
Department of Trade and Industry,government,15.134237,120.587375,"Pampanga, Pampanga",Pampanga,Central,(045) 961-0000 / 911,0,False,"Municipal, Civic & Landmark Building",Public Infrastructure & Community Landmark
Lester's Auto Shop,supermarket,15.227297,120.662053,"Pampanga, Pampanga",Pampanga,Central,(045) 961-0000 / 911,0,False,Commercial & Retail Supplies Hub,Commercial & Retail Establishment · car_repair
Starbucks,supermarket,15.043031,120.675754,"MacArthur Highway, San Fernando, Pampanga",San Fernando,Central,(045) 961-0000 / 911,0,False,Commercial & Retail Supplies Hub,Commercial & Retail Establishment · cafe
Jollibee,supermarket,15.094344,120.76635,"Pampanga, Pampanga",Pampanga,Central,(045) 961-0000 / 911,0,False,Commercial & Retail Supplies Hub,Commercial & Retail Establishment · fast_food
BDO,supermarket,15.163635,120.591034,"MacArthur Highway, Pampanga, Pampanga",Pampanga,Central,(045) 961-0000 / 911,0,False,Commercial & Retail Supplies Hub,Commercial & Retail Establishment · bank
Pampanga Shooter's Firing Range,government,15.072688,120.659924,"Pampanga, Pampanga",Pampanga,Central,(045) 961-0000 / 911,0,False,"Municipal, Civic & Landmark Building",Public Infrastructure & Community Landmark
David Fuel Station,gas_station,14.994309,120.585112,"Pampanga, Pampanga",Pampanga,Central,(045) 961-0000 / 911,0,False,Fuel Station,Gasoline & Diesel Fuel · Operational Fuel Point
Samgyupsalamat,supermarket,15.07916,120.940975,"Pampanga, Pampanga",Pampanga,Central,(045) 961-0000 / 911,0,False,Commercial & Retail Supplies Hub,Commercial & Retail Establishment · restaurant
Kopi Kenyo,supermarket,15.082245,120.939946,"Cagayan Valley Road, Pampanga, Pampanga",Pampanga,Central,(045) 961-0000 / 911,0,False,Commercial & Retail Supplies Hub,Commercial & Retail Establishment · cafe
National Shrine of Virgen La Divina Pastora,government,15.313735,120.948913,"Pampanga, Pampanga",Pampanga,Central,(045) 961-0000 / 911,0,False,"Municipal, Civic & Landmark Building",Public Infrastructure & Community Landmark
Southstar Drug,pharmacy,15.311185,120.947979,"Pampanga, Pampanga",Pampanga,Central,(045) 961-0000 / 911,0,False,Pharmacy & Medical Supplies,"First-Aid, Essential Medications & Antibiotics"
MCO Oval Garden,government,15.305302,120.919858,"Pampanga, Pampanga",Pampanga,Central,(045) 961-0000 / 911,0,False,"Municipal, Civic & Landmark Building",Public Infrastructure & Community Landmark
Fun and Sun Resort Hotel Inn,government,14.841345,120.905117,"Pampanga, Pampanga",Pampanga,Central,(045) 961-0000 / 911,0,False,"Municipal, Civic & Landmark Building",Public Infrastructure & Community Landmark
North Bel Air Clubhouse,government,14.838208,120.881979,"Pampanga, Pampanga",Pampanga,Central,(045) 961-0000 / 911,0,False,"Municipal, Civic & Landmark Building",Public Infrastructure & Community Landmark
Immaculate Conception Seminary,school,14.837398,120.884468,"Pampanga, Pampanga",Pampanga,Central,(045) 961-0000 / 911,0,False,Evacuation Shelter / Education Facility,High-Ground Evacuation Shelter · Relief Goods Depot
Malolos Fire Station,fire_station,14.864387,120.820687,"Pampanga, Pampanga",Pampanga,Central,160 / 911,0,False,Fire & Rescue Station,Fire Pumper Engines & Emergency Water Rescue
San Roque Chapel,government,14.814415,120.724324,"Pampanga, Pampanga",Pampanga,Central,(045) 961-0000 / 911,0,False,"Municipal, Civic & Landmark Building",Public Infrastructure & Community Landmark
Hapag Kainan,supermarket,14.831567,120.908908,"Pampanga, Pampanga",Pampanga,Central,(045) 961-0000 / 911,0,False,Commercial & Retail Supplies Hub,Commercial & Retail Establishment · restaurant
Arayat South Peak Campsite,government,15.196634,120.74402,"Pampanga, Pampanga",Pampanga,Central,(045) 961-0000 / 911,0,False,"Municipal, Civic & Landmark Building",Public Infrastructure & Community Landmark
Haring Bato,government,15.2001,120.742835,"Pampanga, Pampanga",Pampanga,Central,(045) 961-0000 / 911,0,False,"Municipal, Civic & Landmark Building",Public Infrastructure & Community Landmark
Wes Apt,government,15.165769,120.580882,"Pampanga, Pampanga",Pampanga,Central,(045) 961-0000 / 911,0,False,"Municipal, Civic & Landmark Building",Public Infrastructure & Community Landmark
Boom Chicken 붐 치킨 - Korea Town Angeles,supermarket,15.158368,120.558042,"Friendship Highway, Pampanga, Pampanga",Pampanga,Central,0927 463 9999,0,False,Commercial & Retail Supplies Hub,Commercial & Retail Establishment · restaurant
Halla,government,15.160821,120.555633,"Pampanga, Pampanga",Pampanga,Central,(045) 961-0000 / 911,0,False,"Municipal, Civic & Landmark Building",Public Infrastructure & Community Landmark
C.C. PETRON SERVICE STATION,gas_station,15.247291,120.857573,"Pampanga, Pampanga",Pampanga,Central,(045) 961-0000 / 911,0,False,Petron Station,Gasoline & Diesel Fuel · Petron
Rey's Vietnamese Garden Restaurant and Transient House,supermarket,15.260899,120.865756,"Pampanga, Pampanga",Pampanga,Central,(045) 961-0000 / 911,0,False,Commercial & Retail Supplies Hub,Commercial & Retail Establishment · restaurant
Caltex,gas_station,15.307965,120.900886,"Pampanga, Pampanga",Pampanga,Central,(045) 961-0000 / 911,0,False,Caltex Station,Gasoline & Diesel Fuel · Caltex
Hotel California,government,15.16214,120.580437,"Pampanga, Pampanga",Pampanga,Central,(045) 961-0000 / 911,0,False,"Municipal, Civic & Landmark Building",Public Infrastructure & Community Landmark
Saint Catherine of Alexandria Annex & Medical Arts Building,hospital,15.130193,120.576099,"Rizal Street Extension, Pampanga, Pampanga",Pampanga,Central,(045) 961-0000 / 911,20,False,Primary Health Clinic / RHU,20 Beds · Hotline: (045) 961-0000 / 911
Splash & Sizzle Binalot,supermarket,15.085596,120.634705,"Pampanga, Pampanga",Pampanga,Central,(045) 961-0000 / 911,0,False,Commercial & Retail Supplies Hub,Commercial & Retail Establishment · restaurant
The White Rock,government,15.203738,120.736246,"Pampanga, Pampanga",Pampanga,Central,(045) 961-0000 / 911,0,False,"Municipal, Civic & Landmark Building",Public Infrastructure & Community Landmark
Mang Inasal,supermarket,15.078818,120.941111,"Cagayan Valley Road, Pampanga, Pampanga",Pampanga,Central,(045) 961-0000 / 911,0,False,Commercial & Retail Supplies Hub,Commercial & Retail Establishment · fast_food
Jzen Handicraft,supermarket,15.030266,120.71534,"North Luzon Expressway, San Fernando, Pampanga",San Fernando,Central,(045) 961-0000 / 911,0,False,Commercial & Retail Supplies Hub,Commercial & Retail Establishment · kiosk
jbz infinite,supermarket,15.094772,120.670058,"Pampanga, Pampanga",Pampanga,Central,(045) 961-0000 / 911,0,False,Commercial & Retail Supplies Hub,Commercial & Retail Establishment · kiosk
JBZ Infinite,supermarket,14.850777,120.875168,"North Luzon Expressway, Pampanga, Pampanga",Pampanga,Central,(045) 961-0000 / 911,0,False,Commercial & Retail Supplies Hub,Commercial & Retail Establishment · kiosk
Maricel's Kitchen,supermarket,14.811565,120.908135,"Pampanga, Pampanga",Pampanga,Central,(045) 961-0000 / 911,0,False,Commercial & Retail Supplies Hub,Commercial & Retail Establishment · restaurant
Gaddi Arcade,supermarket,15.094909,120.766228,"Pampanga, Pampanga",Pampanga,Central,(045) 961-0000 / 911,0,False,Commercial & Retail Supplies Hub,Commercial & Retail Establishment · supermarket
Team Earl's Carwash,supermarket,15.134285,120.774362,"Pampanga, Pampanga",Pampanga,Central,(045) 961-0000 / 911,0,False,Commercial & Retail Supplies Hub,Commercial & Retail Establishment · car_repair
Kabigting's Halo-halo,supermarket,15.150402,120.773228,"J. M. Espino Street, Arayat, Pampanga",Arayat,Central,(045) 961-0000 / 911,0,False,Commercial & Retail Supplies Hub,Commercial & Retail Establishment · restaurant
Swimming pool,government,15.171776,120.76262,"Pampanga, Pampanga",Pampanga,Central,(045) 961-0000 / 911,0,False,"Municipal, Civic & Landmark Building",Public Infrastructure & Community Landmark
Jurado's Special Halo-halo,supermarket,15.150702,120.772154,"Pampanga, Pampanga",Pampanga,Central,(045) 961-0000 / 911,0,False,Commercial & Retail Supplies Hub,Commercial & Retail Establishment · fast_food
St. Niño Parish Church,government,15.146969,120.565681,"Pampanga, Pampanga",Pampanga,Central,(045) 961-0000 / 911,0,False,"Municipal, Civic & Landmark Building",Public Infrastructure & Community Landmark
Fuel & Gas Station,gas_station,15.138928,120.694216,"Pampanga, Pampanga",Pampanga,Central,(045) 961-0000 / 911,0,False,Fuel Station,Gasoline & Diesel Fuel · Operational Fuel Point
Grill Restaurant,supermarket,15.098971,120.670843,"Pampanga, Pampanga",Pampanga,Central,(045) 961-0000 / 911,0,False,Commercial & Retail Supplies Hub,Commercial & Retail Establishment · restaurant
Uncle John's,supermarket,15.056883,120.659342,"A. Luna Street, Pampanga, Pampanga",Pampanga,Central,(045) 961-0000 / 911,0,False,Commercial & Retail Supplies Hub,Commercial & Retail Establishment · convenience
M Lhuillier,supermarket,15.054692,120.661262,"Pampanga, Pampanga",Pampanga,Central,(045) 961-0000 / 911,0,False,Commercial & Retail Supplies Hub,Commercial & Retail Establishment · pawnbroker
Lelut Baculud,supermarket,15.056581,120.659572,"Pampanga, Pampanga",Pampanga,Central,(045) 961-0000 / 911,0,False,Commercial & Retail Supplies Hub,Commercial & Retail Establishment · restaurant
Sogo Hotel,government,15.050869,120.701402,"Pampanga, Pampanga",Pampanga,Central,(045) 961-0000 / 911,0,False,"Municipal, Civic & Landmark Building",Public Infrastructure & Community Landmark
Church Landmark Building,government,14.810258,120.938937,"Bocaue, Pampanga",Bocaue,Central,(045) 961-0000 / 911,0,False,"Municipal, Civic & Landmark Building",Public Infrastructure & Community Landmark
Deedan's San Nicolas Cookies,supermarket,15.066811,120.719625,"Pampanga, Pampanga",Pampanga,Central,(045) 961-0000 / 911,0,False,Commercial & Retail Supplies Hub,Commercial & Retail Establishment · bakery
Emmanuel College,school,14.882407,120.86582,"Pampanga, Pampanga",Pampanga,Central,(045) 961-0000 / 911,0,False,Evacuation Shelter / Education Facility,High-Ground Evacuation Shelter · Relief Goods Depot
San Nicolas Parish Church,government,14.902203,120.889275,"Pampanga, Pampanga",Pampanga,Central,(045) 961-0000 / 911,0,False,"Municipal, Civic & Landmark Building",Public Infrastructure & Community Landmark
Parking Entrance SM,government,15.028311,120.692345,"Pampanga, Pampanga",Pampanga,Central,(045) 961-0000 / 911,0,False,"Municipal, Civic & Landmark Building",Public Infrastructure & Community Landmark
Fuel & Gas Station,gas_station,14.995192,120.779664,"San Simon-Baliuag Road, Pampanga, Pampanga",Pampanga,Central,(045) 961-0000 / 911,0,False,Fuel Station,Gasoline & Diesel Fuel · Operational Fuel Point
Mount Arayat North Peak Campsite,government,15.205059,120.742803,"Pampanga, Pampanga",Pampanga,Central,(045) 961-0000 / 911,0,False,"Municipal, Civic & Landmark Building",Public Infrastructure & Community Landmark
Information Center,government,15.211678,120.71792,"Pampanga, Pampanga",Pampanga,Central,(045) 961-0000 / 911,0,False,"Municipal, Civic & Landmark Building",Public Infrastructure & Community Landmark
Bakery Store,supermarket,15.033307,120.696832,"Pampanga, Pampanga",Pampanga,Central,(045) 961-0000 / 911,0,False,Commercial & Retail Supplies Hub,Commercial & Retail Establishment · bakery
Unisite Canteen,supermarket,15.035857,120.69829,"Pampanga, Pampanga",Pampanga,Central,(045) 961-0000 / 911,0,False,Commercial & Retail Supplies Hub,Commercial & Retail Establishment · restaurant
Bakery Store,supermarket,15.037219,120.698371,"Pampanga, Pampanga",Pampanga,Central,(045) 961-0000 / 911,0,False,Commercial & Retail Supplies Hub,Commercial & Retail Establishment · bakery
iGenerics,pharmacy,15.038867,120.697164,"Pampanga, Pampanga",Pampanga,Central,(045) 961-0000 / 911,0,False,Pharmacy & Medical Supplies,"First-Aid, Essential Medications & Antibiotics"
Convenience Store,supermarket,15.038861,120.697089,"Pampanga, Pampanga",Pampanga,Central,(045) 961-0000 / 911,0,False,Commercial & Retail Supplies Hub,Commercial & Retail Establishment · convenience
Beverages Store,supermarket,15.038999,120.697166,"Pampanga, Pampanga",Pampanga,Central,(045) 961-0000 / 911,0,False,Commercial & Retail Supplies Hub,Commercial & Retail Establishment · beverages
Beverages Store,supermarket,15.03827,120.697321,"Pampanga, Pampanga",Pampanga,Central,(045) 961-0000 / 911,0,False,Commercial & Retail Supplies Hub,Commercial & Retail Establishment · beverages
Beverages Store,supermarket,15.036952,120.698482,"Pampanga, Pampanga",Pampanga,Central,(045) 961-0000 / 911,0,False,Commercial & Retail Supplies Hub,Commercial & Retail Establishment · beverages
Beverages Store,supermarket,15.036286,120.698199,"Pampanga, Pampanga",Pampanga,Central,(045) 961-0000 / 911,0,False,Commercial & Retail Supplies Hub,Commercial & Retail Establishment · beverages
Convenience Store,supermarket,15.033389,120.69609,"Pampanga, Pampanga",Pampanga,Central,(045) 961-0000 / 911,0,False,Commercial & Retail Supplies Hub,Commercial & Retail Establishment · convenience
Edkris Bicycle Shop,supermarket,15.033049,120.695583,"Pampanga, Pampanga",Pampanga,Central,(045) 961-0000 / 911,0,False,Commercial & Retail Supplies Hub,Commercial & Retail Establishment · bicycle
7-Eleven,supermarket,15.032705,120.695645,"MacArthur Highway, Pampanga, Pampanga",Pampanga,Central,(045) 961-0000 / 911,0,False,Commercial & Retail Supplies Hub,Commercial & Retail Establishment · convenience
Phoenix Super LPG,supermarket,15.032606,120.695227,"Pampanga, Pampanga",Pampanga,Central,(045) 961-0000 / 911,0,False,Commercial & Retail Supplies Hub,Commercial & Retail Establishment · gas
7-Eleven,supermarket,15.028427,120.693959,"Pampanga, Pampanga",Pampanga,Central,(045) 961-0000 / 911,0,False,Commercial & Retail Supplies Hub,Commercial & Retail Establishment · convenience
Hardware Store,supermarket,15.040377,120.701343,"Pampanga, Pampanga",Pampanga,Central,(045) 961-0000 / 911,0,False,Commercial & Retail Supplies Hub,Commercial & Retail Establishment · hardware
Paujamiea,supermarket,15.039606,120.700424,"A. Consunji Extension, Pampanga, Pampanga",Pampanga,Central,(045) 961-0000 / 911,0,False,Commercial & Retail Supplies Hub,Commercial & Retail Establishment · fast_food
Corazon's Egg Trading,supermarket,15.039631,120.700589,"A. Consunji Extension, Pampanga, Pampanga",Pampanga,Central,(045) 961-0000 / 911,0,False,Commercial & Retail Supplies Hub,Commercial & Retail Establishment · farm
Allianaj,supermarket,15.039657,120.700682,"Pampanga, Pampanga",Pampanga,Central,(045) 961-0000 / 911,0,False,Commercial & Retail Supplies Hub,Commercial & Retail Establishment · motorcycle_parts
Convenience Store,supermarket,15.039223,120.698691,"Pampanga, Pampanga",Pampanga,Central,(045) 961-0000 / 911,0,False,Commercial & Retail Supplies Hub,Commercial & Retail Establishment · convenience
Hardware Store,supermarket,15.032952,120.694192,"Pampanga, Pampanga",Pampanga,Central,(045) 961-0000 / 911,0,False,Commercial & Retail Supplies Hub,Commercial & Retail Establishment · hardware
Salas Auto Parts,supermarket,15.023404,120.69781,"Pampanga, Pampanga",Pampanga,Central,(045) 961-0000 / 911,0,False,Commercial & Retail Supplies Hub,Commercial & Retail Establishment · car_parts
V8 Auto Supply,supermarket,15.028642,120.696967,"Pampanga, Pampanga",Pampanga,Central,(045) 961-0000 / 911,0,False,Commercial & Retail Supplies Hub,Commercial & Retail Establishment · car_parts
Beverages Store,supermarket,15.029545,120.69543,"Pampanga, Pampanga",Pampanga,Central,(045) 961-0000 / 911,0,False,Commercial & Retail Supplies Hub,Commercial & Retail Establishment · beverages
Kalesa (Hourse Carage),government,15.02945,120.693018,"Pampanga, Pampanga",Pampanga,Central,(045) 961-0000 / 911,0,False,"Municipal, Civic & Landmark Building",Public Infrastructure & Community Landmark
99.9 Store,supermarket,15.028438,120.694261,"Pampanga, Pampanga",Pampanga,Central,(045) 961-0000 / 911,0,False,Commercial & Retail Supplies Hub,Commercial & Retail Establishment · clothes
NOVO,supermarket,15.02925,120.694676,"Pampanga, Pampanga",Pampanga,Central,(045) 961-0000 / 911,0,False,Commercial & Retail Supplies Hub,Commercial & Retail Establishment · department_store
Sun Vest,supermarket,15.029041,120.69464,"Pampanga, Pampanga",Pampanga,Central,(045) 961-0000 / 911,0,False,Commercial & Retail Supplies Hub,Commercial & Retail Establishment · department_store
Vegetable Stall,supermarket,15.029545,120.695397,"Pampanga, Pampanga",Pampanga,Central,(045) 961-0000 / 911,0,False,Commercial & Retail Supplies Hub,Commercial & Retail Establishment · greengrocer
Convent Parking,government,15.028424,120.693265,"Pampanga, Pampanga",Pampanga,Central,(045) 961-0000 / 911,0,False,"Municipal, Civic & Landmark Building",Public Infrastructure & Community Landmark
7-Eleven,supermarket,15.026572,120.694066,"General Hizon Avenue, Pampanga, Pampanga",Pampanga,Central,(045) 961-0000 / 911,0,False,Commercial & Retail Supplies Hub,Commercial & Retail Establishment · convenience
Unsite Del Pilar Tricycle Terminal,government,15.038346,120.697648,"Pampanga, Pampanga",Pampanga,Central,(045) 961-0000 / 911,0,False,"Municipal, Civic & Landmark Building",Public Infrastructure & Community Landmark
San Simon PNP Office,police,14.984792,120.751775,"Pampanga, Pampanga",Pampanga,Central,117 / 911,0,False,Police Station / Law Enforcement,24/7 Security & Search and Rescue Standby
Municipal Hall Parking,government,14.984852,120.751434,"Pampanga, Pampanga",Pampanga,Central,(045) 961-0000 / 911,0,False,"Municipal, Civic & Landmark Building",Public Infrastructure & Community Landmark
Swimming pool,government,15.094292,120.809167,"Pampanga, Pampanga",Pampanga,Central,(045) 961-0000 / 911,0,False,"Municipal, Civic & Landmark Building",Public Infrastructure & Community Landmark
Balagtas Bread and Cake House,supermarket,15.149404,120.769332,"Arayat, Pampanga",Arayat,Central,(045) 961-0000 / 911,0,False,Commercial & Retail Supplies Hub,Commercial & Retail Establishment · bakery
Edrian Farm Supply,supermarket,15.103944,120.833385,"Pampanga, Pampanga",Pampanga,Central,(045) 961-0000 / 911,0,False,Commercial & Retail Supplies Hub,Commercial & Retail Establishment · farm_supply
H L minimart and farmsupply,supermarket,15.104468,120.834499,"Pampanga, Pampanga",Pampanga,Central,(045) 961-0000 / 911,0,False,Commercial & Retail Supplies Hub,Commercial & Retail Establishment · grocery
Hardware Store,supermarket,15.093914,120.811315,"Pampanga, Pampanga",Pampanga,Central,(045) 961-0000 / 911,0,False,Commercial & Retail Supplies Hub,Commercial & Retail Establishment · hardware
Aga Agricultural Supply,supermarket,15.135993,120.910995,"Pampanga, Pampanga",Pampanga,Central,(045) 961-0000 / 911,0,False,Commercial & Retail Supplies Hub,Commercial & Retail Establishment · agrarian
Gulap DCC,school,15.103055,120.82106,"Pampanga, Pampanga",Pampanga,Central,(045) 961-0000 / 911,0,False,Evacuation Shelter / Education Facility,High-Ground Evacuation Shelter · Relief Goods Depot
LANANG DCC,school,15.111626,120.81994,"Pampanga, Pampanga",Pampanga,Central,(045) 961-0000 / 911,0,False,Evacuation Shelter / Education Facility,High-Ground Evacuation Shelter · Relief Goods Depot
MANDASIG BRGY.HALL,government,15.07212,120.813767,"Pampanga, Pampanga",Pampanga,Central,(045) 961-0000 / 911,0,False,"Municipal, Civic & Landmark Building",Public Infrastructure & Community Landmark
MANDASIG DCC,school,15.072351,120.81348,"Pampanga, Pampanga",Pampanga,Central,(045) 961-0000 / 911,0,False,Evacuation Shelter / Education Facility,High-Ground Evacuation Shelter · Relief Goods Depot
PALIGUI DCC,school,15.046416,120.877269,"Pampanga, Pampanga",Pampanga,Central,(045) 961-0000 / 911,0,False,Evacuation Shelter / Education Facility,High-Ground Evacuation Shelter · Relief Goods Depot
Pasig Day Care Center,school,15.094476,120.814395,"Pampanga, Pampanga",Pampanga,Central,(045) 961-0000 / 911,0,False,Evacuation Shelter / Education Facility,High-Ground Evacuation Shelter · Relief Goods Depot
STO.ROSARIO DCC,school,15.120424,120.824375,"Pampanga, Pampanga",Pampanga,Central,(045) 961-0000 / 911,0,False,Evacuation Shelter / Education Facility,High-Ground Evacuation Shelter · Relief Goods Depot
Sto. Rosario,government,15.121412,120.823897,"Pampanga, Pampanga",Pampanga,Central,(045) 961-0000 / 911,0,False,"Municipal, Civic & Landmark Building",Public Infrastructure & Community Landmark
Bambang DCC,school,15.08143,120.816897,"Pampanga, Pampanga",Pampanga,Central,(045) 961-0000 / 911,0,False,Evacuation Shelter / Education Facility,High-Ground Evacuation Shelter · Relief Goods Depot
Buas Daycare Center,school,15.09237,120.825169,"Pampanga, Pampanga",Pampanga,Central,(045) 961-0000 / 911,0,False,Evacuation Shelter / Education Facility,High-Ground Evacuation Shelter · Relief Goods Depot
Gulap,government,15.103194,120.820569,"Pampanga, Pampanga",Pampanga,Central,(045) 961-0000 / 911,0,False,"Municipal, Civic & Landmark Building",Public Infrastructure & Community Landmark
Pescadores Daycare Center,school,15.090551,120.82788,"Pampanga, Pampanga",Pampanga,Central,(045) 961-0000 / 911,0,False,Evacuation Shelter / Education Facility,High-Ground Evacuation Shelter · Relief Goods Depot
Pescadores Chapel,government,15.090957,120.826394,"Pampanga, Pampanga",Pampanga,Central,(045) 961-0000 / 911,0,False,"Municipal, Civic & Landmark Building",Public Infrastructure & Community Landmark
J&C Lucky 99 Store,supermarket,14.913048,120.566031,"Pampanga, Pampanga",Pampanga,Central,(045) 961-0000 / 911,0,False,Commercial & Retail Supplies Hub,Commercial & Retail Establishment · clothes
Ely GT Cycle Parts,supermarket,14.913376,120.566748,"Pampanga, Pampanga",Pampanga,Central,(045) 961-0000 / 911,0,False,Commercial & Retail Supplies Hub,Commercial & Retail Establishment · motorcycle
M Lhuillier,supermarket,14.912487,120.565434,"Pampanga, Pampanga",Pampanga,Central,(045) 961-0000 / 911,0,False,Commercial & Retail Supplies Hub,Commercial & Retail Establishment · pawnbroker
Variety_store Store,supermarket,14.948715,120.566918,"Pampanga, Pampanga",Pampanga,Central,(045) 961-0000 / 911,0,False,Commercial & Retail Supplies Hub,Commercial & Retail Establishment · variety_store
PNB,supermarket,14.912868,120.565503,"Jose Abad Santos Avenue, Pampanga, Pampanga",Pampanga,Central,(045) 961-0000 / 911,0,False,Commercial & Retail Supplies Hub,Commercial & Retail Establishment · bank
Fresh Options,supermarket,14.911817,120.56473,"Jose Abad Santos Avenue, Pampanga, Pampanga",Pampanga,Central,(045) 961-0000 / 911,0,False,Commercial & Retail Supplies Hub,Commercial & Retail Establishment · butcher
Goldilocks Bakeshop,supermarket,14.912925,120.565526,"Pampanga, Pampanga",Pampanga,Central,(045) 961-0000 / 911,0,False,Commercial & Retail Supplies Hub,Commercial & Retail Establishment · bakery
PELCO,government,14.912779,120.565396,"Pampanga, Pampanga",Pampanga,Central,(045) 961-0000 / 911,0,False,"Municipal, Civic & Landmark Building",Public Infrastructure & Community Landmark
7-Eleven,supermarket,14.911909,120.564904,"Jose Abad Santos Avenue, Pampanga, Pampanga",Pampanga,Central,(045) 961-0000 / 911,0,False,Commercial & Retail Supplies Hub,Commercial & Retail Establishment · convenience
Channel of Gold,supermarket,14.912084,120.564719,"Pampanga, Pampanga",Pampanga,Central,(045) 961-0000 / 911,0,False,Commercial & Retail Supplies Hub,Commercial & Retail Establishment · pawnbroker
Do-Re-Mi Children's Clinic,hospital,14.913091,120.567038,"Pampanga, Pampanga",Pampanga,Central,(045) 961-0000 / 911,20,False,Primary Health Clinic / RHU,20 Beds · Hotline: (045) 961-0000 / 911
Jaro Appliance Center,supermarket,14.913116,120.56707,"Pampanga, Pampanga",Pampanga,Central,(045) 961-0000 / 911,0,False,Commercial & Retail Supplies Hub,Commercial & Retail Establishment · trade
Med Rox,pharmacy,14.912054,120.564671,"Jose Abad Santos Avenue, Pampanga, Pampanga",Pampanga,Central,(045) 961-0000 / 911,0,False,Pharmacy & Medical Supplies,"First-Aid, Essential Medications & Antibiotics"
RSB Housewares,supermarket,14.912007,120.565089,"Pampanga, Pampanga",Pampanga,Central,(045) 961-0000 / 911,0,False,Commercial & Retail Supplies Hub,Commercial & Retail Establishment · trade
Sta. Cruz Hardware,supermarket,14.911979,120.565571,"Pampanga, Pampanga",Pampanga,Central,(045) 961-0000 / 911,0,False,Commercial & Retail Supplies Hub,Commercial & Retail Establishment · hardware
Western Union,government,14.912073,120.564704,"Pampanga, Pampanga",Pampanga,Central,(045) 961-0000 / 911,0,False,"Municipal, Civic & Landmark Building",Public Infrastructure & Community Landmark
Wow Lubao Pasalubong Center,supermarket,14.912761,120.56623,"Pampanga, Pampanga",Pampanga,Central,(045) 961-0000 / 911,0,False,Commercial & Retail Supplies Hub,Commercial & Retail Establishment · food
Special Bibingka + Puto Bumbong (Galapong),supermarket,14.911029,120.5635,"Pampanga, Pampanga",Pampanga,Central,(045) 961-0000 / 911,0,False,Commercial & Retail Supplies Hub,Commercial & Retail Establishment · pastry
Racal Motorcycle Dealer,supermarket,14.909109,120.560009,"Pampanga, Pampanga",Pampanga,Central,(045) 961-0000 / 911,0,False,Commercial & Retail Supplies Hub,Commercial & Retail Establishment · motorcycle
SYM,supermarket,14.907419,120.557998,"Pampanga, Pampanga",Pampanga,Central,(045) 961-0000 / 911,0,False,Commercial & Retail Supplies Hub,Commercial & Retail Establishment · motorcycle
Willie Cunanan Buy and Sell of Used Cars,supermarket,14.905375,120.554261,"Pampanga, Pampanga",Pampanga,Central,(045) 961-0000 / 911,0,False,Commercial & Retail Supplies Hub,Commercial & Retail Establishment · car
Yatson Construction Supplies,supermarket,14.905325,120.554144,"Pampanga, Pampanga",Pampanga,Central,(045) 961-0000 / 911,0,False,Commercial & Retail Supplies Hub,Commercial & Retail Establishment · hardware
Maro Bianco's Inn,supermarket,14.953088,120.595728,"Pampanga, Pampanga",Pampanga,Central,(045) 961-0000 / 911,0,False,Commercial & Retail Supplies Hub,Commercial & Retail Establishment · variety_store
7-Eleven,supermarket,15.288386,120.570163,"Pampanga, Pampanga",Pampanga,Central,(045) 961-0000 / 911,0,False,Commercial & Retail Supplies Hub,Commercial & Retail Establishment · convenience
TODA Zone 24,government,14.969066,120.635288,"Pampanga, Pampanga",Pampanga,Central,(045) 961-0000 / 911,0,False,"Municipal, Civic & Landmark Building",Public Infrastructure & Community Landmark
Tricycle Zone,government,14.966811,120.63778,"Pampanga, Pampanga",Pampanga,Central,(045) 961-0000 / 911,0,False,"Municipal, Civic & Landmark Building",Public Infrastructure & Community Landmark
Tricycle Zone,government,14.967414,120.636321,"Pampanga, Pampanga",Pampanga,Central,(045) 961-0000 / 911,0,False,"Municipal, Civic & Landmark Building",Public Infrastructure & Community Landmark
Tricycle Terminal,government,14.96803,120.615447,"Pampanga, Pampanga",Pampanga,Central,(045) 961-0000 / 911,0,False,"Municipal, Civic & Landmark Building",Public Infrastructure & Community Landmark
Berna Drug,pharmacy,14.962683,120.631757,"Senator Gil Puyat Avenue, Guagua, Pampanga",Guagua,Central,(045) 961-0000 / 911,0,False,Pharmacy & Medical Supplies,"First-Aid, Essential Medications & Antibiotics"
Gofer Drugstore,pharmacy,14.963191,120.633593,"Pampanga, Pampanga",Pampanga,Central,(045) 961-0000 / 911,0,False,Pharmacy & Medical Supplies,"First-Aid, Essential Medications & Antibiotics"
Kompleto Burger,supermarket,14.964419,120.632945,"Pampanga, Pampanga",Pampanga,Central,(045) 961-0000 / 911,0,False,Commercial & Retail Supplies Hub,Commercial & Retail Establishment · fast_food
Lei's Boutique,supermarket,14.963032,120.633132,"Pampanga, Pampanga",Pampanga,Central,(045) 961-0000 / 911,0,False,Commercial & Retail Supplies Hub,Commercial & Retail Establishment · boutique
Lei's Boutique,supermarket,14.963977,120.632572,"Pampanga, Pampanga",Pampanga,Central,(045) 961-0000 / 911,0,False,Commercial & Retail Supplies Hub,Commercial & Retail Establishment · boutique
Magcalas Store,supermarket,14.961806,120.633106,"Pampanga, Pampanga",Pampanga,Central,(045) 961-0000 / 911,0,False,Commercial & Retail Supplies Hub,Commercial & Retail Establishment · supermarket
Boutique Store,supermarket,14.964596,120.633078,"Pampanga, Pampanga",Pampanga,Central,(045) 961-0000 / 911,0,False,Commercial & Retail Supplies Hub,Commercial & Retail Establishment · boutique
Pandesal ni Juan,supermarket,14.960924,120.632107,"Pampanga, Pampanga",Pampanga,Central,(045) 961-0000 / 911,0,False,Commercial & Retail Supplies Hub,Commercial & Retail Establishment · bakery
Pandesal Ni Juan,supermarket,14.963188,120.633435,"Pampanga, Pampanga",Pampanga,Central,(045) 961-0000 / 911,0,False,Commercial & Retail Supplies Hub,Commercial & Retail Establishment · bakery
Pandesal ni Juan,supermarket,14.964624,120.633107,"Pampanga, Pampanga",Pampanga,Central,(045) 961-0000 / 911,0,False,Commercial & Retail Supplies Hub,Commercial & Retail Establishment · bakery
Santo Niño Flower Shop,supermarket,14.963529,120.633695,"Pampanga, Pampanga",Pampanga,Central,(045) 961-0000 / 911,0,False,Commercial & Retail Supplies Hub,Commercial & Retail Establishment · florist
Sean Paul Store,supermarket,14.972849,120.595407,"Pampanga, Pampanga",Pampanga,Central,(045) 961-0000 / 911,0,False,Commercial & Retail Supplies Hub,Commercial & Retail Establishment · convenience
Zone 7,government,14.975681,120.643539,"Pampanga, Pampanga",Pampanga,Central,(045) 961-0000 / 911,0,False,"Municipal, Civic & Landmark Building",Public Infrastructure & Community Landmark
BL Car Wash,government,14.973052,120.595393,"Pampanga, Pampanga",Pampanga,Central,(045) 961-0000 / 911,0,False,"Municipal, Civic & Landmark Building",Public Infrastructure & Community Landmark
Joabsan Glass & Aluminum Supply,supermarket,14.972392,120.59691,"Guagua-Floridablanca Road, Pampanga, Pampanga",Pampanga,Central,(045) 961-0000 / 911,0,False,Commercial & Retail Supplies Hub,Commercial & Retail Establishment · trade
Confectionery Store,supermarket,14.971324,120.600706,"Barangay Santa Ines, Guagua, Pampanga",Guagua,Santa Ines,(045) 961-0000 / 911,0,False,Commercial & Retail Supplies Hub,Commercial & Retail Establishment · confectionery
Talete King Panyulung Kapampangan Foundation Inc.,supermarket,14.971224,120.601963,"Pampanga, Pampanga",Pampanga,Central,(045) 961-0000 / 911,0,False,Commercial & Retail Supplies Hub,Commercial & Retail Establishment · money_lender
PNP Police Station / Post,police,14.972278,120.598168,"Guagua-Floridablanca Road, Pampanga, Pampanga",Pampanga,Central,117 / 911,0,False,Police Station / Law Enforcement,24/7 Security & Search and Rescue Standby
EJM Printing,supermarket,14.970531,120.60359,"Pampanga, Pampanga",Pampanga,Central,(045) 961-0000 / 911,0,False,Commercial & Retail Supplies Hub,Commercial & Retail Establishment · copyshop
Floridablanca Terminal,government,14.970671,120.60377,"Pampanga, Pampanga",Pampanga,Central,(045) 961-0000 / 911,0,False,"Municipal, Civic & Landmark Building",Public Infrastructure & Community Landmark
Lugaw Republic,supermarket,14.970854,120.603019,"Pampanga, Pampanga",Pampanga,Central,(045) 961-0000 / 911,0,False,Commercial & Retail Supplies Hub,Commercial & Retail Establishment · kiosk
Felix d Cut Barber Shop,supermarket,14.976524,120.645043,"Pampanga, Pampanga",Pampanga,Central,(045) 961-0000 / 911,0,False,Commercial & Retail Supplies Hub,Commercial & Retail Establishment · hairdresser
Development Bank of the Philippines - Guagua,supermarket,14.984147,120.622479,"Jose Abad Santos Avenue, Guagua, Pampanga",Guagua,Central,(045) 961-0000 / 911,0,False,Commercial & Retail Supplies Hub,Commercial & Retail Establishment · bank
ANK Enterprises,supermarket,14.969612,120.608057,"Pampanga, Pampanga",Pampanga,Central,(045) 961-0000 / 911,0,False,Commercial & Retail Supplies Hub,Commercial & Retail Establishment · trade
"Ermie's Cakes, Pastries & Brownies",supermarket,14.966658,120.610921,"Pampanga, Pampanga",Pampanga,Central,(045) 961-0000 / 911,0,False,Commercial & Retail Supplies Hub,Commercial & Retail Establishment · confectionery
Pangilinan Iron Works,supermarket,14.968458,120.610953,"Pampanga, Pampanga",Pampanga,Central,(045) 961-0000 / 911,0,False,Commercial & Retail Supplies Hub,Commercial & Retail Establishment · trade
SM City Pampanga- Golangco Terminal,government,14.970143,120.605473,"Pampanga, Pampanga",Pampanga,Central,(045) 961-0000 / 911,0,False,"Municipal, Civic & Landmark Building",Public Infrastructure & Community Landmark
Dante A. Lumanog Music Store,supermarket,14.966588,120.612908,"Pampanga, Pampanga",Pampanga,Central,(045) 961-0000 / 911,0,False,Commercial & Retail Supplies Hub,Commercial & Retail Establishment · musical_instrument
San Antonio TODA,government,14.966465,120.612165,"National Road, Pampanga, Pampanga",Pampanga,Central,(045) 961-0000 / 911,0,False,"Municipal, Civic & Landmark Building",Public Infrastructure & Community Landmark
CB Lumanog Music Store & Sporting Goods,supermarket,14.966119,120.611923,"Pampanga, Pampanga",Pampanga,Central,(045) 961-0000 / 911,0,False,Commercial & Retail Supplies Hub,Commercial & Retail Establishment · music
Linda's Panciteria,supermarket,14.973996,120.617423,"Pampanga, Pampanga",Pampanga,Central,(045) 961-0000 / 911,0,False,Commercial & Retail Supplies Hub,Commercial & Retail Establishment · fast_food
San Jose Chapel,government,14.974576,120.617249,"Pampanga, Pampanga",Pampanga,Central,(045) 961-0000 / 911,0,False,"Municipal, Civic & Landmark Building",Public Infrastructure & Community Landmark
Sinnabon Laundry Shop,supermarket,14.977728,120.622748,"Pampanga, Pampanga",Pampanga,Central,(045) 961-0000 / 911,0,False,Commercial & Retail Supplies Hub,Commercial & Retail Establishment · dry_cleaning
Rosie Sari-sari Store,supermarket,14.994959,120.569896,"Pampanga, Pampanga",Pampanga,Central,(045) 961-0000 / 911,0,False,Commercial & Retail Supplies Hub,Commercial & Retail Establishment · convenience
Shiela Sari-sari Store,supermarket,14.994732,120.570149,"Pampanga, Pampanga",Pampanga,Central,(045) 961-0000 / 911,0,False,Commercial & Retail Supplies Hub,Commercial & Retail Establishment · convenience
Lola Inang's Canteen,supermarket,14.965237,120.634073,"Pampanga, Pampanga",Pampanga,Central,(045) 961-0000 / 911,0,False,Commercial & Retail Supplies Hub,Commercial & Retail Establishment · restaurant
Vifel Store,supermarket,14.994852,120.575577,"Pampanga, Pampanga",Pampanga,Central,(045) 961-0000 / 911,0,False,Commercial & Retail Supplies Hub,Commercial & Retail Establishment · convenience
3 Sisters Store,supermarket,14.993096,120.576891,"Pampanga, Pampanga",Pampanga,Central,(045) 961-0000 / 911,0,False,Commercial & Retail Supplies Hub,Commercial & Retail Establishment · convenience
Fe's Sari-sari Store,supermarket,14.990287,120.581603,"Pampanga, Pampanga",Pampanga,Central,(045) 961-0000 / 911,0,False,Commercial & Retail Supplies Hub,Commercial & Retail Establishment · convenience
Jaylu Sari-sari store,supermarket,14.990086,120.581336,"Pampanga, Pampanga",Pampanga,Central,(045) 961-0000 / 911,0,False,Commercial & Retail Supplies Hub,Commercial & Retail Establishment · convenience
Manabat Store,supermarket,14.990039,120.578707,"Pampanga, Pampanga",Pampanga,Central,(045) 961-0000 / 911,0,False,Commercial & Retail Supplies Hub,Commercial & Retail Establishment · convenience
Montemayor Store,supermarket,14.989297,120.580433,"Pampanga, Pampanga",Pampanga,Central,(045) 961-0000 / 911,0,False,Commercial & Retail Supplies Hub,Commercial & Retail Establishment · convenience
Morales Store,supermarket,14.989266,120.578282,"Pampanga, Pampanga",Pampanga,Central,(045) 961-0000 / 911,0,False,Commercial & Retail Supplies Hub,Commercial & Retail Establishment · convenience
Zuniga Sari-sari Store,supermarket,14.989062,120.580154,"Pampanga, Pampanga",Pampanga,Central,(045) 961-0000 / 911,0,False,Commercial & Retail Supplies Hub,Commercial & Retail Establishment · convenience
Danimaky Pawnshop & Money Changer,supermarket,14.976184,120.642579,"Guagua, Pampanga",Guagua,Central,(045) 961-0000 / 911,0,False,Commercial & Retail Supplies Hub,Commercial & Retail Establishment · pawnbroker
Manson Drug,pharmacy,14.965637,120.633797,"Calle Burgos, Guagua, Pampanga",Guagua,Central,(045) 961-0000 / 911,0,False,Pharmacy & Medical Supplies,"First-Aid, Essential Medications & Antibiotics"
Susie's Cuisine,supermarket,14.965605,120.634166,"Guagua, Pampanga",Guagua,Central,(045) 961-0000 / 911,0,False,Commercial & Retail Supplies Hub,Commercial & Retail Establishment · fast_food
Café Bonjour,supermarket,14.976981,120.758957,"North Luzon Expressway, San Simon, Pampanga",San Simon,Central,(045) 961-0000 / 911,0,False,Commercial & Retail Supplies Hub,Commercial & Retail Establishment · convenience
Tapa King,supermarket,14.977134,120.759252,"North Luzon Expressway, San Simon, Pampanga",San Simon,Central,(045) 961-0000 / 911,0,False,Commercial & Retail Supplies Hub,Commercial & Retail Establishment · fast_food
Tropical Hut Hamburger,supermarket,14.977203,120.758962,"North Luzon Expressway, San Simon, Pampanga",San Simon,Central,(045) 961-0000 / 911,0,False,Commercial & Retail Supplies Hub,Commercial & Retail Establishment · fast_food
Gigi store,supermarket,14.995707,120.566399,"Pampanga, Pampanga",Pampanga,Central,(045) 961-0000 / 911,0,False,Commercial & Retail Supplies Hub,Commercial & Retail Establishment · convenience
Guagua Municipal Police Station,police,14.965175,120.633355,"Senator Gil Puyat Avenue, Guagua, Pampanga",Guagua,Central,117 / 911,0,False,Police Station / Law Enforcement,24/7 Security & Search and Rescue Standby
Guagua Postal Office,government,14.965151,120.633329,"Guagua, Pampanga",Guagua,Central,(045) 961-0000 / 911,0,False,"Municipal, Civic & Landmark Building",Public Infrastructure & Community Landmark
Dhona store,supermarket,14.995494,120.567227,"Pampanga, Pampanga",Pampanga,Central,(045) 961-0000 / 911,0,False,Commercial & Retail Supplies Hub,Commercial & Retail Establishment · convenience
Sweet store,supermarket,14.99541,120.567559,"Pampanga, Pampanga",Pampanga,Central,(045) 961-0000 / 911,0,False,Commercial & Retail Supplies Hub,Commercial & Retail Establishment · convenience
Pinlac's Store,supermarket,14.966553,120.612158,"Pampanga, Pampanga",Pampanga,Central,(045) 961-0000 / 911,0,False,Commercial & Retail Supplies Hub,Commercial & Retail Establishment · convenience
Wensha healthy drinking water Store,supermarket,14.967536,120.614295,"Pampanga, Pampanga",Pampanga,Central,(045) 961-0000 / 911,0,False,Commercial & Retail Supplies Hub,Commercial & Retail Establishment · Wensha Healthy Drinking Water
Rja lumber and hardware Store,supermarket,14.9677,120.614584,"Pampanga, Pampanga",Pampanga,Central,(045) 961-0000 / 911,0,False,Commercial & Retail Supplies Hub,Commercial & Retail Establishment · RJA Lumber and Hardware
M. Buena Bakery,supermarket,14.970025,120.617988,"Pampanga, Pampanga",Pampanga,Central,(045) 961-0000 / 911,0,False,Commercial & Retail Supplies Hub,Commercial & Retail Establishment · bakery
Andrew and Paolo's Convenience Store,supermarket,14.971284,120.618193,"Pampanga, Pampanga",Pampanga,Central,(045) 961-0000 / 911,0,False,Commercial & Retail Supplies Hub,Commercial & Retail Establishment · convenience
Bank of Florida,supermarket,14.965493,120.633099,"Calle Rizal, Guagua, Pampanga",Guagua,Central,(045) 961-0000 / 911,0,False,Commercial & Retail Supplies Hub,Commercial & Retail Establishment · bank
Cafe Bella,supermarket,14.966852,120.632836,"Guagua - Santa Rita Arterial Road, Guagua, Pampanga",Guagua,Central,(045) 961-0000 / 911,0,False,Commercial & Retail Supplies Hub,Commercial & Retail Establishment · cafe
Burby's Breakfast Grill,supermarket,14.977093,120.759178,"North Luzon Expressway, San Simon, Pampanga",San Simon,Central,(045) 961-0000 / 911,0,False,Commercial & Retail Supplies Hub,Commercial & Retail Establishment · restaurant
Hardware Store,supermarket,15.226082,120.661522,"Pampanga, Pampanga",Pampanga,Central,(045) 961-0000 / 911,0,False,Commercial & Retail Supplies Hub,Commercial & Retail Establishment · hardware
Remel Junk Shop,government,15.218063,120.666154,"Pampanga, Pampanga",Pampanga,Central,(045) 961-0000 / 911,0,False,"Municipal, Civic & Landmark Building",Public Infrastructure & Community Landmark
Travel Scout.ph Inc,supermarket,15.166403,120.563704,"Don Juico Avenue, Angeles City, Pampanga",Angeles City,Central,+63 45 8921623,0,False,Commercial & Retail Supplies Hub,Commercial & Retail Establishment · travel_agency
Mirrors Club,government,15.16641,120.563776,"Don Juico Avenue, Angeles City, Pampanga",Angeles City,Central,(045) 961-0000 / 911,0,False,"Municipal, Civic & Landmark Building",Public Infrastructure & Community Landmark
Shipwrecked,government,15.167407,120.587262,"Walking Street, Angeles City, Pampanga",Angeles City,Central,(045) 961-0000 / 911,0,False,"Municipal, Civic & Landmark Building",Public Infrastructure & Community Landmark
Equus,government,15.167249,120.588225,"Walking Street, Angeles City, Pampanga",Angeles City,Central,(045) 961-0000 / 911,0,False,"Municipal, Civic & Landmark Building",Public Infrastructure & Community Landmark
Arcadia,government,15.167209,120.588177,"Walking Street, Angeles City, Pampanga",Angeles City,Central,(045) 961-0000 / 911,0,False,"Municipal, Civic & Landmark Building",Public Infrastructure & Community Landmark
Atlantis,government,15.167111,120.586525,"Fields Avenue, Angeles City, Pampanga",Angeles City,Central,(045) 961-0000 / 911,0,False,"Municipal, Civic & Landmark Building",Public Infrastructure & Community Landmark
Phillies,supermarket,15.167001,120.586078,"Fields Avenue, Angeles City, Pampanga",Angeles City,Central,+63 45 598 0169,0,False,Commercial & Retail Supplies Hub,Commercial & Retail Establishment · restaurant
Skytrax,government,15.166878,120.58566,"Pampanga, Pampanga",Pampanga,Central,(045) 961-0000 / 911,0,False,"Municipal, Civic & Landmark Building",Public Infrastructure & Community Landmark
ACEPO,government,15.167162,120.585484,"Pampanga, Pampanga",Pampanga,Central,(045) 961-0000 / 911,0,False,"Municipal, Civic & Landmark Building",Public Infrastructure & Community Landmark
Angels Bakery,supermarket,15.166189,120.582227,"Fields Avenue, Angeles CIty, Pampanga",Angeles CIty,Central,(045) 961-0000 / 911,0,False,Commercial & Retail Supplies Hub,Commercial & Retail Establishment · bakery
Hercules,government,15.166216,120.582304,"Fields Avenue, Angeles CIty, Pampanga",Angeles CIty,Central,(045) 961-0000 / 911,0,False,"Municipal, Civic & Landmark Building",Public Infrastructure & Community Landmark
Clark Imperial,government,15.165894,120.582364,"Angeles CIty, Pampanga",Angeles CIty,Central,(045) 961-0000 / 911,0,False,"Municipal, Civic & Landmark Building",Public Infrastructure & Community Landmark
Prime Asia,government,15.162615,120.584069,"Narciso Street, Angeles City, Pampanga",Angeles City,Central,(045) 961-0000 / 911,0,False,"Municipal, Civic & Landmark Building",Public Infrastructure & Community Landmark
Hilltop,government,15.165352,120.569913,"Ageles City, Pampanga",Ageles City,Central,(045) 961-0000 / 911,0,False,"Municipal, Civic & Landmark Building",Public Infrastructure & Community Landmark
Asian Dream Massage,supermarket,15.164779,120.558249,"Pampanga, Pampanga",Pampanga,Central,(045) 961-0000 / 911,0,False,Commercial & Retail Supplies Hub,Commercial & Retail Establishment · massage
Candy Bar,government,15.165371,120.574289,"Pampanga, Pampanga",Pampanga,Central,(045) 961-0000 / 911,0,False,"Municipal, Civic & Landmark Building",Public Infrastructure & Community Landmark
DollHouse,government,15.167123,120.586764,"Pampanga, Pampanga",Pampanga,Central,(045) 961-0000 / 911,0,False,"Municipal, Civic & Landmark Building",Public Infrastructure & Community Landmark
Lolipop,government,15.167199,120.587007,"Pampanga, Pampanga",Pampanga,Central,(045) 961-0000 / 911,0,False,"Municipal, Civic & Landmark Building",Public Infrastructure & Community Landmark
Kimchi,supermarket,15.166736,120.585084,"Pampanga, Pampanga",Pampanga,Central,(045) 961-0000 / 911,0,False,Commercial & Retail Supplies Hub,Commercial & Retail Establishment · restaurant
Viking,government,15.167407,120.58773,"Pampanga, Pampanga",Pampanga,Central,(045) 961-0000 / 911,0,False,"Municipal, Civic & Landmark Building",Public Infrastructure & Community Landmark
Voodoo,government,15.167175,120.587462,"Pampanga, Pampanga",Pampanga,Central,(045) 961-0000 / 911,0,False,"Municipal, Civic & Landmark Building",Public Infrastructure & Community Landmark
Moonlight,government,15.165351,120.57442,"Pampanga, Pampanga",Pampanga,Central,(045) 961-0000 / 911,0,False,"Municipal, Civic & Landmark Building",Public Infrastructure & Community Landmark
7-Eleven,supermarket,15.166127,120.569219,"Don Juico Avenue, Pampanga, Pampanga",Pampanga,Central,(045) 961-0000 / 911,0,False,Commercial & Retail Supplies Hub,Commercial & Retail Establishment · convenience
7-Eleven,supermarket,15.166601,120.584355,"Fields Avenue, Pampanga, Pampanga",Pampanga,Central,(045) 961-0000 / 911,0,False,Commercial & Retail Supplies Hub,Commercial & Retail Establishment · convenience
7-Eleven,supermarket,15.159816,120.55667,"Pampanga, Pampanga",Pampanga,Central,(045) 961-0000 / 911,0,False,Commercial & Retail Supplies Hub,Commercial & Retail Establishment · convenience
Las Vegas,government,15.166742,120.586149,"Pampanga, Pampanga",Pampanga,Central,(045) 961-0000 / 911,0,False,"Municipal, Civic & Landmark Building",Public Infrastructure & Community Landmark
Ohayo San Kenko Spa & Sauna,supermarket,15.162261,120.552409,"Pampanga, Pampanga",Pampanga,Central,(045) 961-0000 / 911,0,False,Commercial & Retail Supplies Hub,Commercial & Retail Establishment · spa
Farm Depot Livestock & Agricultural Supply,supermarket,14.868078,120.461102,"Dinalupihan, Pampanga",Dinalupihan,Central,(045) 961-0000 / 911,0,False,Commercial & Retail Supplies Hub,Commercial & Retail Establishment · trade
Goldilocks,supermarket,14.868068,120.461029,"Dinalupihan, Pampanga",Dinalupihan,Central,(045) 961-0000 / 911,0,False,Commercial & Retail Supplies Hub,Commercial & Retail Establishment · bakery
Spazieta Body Massage & Spa,supermarket,14.868125,120.461274,"Dinalupihan, Pampanga",Dinalupihan,Central,(045) 961-0000 / 911,0,False,Commercial & Retail Supplies Hub,Commercial & Retail Establishment · massage
The Bean Box,supermarket,14.868085,120.461223,"Dinalupihan, Pampanga",Dinalupihan,Central,(045) 961-0000 / 911,0,False,Commercial & Retail Supplies Hub,Commercial & Retail Establishment · cafe
Wooden Kitchenette,supermarket,14.868056,120.461361,"Dinalupihan, Pampanga",Dinalupihan,Central,(045) 961-0000 / 911,0,False,Commercial & Retail Supplies Hub,Commercial & Retail Establishment · fast_food
CTR Marketing,supermarket,15.14036,120.588715,"Rizal Street, Pampanga, Pampanga",Pampanga,Central,+63458882009,0,False,Commercial & Retail Supplies Hub,Commercial & Retail Establishment · doityourself
KFC,supermarket,15.134637,120.588776,"Pampanga, Pampanga",Pampanga,Central,(045) 961-0000 / 911,0,False,Commercial & Retail Supplies Hub,Commercial & Retail Establishment · fast_food
Abenson,supermarket,15.135263,120.588209,"Pampanga, Pampanga",Pampanga,Central,(045) 961-0000 / 911,0,False,Commercial & Retail Supplies Hub,Commercial & Retail Establishment · appliance
Startek Angeles,government,15.133269,120.586734,"Pampanga, Pampanga",Pampanga,Central,(045) 961-0000 / 911,0,False,"Municipal, Civic & Landmark Building",Public Infrastructure & Community Landmark
Expressions,supermarket,15.134713,120.588827,"Pampanga, Pampanga",Pampanga,Central,(045) 961-0000 / 911,0,False,Commercial & Retail Supplies Hub,Commercial & Retail Establishment · stationery
Security Bank,supermarket,15.135337,120.589291,"Dalan Santo Rosario, Pampanga, Pampanga",Pampanga,Central,(045) 961-0000 / 911,0,False,Commercial & Retail Supplies Hub,Commercial & Retail Establishment · bank
Uncle John's,supermarket,15.135965,120.58819,"Teresa Avenue, Pampanga, Pampanga",Pampanga,Central,(045) 961-0000 / 911,0,False,Commercial & Retail Supplies Hub,Commercial & Retail Establishment · convenience
Security Bank,supermarket,15.177262,120.529451,"Pampanga, Pampanga",Pampanga,Central,(045) 961-0000 / 911,0,False,Commercial & Retail Supplies Hub,Commercial & Retail Establishment · bank
Hexus Outsourcing Services,government,15.177284,120.525864,"Jose Abad Santos Avenue, Clark Freeport Zone, Clark Pampanga Philippines, Pampanga","Clark Freeport Zone, Clark Pampanga Philippines",Central,(045) 961-0000 / 911,0,False,"Municipal, Civic & Landmark Building",Public Infrastructure & Community Landmark
E-CELL,government,15.177191,120.525713,"Pampanga, Pampanga",Pampanga,Central,(045) 961-0000 / 911,0,False,"Municipal, Civic & Landmark Building",Public Infrastructure & Community Landmark
PNB,supermarket,15.177416,120.529108,"Pampanga, Pampanga",Pampanga,Central,(045) 961-0000 / 911,0,False,Commercial & Retail Supplies Hub,Commercial & Retail Establishment · bank
Pandayan Bookshop,supermarket,15.135295,120.590088,"Pampanga, Pampanga",Pampanga,Central,(045) 961-0000 / 911,0,False,Commercial & Retail Supplies Hub,Commercial & Retail Establishment · books
Mister Donut,supermarket,15.135247,120.590177,"Pampanga, Pampanga",Pampanga,Central,(045) 961-0000 / 911,0,False,Commercial & Retail Supplies Hub,Commercial & Retail Establishment · fast_food
KFC,supermarket,15.135273,120.59014,"Pampanga, Pampanga",Pampanga,Central,(045) 961-0000 / 911,0,False,Commercial & Retail Supplies Hub,Commercial & Retail Establishment · fast_food
Video City,supermarket,15.135421,120.589747,"Pampanga, Pampanga",Pampanga,Central,(045) 961-0000 / 911,0,False,Commercial & Retail Supplies Hub,Commercial & Retail Establishment · video
Johnny's Supermarket,supermarket,15.135385,120.589811,"Pampanga, Pampanga",Pampanga,Central,(045) 961-0000 / 911,0,False,Commercial & Retail Supplies Hub,Commercial & Retail Establishment · supermarket
Aquino's Bestcutters,supermarket,15.135053,120.590673,"Pampanga, Pampanga",Pampanga,Central,(045) 961-0000 / 911,0,False,Commercial & Retail Supplies Hub,Commercial & Retail Establishment · hairdresser
Floral Shop,supermarket,15.135106,120.590274,"Pampanga, Pampanga",Pampanga,Central,(045) 961-0000 / 911,0,False,Commercial & Retail Supplies Hub,Commercial & Retail Establishment · florist
Western Union,government,15.135818,120.589139,"Dalan Santo Rosario, Pampanga, Pampanga",Pampanga,Central,(045) 961-0000 / 911,0,False,"Municipal, Civic & Landmark Building",Public Infrastructure & Community Landmark
Orchid's Bookstore,supermarket,15.135754,120.589249,"Pampanga, Pampanga",Pampanga,Central,(045) 961-0000 / 911,0,False,Commercial & Retail Supplies Hub,Commercial & Retail Establishment · books
Junjun's Restaurant - Guagua,supermarket,14.982961,120.621054,"Pampanga, Pampanga",Pampanga,Central,(045) 961-0000 / 911,0,False,Commercial & Retail Supplies Hub,Commercial & Retail Establishment · restaurant
Car Service,supermarket,14.985935,120.624882,"Pampanga, Pampanga",Pampanga,Central,(045) 961-0000 / 911,0,False,Commercial & Retail Supplies Hub,Commercial & Retail Establishment · car_repair
Valle Verde Lodge,government,14.994712,120.635923,"Pampanga, Pampanga",Pampanga,Central,(045) 961-0000 / 911,0,False,"Municipal, Civic & Landmark Building",Public Infrastructure & Community Landmark
Philmania Apartelle,government,15.164527,120.57265,"Mount Arayat Street, Pampanga, Pampanga",Pampanga,Central,+63 45 624 0068;+63 915 524 6349,0,False,"Municipal, Civic & Landmark Building",Public Infrastructure & Community Landmark
Villa Santol,supermarket,15.165502,120.586242,"Pampanga, Pampanga",Pampanga,Central,+63 919 220 1143,0,False,Commercial & Retail Supplies Hub,Commercial & Retail Establishment · restaurant
Royal Hotel,government,15.133185,120.552935,"Pampanga, Pampanga",Pampanga,Central,(045) 961-0000 / 911,0,False,"Municipal, Civic & Landmark Building",Public Infrastructure & Community Landmark
Christian Academy of Pandi,school,14.858129,120.926383,"Balagtas-Pandi Road, Pandi, Pampanga",Pandi,Central,(045) 961-0000 / 911,0,False,Evacuation Shelter / Education Facility,High-Ground Evacuation Shelter · Relief Goods Depot
Iglrsia Ni Cristo,government,14.850103,120.909736,"Pampanga, Pampanga",Pampanga,Central,(045) 961-0000 / 911,0,False,"Municipal, Civic & Landmark Building",Public Infrastructure & Community Landmark
Parokya ni San Isidro Labrador,government,14.908053,120.929087,"Bustos Pandi Road, Bustos, Pampanga",Bustos,Central,(045) 961-0000 / 911,0,False,"Municipal, Civic & Landmark Building",Public Infrastructure & Community Landmark
Malamig Chapel,government,14.936679,120.927864,"Bustos Pandi Road, Bustos, Pampanga",Bustos,Central,(045) 961-0000 / 911,0,False,"Municipal, Civic & Landmark Building",Public Infrastructure & Community Landmark
Orient Pearl,government,15.168741,120.589616,"MacArthur Highway, Angeles City, Pampanga",Angeles City,Central,+639175103730;+63456256447,0,False,"Municipal, Civic & Landmark Building",Public Infrastructure & Community Landmark
Urban Generation,supermarket,14.843293,120.812313,"M. Crisostomo Street, Pampanga, Pampanga",Pampanga,Central,(045) 961-0000 / 911,0,False,Commercial & Retail Supplies Hub,Commercial & Retail Establishment · yes
Sangguniang Pambarangay ng Matungao,government,14.803119,120.880426,"Pampanga, Pampanga",Pampanga,Central,(045) 961-0000 / 911,0,False,"Municipal, Civic & Landmark Building",Public Infrastructure & Community Landmark
Ponderosa Hotel Pampanga,government,15.169233,120.594122,"Pampanga, Pampanga",Pampanga,Central,(045) 961-0000 / 911,0,False,"Municipal, Civic & Landmark Building",Public Infrastructure & Community Landmark
Western Union,government,15.167495,120.589969,"Pampanga, Pampanga",Pampanga,Central,(045) 961-0000 / 911,0,False,"Municipal, Civic & Landmark Building",Public Infrastructure & Community Landmark
Donut King,supermarket,15.167631,120.589948,"Pampanga, Pampanga",Pampanga,Central,(045) 961-0000 / 911,0,False,Commercial & Retail Supplies Hub,Commercial & Retail Establishment · cafe
DNC Travel,government,15.16716,120.586101,"Pampanga, Pampanga",Pampanga,Central,(045) 961-0000 / 911,0,False,"Municipal, Civic & Landmark Building",Public Infrastructure & Community Landmark
Mario Quality Pool Sticks,government,15.167227,120.586387,"Pampanga, Pampanga",Pampanga,Central,(045) 961-0000 / 911,0,False,"Municipal, Civic & Landmark Building",Public Infrastructure & Community Landmark
Western Union,government,15.167531,120.589377,"Pampanga, Pampanga",Pampanga,Central,(045) 961-0000 / 911,0,False,"Municipal, Civic & Landmark Building",Public Infrastructure & Community Landmark
Imee,supermarket,15.167544,120.589482,"Pampanga, Pampanga",Pampanga,Central,(045) 961-0000 / 911,0,False,Commercial & Retail Supplies Hub,Commercial & Retail Establishment · massage
Bamboo,government,15.167218,120.588302,"Pampanga, Pampanga",Pampanga,Central,(045) 961-0000 / 911,0,False,"Municipal, Civic & Landmark Building",Public Infrastructure & Community Landmark
7-Eleven,supermarket,15.167643,120.589624,"Pampanga, Pampanga",Pampanga,Central,(045) 961-0000 / 911,0,False,Commercial & Retail Supplies Hub,Commercial & Retail Establishment · convenience
Centauro,government,15.167162,120.586662,"Pampanga, Pampanga",Pampanga,Central,(045) 961-0000 / 911,0,False,"Municipal, Civic & Landmark Building",Public Infrastructure & Community Landmark
Gecko's,government,15.167134,120.586917,"Pampanga, Pampanga",Pampanga,Central,(045) 961-0000 / 911,0,False,"Municipal, Civic & Landmark Building",Public Infrastructure & Community Landmark
Monsoon,government,15.167373,120.587319,"Pampanga, Pampanga",Pampanga,Central,(045) 961-0000 / 911,0,False,"Municipal, Civic & Landmark Building",Public Infrastructure & Community Landmark
Lancelot,government,15.167363,120.587177,"Pampanga, Pampanga",Pampanga,Central,(045) 961-0000 / 911,0,False,"Municipal, Civic & Landmark Building",Public Infrastructure & Community Landmark
Champagne,government,15.167397,120.587591,"Pampanga, Pampanga",Pampanga,Central,(045) 961-0000 / 911,0,False,"Municipal, Civic & Landmark Building",Public Infrastructure & Community Landmark
La Bamba,government,15.167151,120.587095,"Pampanga, Pampanga",Pampanga,Central,(045) 961-0000 / 911,0,False,"Municipal, Civic & Landmark Building",Public Infrastructure & Community Landmark
Masquerades,government,15.167214,120.58715,"Pampanga, Pampanga",Pampanga,Central,(045) 961-0000 / 911,0,False,"Municipal, Civic & Landmark Building",Public Infrastructure & Community Landmark
Red Sea,supermarket,15.167511,120.588729,"Pampanga, Pampanga",Pampanga,Central,(045) 961-0000 / 911,0,False,Commercial & Retail Supplies Hub,Commercial & Retail Establishment · restaurant
Passion,government,15.166661,120.584901,"Pampanga, Pampanga",Pampanga,Central,(045) 961-0000 / 911,0,False,"Municipal, Civic & Landmark Building",Public Infrastructure & Community Landmark
Body Shop,government,15.166764,120.586387,"Pampanga, Pampanga",Pampanga,Central,(045) 961-0000 / 911,0,False,"Municipal, Civic & Landmark Building",Public Infrastructure & Community Landmark
Angel Witch,government,15.166961,120.585937,"Pampanga, Pampanga",Pampanga,Central,(045) 961-0000 / 911,0,False,"Municipal, Civic & Landmark Building",Public Infrastructure & Community Landmark
Tropix,government,15.166822,120.586626,"Pampanga, Pampanga",Pampanga,Central,(045) 961-0000 / 911,0,False,"Municipal, Civic & Landmark Building",Public Infrastructure & Community Landmark
Tourist,government,15.166695,120.585016,"Pampanga, Pampanga",Pampanga,Central,(045) 961-0000 / 911,0,False,"Municipal, Civic & Landmark Building",Public Infrastructure & Community Landmark
Baby Dolls,supermarket,15.166868,120.586833,"Pampanga, Pampanga",Pampanga,Central,(045) 961-0000 / 911,0,False,Commercial & Retail Supplies Hub,Commercial & Retail Establishment · restaurant
Agsaya,government,15.166854,120.586509,"Pampanga, Pampanga",Pampanga,Central,(045) 961-0000 / 911,0,False,"Municipal, Civic & Landmark Building",Public Infrastructure & Community Landmark
Camelot,government,15.166753,120.585161,"Pampanga, Pampanga",Pampanga,Central,(045) 961-0000 / 911,0,False,"Municipal, Civic & Landmark Building",Public Infrastructure & Community Landmark
Midnight Cruiser,government,15.166651,120.584968,"Pampanga, Pampanga",Pampanga,Central,(045) 961-0000 / 911,0,False,"Municipal, Civic & Landmark Building",Public Infrastructure & Community Landmark
Black Pearl,government,15.166157,120.587407,"Pampanga, Pampanga",Pampanga,Central,(045) 961-0000 / 911,0,False,"Municipal, Civic & Landmark Building",Public Infrastructure & Community Landmark
Apt Royale,government,15.166621,120.58519,"Pampanga, Pampanga",Pampanga,Central,(045) 961-0000 / 911,0,False,"Municipal, Civic & Landmark Building",Public Infrastructure & Community Landmark
Brown Sugar,government,15.166761,120.585254,"Pampanga, Pampanga",Pampanga,Central,(045) 961-0000 / 911,0,False,"Municipal, Civic & Landmark Building",Public Infrastructure & Community Landmark
A and R Furniture,supermarket,15.166533,120.584636,"Pampanga, Pampanga",Pampanga,Central,(045) 961-0000 / 911,0,False,Commercial & Retail Supplies Hub,Commercial & Retail Establishment · furniture
Orchid Inn,government,15.166581,120.58637,"Pampanga, Pampanga",Pampanga,Central,(045) 961-0000 / 911,0,False,"Municipal, Civic & Landmark Building",Public Infrastructure & Community Landmark
Greyfox Resto Bar,government,15.165461,120.573946,"Pampanga, Pampanga",Pampanga,Central,(045) 961-0000 / 911,0,False,"Municipal, Civic & Landmark Building",Public Infrastructure & Community Landmark
950 Condotel,government,15.166338,120.583746,"Pampanga, Pampanga",Pampanga,Central,(045) 961-0000 / 911,0,False,"Municipal, Civic & Landmark Building",Public Infrastructure & Community Landmark
Sunshine Laundry,supermarket,15.165915,120.580475,"Pampanga, Pampanga",Pampanga,Central,(045) 961-0000 / 911,0,False,Commercial & Retail Supplies Hub,Commercial & Retail Establishment · laundry
Eureka,government,15.165908,120.580409,"Pampanga, Pampanga",Pampanga,Central,(045) 961-0000 / 911,0,False,"Municipal, Civic & Landmark Building",Public Infrastructure & Community Landmark
Tug's Restobar,supermarket,15.166297,120.583817,"Pampanga, Pampanga",Pampanga,Central,(045) 961-0000 / 911,0,False,Commercial & Retail Supplies Hub,Commercial & Retail Establishment · restaurant
Garfield's Last Stand,government,15.16549,120.573734,"Don Juico Avenue, Pampanga, Pampanga",Pampanga,Central,(045) 961-0000 / 911,0,False,"Municipal, Civic & Landmark Building",Public Infrastructure & Community Landmark
Spyh Battery Store,supermarket,15.165815,120.5716,"Don Juico Avenue, Pampanga, Pampanga",Pampanga,Central,(045) 961-0000 / 911,0,False,Commercial & Retail Supplies Hub,Commercial & Retail Establishment · car_parts
Sorriso,supermarket,15.165662,120.57251,"Don Juico Avenue, Pampanga, Pampanga",Pampanga,Central,(045) 961-0000 / 911,0,False,Commercial & Retail Supplies Hub,Commercial & Retail Establishment · restaurant
Tricycle Terminal,government,15.16637,120.563323,"Pampanga, Pampanga",Pampanga,Central,(045) 961-0000 / 911,0,False,"Municipal, Civic & Landmark Building",Public Infrastructure & Community Landmark
O Garden Hotel,government,15.165883,120.564828,"Pampanga, Pampanga",Pampanga,Central,(045) 961-0000 / 911,0,False,"Municipal, Civic & Landmark Building",Public Infrastructure & Community Landmark
A Hua Dimsum,supermarket,15.166601,120.565044,"Don Juico Avenue, Pampanga, Pampanga",Pampanga,Central,(045) 961-0000 / 911,0,False,Commercial & Retail Supplies Hub,Commercial & Retail Establishment · restaurant
My Dentist,government,15.166391,120.563259,"Pampanga, Pampanga",Pampanga,Central,(045) 961-0000 / 911,0,False,"Municipal, Civic & Landmark Building",Public Infrastructure & Community Landmark
Crabs N Crack Seafood House,supermarket,15.160175,120.556492,"Pampanga, Pampanga",Pampanga,Central,(045) 961-0000 / 911,0,False,Commercial & Retail Supplies Hub,Commercial & Retail Establishment · restaurant
R and B Bar & Resto,government,15.165648,120.560071,"Pampanga, Pampanga",Pampanga,Central,(045) 961-0000 / 911,0,False,"Municipal, Civic & Landmark Building",Public Infrastructure & Community Landmark
Majaraja Hotel,government,15.165381,120.559797,"Pampanga, Pampanga",Pampanga,Central,(045) 961-0000 / 911,0,False,"Municipal, Civic & Landmark Building",Public Infrastructure & Community Landmark
Mikel Mars Minimart,supermarket,15.16496,120.558758,"Pampanga, Pampanga",Pampanga,Central,(045) 961-0000 / 911,0,False,Commercial & Retail Supplies Hub,Commercial & Retail Establishment · convenience
Car Del Laundry,supermarket,15.165516,120.559745,"Pampanga, Pampanga",Pampanga,Central,(045) 961-0000 / 911,0,False,Commercial & Retail Supplies Hub,Commercial & Retail Establishment · laundry
Star Gate,government,15.165284,120.559297,"Pampanga, Pampanga",Pampanga,Central,(045) 961-0000 / 911,0,False,"Municipal, Civic & Landmark Building",Public Infrastructure & Community Landmark
The Cotton Club,government,15.164685,120.558014,"Pampanga, Pampanga",Pampanga,Central,(045) 961-0000 / 911,0,False,"Municipal, Civic & Landmark Building",Public Infrastructure & Community Landmark
A-One 24 Pharmacy,pharmacy,15.160218,120.555999,"Pampanga, Pampanga",Pampanga,Central,(045) 961-0000 / 911,0,False,Pharmacy & Medical Supplies,"First-Aid, Essential Medications & Antibiotics"
JJC Laundry Shop,supermarket,15.163087,120.555446,"Pampanga, Pampanga",Pampanga,Central,(045) 961-0000 / 911,0,False,Commercial & Retail Supplies Hub,Commercial & Retail Establishment · laundry
Screaming Eagle Cafe,supermarket,15.163901,120.556626,"Pampanga, Pampanga",Pampanga,Central,(045) 961-0000 / 911,0,False,Commercial & Retail Supplies Hub,Commercial & Retail Establishment · cafe
Sum Na Ra Korean Rerstaurant,supermarket,15.165577,120.559872,"Pampanga, Pampanga",Pampanga,Central,(045) 961-0000 / 911,0,False,Commercial & Retail Supplies Hub,Commercial & Retail Establishment · restaurant
Hotel Vanna,government,15.161689,120.555651,"Pampanga, Pampanga",Pampanga,Central,(045) 961-0000 / 911,0,False,"Municipal, Civic & Landmark Building",Public Infrastructure & Community Landmark
Mind Club,government,15.161644,120.555388,"Pampanga, Pampanga",Pampanga,Central,(045) 961-0000 / 911,0,False,"Municipal, Civic & Landmark Building",Public Infrastructure & Community Landmark
The Biz Cafe,supermarket,15.16109,120.555704,"Pampanga, Pampanga",Pampanga,Central,(045) 961-0000 / 911,0,False,Commercial & Retail Supplies Hub,Commercial & Retail Establishment · cafe
Pines International Academy,school,15.160488,120.554537,"Pampanga, Pampanga",Pampanga,Central,(045) 961-0000 / 911,0,False,Evacuation Shelter / Education Facility,High-Ground Evacuation Shelter · Relief Goods Depot
Warren & Stephen Frames,supermarket,15.160083,120.55614,"Pampanga, Pampanga",Pampanga,Central,(045) 961-0000 / 911,0,False,Commercial & Retail Supplies Hub,Commercial & Retail Establishment · frame
Hyun Jung Restaurant,supermarket,15.159145,120.556641,"Pampanga, Pampanga",Pampanga,Central,(045) 961-0000 / 911,0,False,Commercial & Retail Supplies Hub,Commercial & Retail Establishment · restaurant
Seven Days Laundry,supermarket,15.164249,120.557265,"Pampanga, Pampanga",Pampanga,Central,(045) 961-0000 / 911,0,False,Commercial & Retail Supplies Hub,Commercial & Retail Establishment · laundry
JMI Motors & Car Wash,supermarket,15.164421,120.557581,"Pampanga, Pampanga",Pampanga,Central,(045) 961-0000 / 911,0,False,Commercial & Retail Supplies Hub,Commercial & Retail Establishment · car_repair
Bank of the Philippine Islands,supermarket,15.163963,120.556782,"Pampanga, Pampanga",Pampanga,Central,(045) 961-0000 / 911,0,False,Commercial & Retail Supplies Hub,Commercial & Retail Establishment · bank
Republika Resto & Bar,supermarket,15.161282,120.555616,"Pampanga, Pampanga",Pampanga,Central,(045) 961-0000 / 911,0,False,Commercial & Retail Supplies Hub,Commercial & Retail Establishment · restaurant
Enriquez Dental Clinic,hospital,15.16313,120.555403,"Pampanga, Pampanga",Pampanga,Central,(045) 961-0000 / 911,20,False,Primary Health Clinic / RHU,20 Beds · Hotline: (045) 961-0000 / 911
Marquis Hotel,government,15.163825,120.576264,"Pampanga, Pampanga",Pampanga,Central,(045) 961-0000 / 911,0,False,"Municipal, Civic & Landmark Building",Public Infrastructure & Community Landmark
Helicopter,government,15.162286,120.577102,"Pampanga, Pampanga",Pampanga,Central,(045) 961-0000 / 911,0,False,"Municipal, Civic & Landmark Building",Public Infrastructure & Community Landmark
Silks Inn,government,15.162508,120.578956,"Pampanga, Pampanga",Pampanga,Central,(045) 961-0000 / 911,0,False,"Municipal, Civic & Landmark Building",Public Infrastructure & Community Landmark
Bluefields,government,15.163559,120.57598,"Pampanga, Pampanga",Pampanga,Central,(045) 961-0000 / 911,0,False,"Municipal, Civic & Landmark Building",Public Infrastructure & Community Landmark
B&B Grill,supermarket,15.158724,120.581777,"Richtofen Street, Pampanga, Pampanga",Pampanga,Central,+63 917 548 2325,0,False,Commercial & Retail Supplies Hub,Commercial & Retail Establishment · restaurant
Sienpost Grill,government,15.158731,120.58158,"Pampanga, Pampanga",Pampanga,Central,(045) 961-0000 / 911,0,False,"Municipal, Civic & Landmark Building",Public Infrastructure & Community Landmark
Jelyzza Grill,government,15.160127,120.582716,"Pampanga, Pampanga",Pampanga,Central,(045) 961-0000 / 911,0,False,"Municipal, Civic & Landmark Building",Public Infrastructure & Community Landmark
LMG Gas,gas_station,15.160859,120.582223,"Pampanga, Pampanga",Pampanga,Central,(045) 961-0000 / 911,0,False,Fuel Station,Gasoline & Diesel Fuel · Operational Fuel Point
Richtofen Restaurant,supermarket,15.155478,120.583421,"Pampanga, Pampanga",Pampanga,Central,(045) 961-0000 / 911,0,False,Commercial & Retail Supplies Hub,Commercial & Retail Establishment · restaurant
Police Station,police,15.156758,120.58314,"Pampanga, Pampanga",Pampanga,Central,117 / 911,0,False,Police Station / Law Enforcement,24/7 Security & Search and Rescue Standby
7-Eleven,supermarket,15.158668,120.592207,"MacArthur Highway, Angeles, Pampanga",Angeles,Central,(045) 961-0000 / 911,0,False,Commercial & Retail Supplies Hub,Commercial & Retail Establishment · convenience
Mother's Cake House,supermarket,15.162764,120.591543,"Pampanga, Pampanga",Pampanga,Central,(045) 961-0000 / 911,0,False,Commercial & Retail Supplies Hub,Commercial & Retail Establishment · pastry
Koala Hotel,government,15.159502,120.594241,"Pampanga, Pampanga",Pampanga,Central,(045) 961-0000 / 911,0,False,"Municipal, Civic & Landmark Building",Public Infrastructure & Community Landmark
Bruno and Diego Bar,government,15.160301,120.592452,"Pampanga, Pampanga",Pampanga,Central,(045) 961-0000 / 911,0,False,"Municipal, Civic & Landmark Building",Public Infrastructure & Community Landmark
Balibago Hotel,government,15.16021,120.592927,"Pampanga, Pampanga",Pampanga,Central,(045) 961-0000 / 911,0,False,"Municipal, Civic & Landmark Building",Public Infrastructure & Community Landmark
Swagman Hotel,government,15.159427,120.594579,"Pampanga, Pampanga",Pampanga,Central,(045) 961-0000 / 911,0,False,"Municipal, Civic & Landmark Building",Public Infrastructure & Community Landmark
Police KC 41,police,15.160013,120.591853,"Pampanga, Pampanga",Pampanga,Central,117 / 911,0,False,Police Station / Law Enforcement,24/7 Security & Search and Rescue Standby
KFC,supermarket,15.157179,120.591945,"MacArthur Highway, Angeles, Pampanga",Angeles,Central,(045) 961-0000 / 911,0,False,Commercial & Retail Supplies Hub,Commercial & Retail Establishment · fast_food
Matchon Chicken,supermarket,15.177171,120.516122,"Pampanga, Pampanga",Pampanga,Central,(045) 961-0000 / 911,0,False,Commercial & Retail Supplies Hub,Commercial & Retail Establishment · fast_food
Hanaro Korean Grocery,supermarket,15.177145,120.516191,"Pampanga, Pampanga",Pampanga,Central,(045) 961-0000 / 911,0,False,Commercial & Retail Supplies Hub,Commercial & Retail Establishment · supermarket
Cafe Tre,supermarket,15.177056,120.516433,"Pampanga, Pampanga",Pampanga,Central,(045) 961-0000 / 911,0,False,Commercial & Retail Supplies Hub,Commercial & Retail Establishment · cafe
Natividad Police Office,police,14.994116,120.584834,"Pampanga, Pampanga",Pampanga,Central,117 / 911,0,False,Police Station / Law Enforcement,24/7 Security & Search and Rescue Standby
Smart Dreams Child Development Center,government,14.97576,120.636682,"Guagua Old National Highway, Guagua, Pampanga",Guagua,Central,(045) 961-0000 / 911,0,False,"Municipal, Civic & Landmark Building",Public Infrastructure & Community Landmark
San Juan Bautista Health Center,hospital,14.975708,120.636803,"Guagua Old National Highway, Guagua, Pampanga",Guagua,Central,(045) 961-0000 / 911,20,False,Primary Health Clinic / RHU,20 Beds · Hotline: (045) 961-0000 / 911
Vulcanizing Store,supermarket,14.989826,120.580954,"Pampanga, Pampanga",Pampanga,Central,(045) 961-0000 / 911,0,False,Commercial & Retail Supplies Hub,Commercial & Retail Establishment · vulcanizing
Barangay San Jose Day Care Center,school,14.974469,120.617222,"Pampanga, Pampanga",Pampanga,Central,(045) 961-0000 / 911,0,False,Evacuation Shelter / Education Facility,High-Ground Evacuation Shelter · Relief Goods Depot
Barangay San Jose Health Center,hospital,14.974479,120.617279,"Pampanga, Pampanga",Pampanga,Central,(045) 961-0000 / 911,20,False,Primary Health Clinic / RHU,20 Beds · Hotline: (045) 961-0000 / 911
Bright Dreams Day Care Center,government,14.968818,120.621328,"Guagua, Pampanga",Guagua,Central,(045) 961-0000 / 911,0,False,"Municipal, Civic & Landmark Building",Public Infrastructure & Community Landmark
San Pablo Health Center,hospital,14.968791,120.621236,"Guagua, Pampanga",Guagua,Central,(045) 961-0000 / 911,20,False,Primary Health Clinic / RHU,20 Beds · Hotline: (045) 961-0000 / 911
CDR-King,supermarket,15.135001,120.588712,"Pampanga, Pampanga",Pampanga,Central,(045) 961-0000 / 911,0,False,Commercial & Retail Supplies Hub,Commercial & Retail Establishment · computer
Japan Home Center,supermarket,15.136092,120.58769,"Pampanga, Pampanga",Pampanga,Central,(045) 961-0000 / 911,0,False,Commercial & Retail Supplies Hub,Commercial & Retail Establishment · general
Rizal Health Center,hospital,14.976358,120.590047,"Guagua, Pampanga",Guagua,Central,(045) 961-0000 / 911,20,False,Primary Health Clinic / RHU,20 Beds · Hotline: (045) 961-0000 / 911
Buslo Sizzling & Bulalo,supermarket,14.964691,120.899194,"Doña Remedios Trinidad Highway, Pampanga, Pampanga",Pampanga,Central,(045) 961-0000 / 911,0,False,Commercial & Retail Supplies Hub,Commercial & Retail Establishment · fast_food
McDonald's,supermarket,14.955001,120.901234,"Benigno S. Aquino Avenue, Baliuag, Pampanga",Baliuag,Central,(045) 961-0000 / 911,0,False,Commercial & Retail Supplies Hub,Commercial & Retail Establishment · fast_food
PSBank,supermarket,14.957349,120.899942,"Benigno S. Aquino Avenue, Pampanga, Pampanga",Pampanga,Central,(045) 961-0000 / 911,0,False,Commercial & Retail Supplies Hub,Commercial & Retail Establishment · bank
Bank of Makati,supermarket,14.956469,120.900399,"Benigno S. Aquino Avenue, Pampanga, Pampanga",Pampanga,Central,(045) 961-0000 / 911,0,False,Commercial & Retail Supplies Hub,Commercial & Retail Establishment · bank
Domino's,supermarket,14.956735,120.900095,"Pampanga, Pampanga",Pampanga,Central,(045) 961-0000 / 911,0,False,Commercial & Retail Supplies Hub,Commercial & Retail Establishment · fast_food
Baliwag Water District,government,14.957656,120.89985,"Benigno S. Aquino Avenue, Baliuag, Pampanga",Baliuag,Central,(045) 961-0000 / 911,0,False,"Municipal, Civic & Landmark Building",Public Infrastructure & Community Landmark
AMA Computer Learning Center,government,14.958122,120.899324,"Benigno S. Aquino Avenue, Pampanga, Pampanga",Pampanga,Central,(045) 961-0000 / 911,0,False,"Municipal, Civic & Landmark Building",Public Infrastructure & Community Landmark
Kawasaki,supermarket,14.958277,120.899234,"Benigno S. Aquino Avenue, Pampanga, Pampanga",Pampanga,Central,(045) 961-0000 / 911,0,False,Commercial & Retail Supplies Hub,Commercial & Retail Establishment · motorcycle
Woodberry Private Resort,government,14.973089,120.912905,"Doña Remedios Trinidad Highway, Pampanga, Pampanga",Pampanga,Central,(045) 961-0000 / 911,0,False,"Municipal, Civic & Landmark Building",Public Infrastructure & Community Landmark
Philippine Business Bank,supermarket,14.960971,120.898067,"Pampanga, Pampanga",Pampanga,Central,(045) 961-0000 / 911,0,False,Commercial & Retail Supplies Hub,Commercial & Retail Establishment · bank
Generika,pharmacy,14.96216,120.897712,"Benigno S. Aquino Avenue, Pampanga, Pampanga",Pampanga,Central,(045) 961-0000 / 911,0,False,Pharmacy & Medical Supplies,"First-Aid, Essential Medications & Antibiotics"
8 Waves Hotel,government,14.977003,120.918044,"Pampanga, Pampanga",Pampanga,Central,(045) 961-0000 / 911,0,False,"Municipal, Civic & Landmark Building",Public Infrastructure & Community Landmark
8 Waves Waterpark & Resort,government,14.976643,120.91734,"Pampanga, Pampanga",Pampanga,Central,(045) 961-0000 / 911,0,False,"Municipal, Civic & Landmark Building",Public Infrastructure & Community Landmark
Alibi Lodge,government,14.978695,120.922384,"Pampanga, Pampanga",Pampanga,Central,(045) 961-0000 / 911,0,False,"Municipal, Civic & Landmark Building",Public Infrastructure & Community Landmark
Wilcon Depot,supermarket,14.944789,120.881819,"Pampanga, Pampanga",Pampanga,Central,(045) 961-0000 / 911,0,False,Commercial & Retail Supplies Hub,Commercial & Retail Establishment · hardware
Baliwag Lechon,supermarket,14.886931,120.867955,"Doña Remedios Trinidad Highway, Pampanga, Pampanga",Pampanga,Central,(045) 961-0000 / 911,0,False,Commercial & Retail Supplies Hub,Commercial & Retail Establishment · fast_food
Javier Funeral Homes,supermarket,14.886367,120.867937,"Pampanga, Pampanga",Pampanga,Central,(045) 961-0000 / 911,0,False,Commercial & Retail Supplies Hub,Commercial & Retail Establishment · funeral_directors
7-Eleven,supermarket,14.887078,120.867704,"Pampanga, Pampanga",Pampanga,Central,(045) 961-0000 / 911,0,False,Commercial & Retail Supplies Hub,Commercial & Retail Establishment · convenience
Ortiz Tyre Center,supermarket,14.88478,120.867236,"Pampanga, Pampanga",Pampanga,Central,(045) 961-0000 / 911,0,False,Commercial & Retail Supplies Hub,Commercial & Retail Establishment · car_repair
PSBank,supermarket,14.887479,120.867627,"Doña Remedios Trinidad Highway, Pampanga, Pampanga",Pampanga,Central,(045) 961-0000 / 911,0,False,Commercial & Retail Supplies Hub,Commercial & Retail Establishment · bank
Chowking,supermarket,14.887193,120.867594,"Pampanga, Pampanga",Pampanga,Central,(045) 961-0000 / 911,0,False,Commercial & Retail Supplies Hub,Commercial & Retail Establishment · fast_food
Emay's Minimart,supermarket,14.841107,120.866265,"Pampanga, Pampanga",Pampanga,Central,(045) 961-0000 / 911,0,False,Commercial & Retail Supplies Hub,Commercial & Retail Establishment · supermarket
Magpoc Maternity Clinic,hospital,14.839305,120.866107,"Pampanga, Pampanga",Pampanga,Central,(045) 961-0000 / 911,20,False,Primary Health Clinic / RHU,20 Beds · Hotline: (045) 961-0000 / 911
Angel of Light Acedemy,school,14.839116,120.887175,"Pampanga, Pampanga",Pampanga,Central,(045) 961-0000 / 911,0,False,Evacuation Shelter / Education Facility,High-Ground Evacuation Shelter · Relief Goods Depot
Hidden Rock Resort,government,14.838193,120.890072,"Pampanga, Pampanga",Pampanga,Central,(045) 961-0000 / 911,0,False,"Municipal, Civic & Landmark Building",Public Infrastructure & Community Landmark
Tuktukan Day Care Center,school,14.827842,120.891756,"Pampanga, Pampanga",Pampanga,Central,(045) 961-0000 / 911,0,False,Evacuation Shelter / Education Facility,High-Ground Evacuation Shelter · Relief Goods Depot
Pandayan Bookshop,supermarket,14.82054,120.903852,"Pampanga, Pampanga",Pampanga,Central,(045) 961-0000 / 911,0,False,Commercial & Retail Supplies Hub,Commercial & Retail Establishment · books
Widus Hotel and Casino,government,15.189544,120.525583,"Pampanga, Pampanga",Pampanga,Central,(045) 961-0000 / 911,0,False,"Municipal, Civic & Landmark Building",Public Infrastructure & Community Landmark
"API,Asia Pacific Inc.",government,15.192638,120.528849,"Pampanga, Pampanga",Pampanga,Central,(045) 961-0000 / 911,0,False,"Municipal, Civic & Landmark Building",Public Infrastructure & Community Landmark
Green Tree Resort & Hotel,government,14.95409,120.920207,"Pampanga, Pampanga",Pampanga,Central,(045) 961-0000 / 911,0,False,"Municipal, Civic & Landmark Building",Public Infrastructure & Community Landmark
Green Gas Station,gas_station,14.954124,120.920313,"Pampanga, Pampanga",Pampanga,Central,(045) 961-0000 / 911,0,False,Fuel Station,Gasoline & Diesel Fuel · Operational Fuel Point
Watsons,pharmacy,14.952979,120.915499,"Pampanga, Pampanga",Pampanga,Central,(045) 961-0000 / 911,0,False,Pharmacy & Medical Supplies,"First-Aid, Essential Medications & Antibiotics"
7-Eleven,supermarket,14.95484,120.901297,"Benigno S. Aquino Avenue, Baliuag, Pampanga",Baliuag,Central,(045) 961-0000 / 911,0,False,Commercial & Retail Supplies Hub,Commercial & Retail Establishment · convenience
MMM Medical Clinic,hospital,15.165984,120.58301,"Pampanga, Pampanga",Pampanga,Central,(045) 961-0000 / 911,20,False,Primary Health Clinic / RHU,20 Beds · Hotline: (045) 961-0000 / 911
Pradera Wake Park,government,14.883545,120.512741,"Pampanga, Pampanga",Pampanga,Central,(045) 961-0000 / 911,0,False,"Municipal, Civic & Landmark Building",Public Infrastructure & Community Landmark
Junk Shop,government,14.900588,120.546454,"Pampanga, Pampanga",Pampanga,Central,(045) 961-0000 / 911,0,False,"Municipal, Civic & Landmark Building",Public Infrastructure & Community Landmark
Tricycle Side Car Maker,supermarket,14.925189,120.529615,"Pampanga, Pampanga",Pampanga,Central,(045) 961-0000 / 911,0,False,Commercial & Retail Supplies Hub,Commercial & Retail Establishment · motorcycle
Bianca & BJ's Grocery,supermarket,14.905893,120.767846,"Pampanga, Pampanga",Pampanga,Central,(045) 961-0000 / 911,0,False,Commercial & Retail Supplies Hub,Commercial & Retail Establishment · convenience
Petron Bulilit,gas_station,14.850963,120.807826,"Pampanga, Pampanga",Pampanga,Central,(045) 961-0000 / 911,0,False,subway and costa Station,Gasoline & Diesel Fuel · subway and costa
PSBank,supermarket,14.858115,120.81092,"MacArthur Highway, Malolos, Pampanga",Malolos,Central,(045) 961-0000 / 911,0,False,Commercial & Retail Supplies Hub,Commercial & Retail Establishment · atm
Buko Juan,supermarket,14.853089,120.815875,"MacArthur Highway, Malolos, Pampanga",Malolos,Central,(045) 961-0000 / 911,0,False,Commercial & Retail Supplies Hub,Commercial & Retail Establishment · fast_food
La Familia Sizzlers,supermarket,14.851349,120.81889,"Pampanga, Pampanga",Pampanga,Central,(045) 961-0000 / 911,0,False,Commercial & Retail Supplies Hub,Commercial & Retail Establishment · restaurant
Metrobank,supermarket,14.850115,120.822454,"Malolos, Pampanga",Malolos,Central,(045) 961-0000 / 911,0,False,Commercial & Retail Supplies Hub,Commercial & Retail Establishment · bank
Yamaha,supermarket,14.849723,120.814966,"Pampanga, Pampanga",Pampanga,Central,(045) 961-0000 / 911,0,False,Commercial & Retail Supplies Hub,Commercial & Retail Establishment · motorcycle
JRS Express,government,14.865248,120.804952,"Pampanga, Pampanga",Pampanga,Central,(045) 961-0000 / 911,0,False,"Municipal, Civic & Landmark Building",Public Infrastructure & Community Landmark
Chooks To Go,supermarket,14.851498,120.815867,"Pampanga, Pampanga",Pampanga,Central,(045) 961-0000 / 911,0,False,Commercial & Retail Supplies Hub,Commercial & Retail Establishment · fast_food
Valenzuela Bahay Pawid,supermarket,14.850322,120.805146,"Pampanga, Pampanga",Pampanga,Central,(045) 961-0000 / 911,0,False,Commercial & Retail Supplies Hub,Commercial & Retail Establishment · restaurant
South Malolos,pharmacy,14.868712,120.802415,"Pampanga, Pampanga",Pampanga,Central,(045) 961-0000 / 911,0,False,Pharmacy & Medical Supplies,"First-Aid, Essential Medications & Antibiotics"
Bay Lechon Hauz,supermarket,14.868436,120.801823,"Pampanga, Pampanga",Pampanga,Central,(045) 961-0000 / 911,0,False,Commercial & Retail Supplies Hub,Commercial & Retail Establishment · fast_food
McDonald's,supermarket,14.868958,120.802341,"MacArthur Highway, Malolos, Pampanga",Malolos,Central,(045) 961-0000 / 911,0,False,Commercial & Retail Supplies Hub,Commercial & Retail Establishment · fast_food
Baliwag,supermarket,14.852879,120.816119,"MacArthur Highway, Malolos, Pampanga",Malolos,Central,(045) 961-0000 / 911,0,False,Commercial & Retail Supplies Hub,Commercial & Retail Establishment · fast_food
Girlie's Bakery,supermarket,14.852621,120.816298,"Pampanga, Pampanga",Pampanga,Central,(045) 961-0000 / 911,0,False,Commercial & Retail Supplies Hub,Commercial & Retail Establishment · bakery
SSS - Malolos Branch,government,14.857194,120.817763,"Pampanga, Pampanga",Pampanga,Central,(045) 961-0000 / 911,0,False,"Municipal, Civic & Landmark Building",Public Infrastructure & Community Landmark
Emy's Fried Corn,supermarket,14.845341,120.812621,"Paseo del Congreso, Malolos, Pampanga",Malolos,Central,(045) 961-0000 / 911,0,False,Commercial & Retail Supplies Hub,Commercial & Retail Establishment · variety_store
7-Eleven,supermarket,14.853122,120.815794,"MacArthur Highway, Malolos, Pampanga",Malolos,Central,(045) 961-0000 / 911,0,False,Commercial & Retail Supplies Hub,Commercial & Retail Establishment · convenience
ABE International College of Business and Accountancy,school,14.853255,120.815917,"Pampanga, Pampanga",Pampanga,Central,(045) 961-0000 / 911,0,False,Evacuation Shelter / Education Facility,High-Ground Evacuation Shelter · Relief Goods Depot
Andok's,supermarket,14.852466,120.816445,"Pampanga, Pampanga",Pampanga,Central,(045) 961-0000 / 911,0,False,Commercial & Retail Supplies Hub,Commercial & Retail Establishment · fast_food
Saint Matthew Funeral Homes,supermarket,14.852147,120.816847,"Pampanga, Pampanga",Pampanga,Central,(045) 961-0000 / 911,0,False,Commercial & Retail Supplies Hub,Commercial & Retail Establishment · funeral_directors
Laundryline Fabric Cleaners,supermarket,14.851459,120.818947,"Pampanga, Pampanga",Pampanga,Central,(045) 961-0000 / 911,0,False,Commercial & Retail Supplies Hub,Commercial & Retail Establishment · laundry
Motorlandia,supermarket,14.851257,120.818628,"Pampanga, Pampanga",Pampanga,Central,(045) 961-0000 / 911,0,False,Commercial & Retail Supplies Hub,Commercial & Retail Establishment · motorcycle
Uni-one Hardware,supermarket,14.85122,120.818833,"Pampanga, Pampanga",Pampanga,Central,(045) 961-0000 / 911,0,False,Commercial & Retail Supplies Hub,Commercial & Retail Establishment · doityourself
Burger Bar,government,14.851426,120.818703,"Pampanga, Pampanga",Pampanga,Central,(045) 961-0000 / 911,0,False,"Municipal, Civic & Landmark Building",Public Infrastructure & Community Landmark
Chinabank,supermarket,14.856986,120.812494,"MacArthur Highway, Malolos, Pampanga",Malolos,Central,(045) 961-0000 / 911,0,False,Commercial & Retail Supplies Hub,Commercial & Retail Establishment · bank
BPI,supermarket,14.856945,120.812764,"MacArthur Highway, Malolos, Pampanga",Malolos,Central,(045) 961-0000 / 911,0,False,Commercial & Retail Supplies Hub,Commercial & Retail Establishment · atm
Starbucks,supermarket,14.850062,120.824126,"MacArthur Highway, Malolos, Pampanga",Malolos,Central,(045) 961-0000 / 911,0,False,Commercial & Retail Supplies Hub,Commercial & Retail Establishment · cafe
Lugaw ni Abel,supermarket,14.874759,120.823005,"Mabini Street, Pampanga, Pampanga",Pampanga,Central,(045) 961-0000 / 911,0,False,Commercial & Retail Supplies Hub,Commercial & Retail Establishment · restaurant
Grandma's Mini-mart,supermarket,14.873945,120.82181,"Lugam Road, Pampanga, Pampanga",Pampanga,Central,(045) 961-0000 / 911,0,False,Commercial & Retail Supplies Hub,Commercial & Retail Establishment · supermarket
Caltex,gas_station,14.867792,120.821274,"Mabini Street, Pampanga, Pampanga",Pampanga,Central,(045) 961-0000 / 911,0,False,Caltex Station,Gasoline & Diesel Fuel · Caltex
Little Salon,supermarket,14.874954,120.797271,"Pampanga, Pampanga",Pampanga,Central,(045) 961-0000 / 911,0,False,Commercial & Retail Supplies Hub,Commercial & Retail Establishment · hairdresser
Ystilo Salon,supermarket,14.844286,120.811094,"Pampanga, Pampanga",Pampanga,Central,(045) 961-0000 / 911,0,False,Commercial & Retail Supplies Hub,Commercial & Retail Establishment · hairdresser
FC Home Center,supermarket,14.843557,120.811802,"Pampanga, Pampanga",Pampanga,Central,(045) 961-0000 / 911,0,False,Commercial & Retail Supplies Hub,Commercial & Retail Establishment · appliance
Cindy's,supermarket,14.843284,120.811071,"Pampanga, Pampanga",Pampanga,Central,(045) 961-0000 / 911,0,False,Commercial & Retail Supplies Hub,Commercial & Retail Establishment · restaurant
Hap Chan,supermarket,14.839818,120.857884,"MacArthur Highway, Malolos, Pampanga",Malolos,Central,(045) 961-0000 / 911,0,False,Commercial & Retail Supplies Hub,Commercial & Retail Establishment · restaurant
Centro Salon,supermarket,14.874903,120.797215,"Pampanga, Pampanga",Pampanga,Central,(045) 961-0000 / 911,0,False,Commercial & Retail Supplies Hub,Commercial & Retail Establishment · hairdresser
CLC Bookstore,supermarket,14.874856,120.797159,"Pampanga, Pampanga",Pampanga,Central,(045) 961-0000 / 911,0,False,Commercial & Retail Supplies Hub,Commercial & Retail Establishment · books
Maharaja Bar,government,14.874474,120.797453,"Pampanga, Pampanga",Pampanga,Central,(045) 961-0000 / 911,0,False,"Municipal, Civic & Landmark Building",Public Infrastructure & Community Landmark
Marina’s Cafe & Retobar,government,14.874567,120.797574,"Pampanga, Pampanga",Pampanga,Central,(045) 961-0000 / 911,0,False,"Municipal, Civic & Landmark Building",Public Infrastructure & Community Landmark
Razon’s,supermarket,14.874781,120.797871,"Pampanga, Pampanga",Pampanga,Central,(045) 961-0000 / 911,0,False,Commercial & Retail Supplies Hub,Commercial & Retail Establishment · restaurant
Accucare Diagnostic Center,hospital,14.875114,120.797481,"Pampanga, Pampanga",Pampanga,Central,(045) 961-0000 / 911,20,False,Primary Health Clinic / RHU,20 Beds · Hotline: (045) 961-0000 / 911
MVC Maternity and Women's Health Care Clinic,hospital,14.87521,120.797594,"Pampanga, Pampanga",Pampanga,Central,(045) 961-0000 / 911,20,False,Primary Health Clinic / RHU,20 Beds · Hotline: (045) 961-0000 / 911
Mauleon-Cruz Law Office,government,14.875167,120.797538,"Pampanga, Pampanga",Pampanga,Central,(045) 961-0000 / 911,0,False,"Municipal, Civic & Landmark Building",Public Infrastructure & Community Landmark
Vanessa Money Changer,government,14.875014,120.79735,"Provence Boulevard, Pampanga, Pampanga",Pampanga,Central,(045) 961-0000 / 911,0,False,"Municipal, Civic & Landmark Building",Public Infrastructure & Community Landmark
Western Union,government,14.875063,120.797415,"Pampanga, Pampanga",Pampanga,Central,(045) 961-0000 / 911,0,False,"Municipal, Civic & Landmark Building",Public Infrastructure & Community Landmark
PharmaOne,pharmacy,14.849584,120.814897,"Pampanga, Pampanga",Pampanga,Central,(045) 961-0000 / 911,0,False,Pharmacy & Medical Supplies,"First-Aid, Essential Medications & Antibiotics"
Veterans Bank,supermarket,14.848791,120.814237,"Pampanga, Pampanga",Pampanga,Central,(045) 961-0000 / 911,0,False,Commercial & Retail Supplies Hub,Commercial & Retail Establishment · bank
Saint Vincent Wellness Clinic,hospital,14.848936,120.814299,"Pampanga, Pampanga",Pampanga,Central,(045) 961-0000 / 911,20,False,Primary Health Clinic / RHU,20 Beds · Hotline: (045) 961-0000 / 911
Sto Rosario Credit Cooperative,supermarket,14.850269,120.821421,"MacArthur Highway, Pampanga, Pampanga",Pampanga,Central,(045) 961-0000 / 911,0,False,Commercial & Retail Supplies Hub,Commercial & Retail Establishment · bank
PNB,supermarket,14.851036,120.81921,"MacArthur Highway, Malolos, Pampanga",Malolos,Central,(045) 961-0000 / 911,0,False,Commercial & Retail Supplies Hub,Commercial & Retail Establishment · bank
RCBC,supermarket,14.851015,120.819282,"MacArthur Highway, Malolos, Pampanga",Malolos,Central,(045) 961-0000 / 911,0,False,Commercial & Retail Supplies Hub,Commercial & Retail Establishment · bank
Fruit Stalls and Variety Stores,supermarket,14.850423,120.805325,"Pampanga, Pampanga",Pampanga,Central,(045) 961-0000 / 911,0,False,Commercial & Retail Supplies Hub,Commercial & Retail Establishment · variety_store
Kumon Malolos City Study Center,government,14.850337,120.804596,"Pampanga, Pampanga",Pampanga,Central,(045) 961-0000 / 911,0,False,"Municipal, Civic & Landmark Building",Public Infrastructure & Community Landmark
FJ Bikeshop,supermarket,14.872902,120.798167,"Pampanga, Pampanga",Pampanga,Central,(045) 961-0000 / 911,0,False,Commercial & Retail Supplies Hub,Commercial & Retail Establishment · bicycle
MJY Bikezone,supermarket,14.828169,120.883702,"MacArthur Highway, Guiguinto, Pampanga",Guiguinto,Central,(045) 961-0000 / 911,0,False,Commercial & Retail Supplies Hub,Commercial & Retail Establishment · bicycle
WFJ Bikeshop,supermarket,14.839379,120.858882,"Pampanga, Pampanga",Pampanga,Central,(045) 961-0000 / 911,0,False,Commercial & Retail Supplies Hub,Commercial & Retail Establishment · bicycle
Artista Salon,supermarket,14.86898,120.801965,"Pampanga, Pampanga",Pampanga,Central,(045) 961-0000 / 911,0,False,Commercial & Retail Supplies Hub,Commercial & Retail Establishment · hairdresser
Bench Fix,supermarket,14.857208,120.812527,"MacArthur Highway, Malolos, Pampanga",Malolos,Central,(045) 961-0000 / 911,0,False,Commercial & Retail Supplies Hub,Commercial & Retail Establishment · hairdresser
David's Salon,supermarket,14.853182,120.815903,"Pampanga, Pampanga",Pampanga,Central,(045) 961-0000 / 911,0,False,Commercial & Retail Supplies Hub,Commercial & Retail Establishment · hairdresser
Pizza Hut,supermarket,14.850345,120.824286,"MacArthur Highway, Malolos, Pampanga",Malolos,Central,(045) 961-0000 / 911,0,False,Commercial & Retail Supplies Hub,Commercial & Retail Establishment · restaurant
TGP,pharmacy,14.836707,120.786941,"Paombong Provincial Road, Pampanga, Pampanga",Pampanga,Central,(045) 961-0000 / 911,0,False,Pharmacy & Medical Supplies,"First-Aid, Essential Medications & Antibiotics"
Aling Rosa Nita's Pansit Malabon,supermarket,14.856512,120.811866,"Pampanga, Pampanga",Pampanga,Central,(045) 961-0000 / 911,0,False,Commercial & Retail Supplies Hub,Commercial & Retail Establishment · restaurant
Burger Machine,supermarket,14.836161,120.78792,"Pampanga, Pampanga",Pampanga,Central,(045) 961-0000 / 911,0,False,Commercial & Retail Supplies Hub,Commercial & Retail Establishment · fast_food
Bank of Makati,supermarket,14.847575,120.813873,"Pampanga, Pampanga",Pampanga,Central,(045) 961-0000 / 911,0,False,Commercial & Retail Supplies Hub,Commercial & Retail Establishment · bank
Mercury Drug,pharmacy,14.84324,120.812193,"M. Crisostomo Street, Pampanga, Pampanga",Pampanga,Central,(045) 961-0000 / 911,0,False,Pharmacy & Medical Supplies,"First-Aid, Essential Medications & Antibiotics"
Globe Business Center,supermarket,14.856787,120.812909,"MacArthur Highway, Malolos, Pampanga",Malolos,Central,(045) 961-0000 / 911,0,False,Commercial & Retail Supplies Hub,Commercial & Retail Establishment · mobile_phone
AMA Computer College - Malolos,school,14.851059,120.819135,"MacArthur Highway, Malolos, Pampanga",Malolos,Central,(045) 961-0000 / 911,0,False,Evacuation Shelter / Education Facility,High-Ground Evacuation Shelter · Relief Goods Depot
Dunkin',supermarket,14.839219,120.860201,"Pampanga, Pampanga",Pampanga,Central,(045) 961-0000 / 911,0,False,Commercial & Retail Supplies Hub,Commercial & Retail Establishment · fast_food
Security Bank,supermarket,14.85029,120.82163,"Pampanga, Pampanga",Pampanga,Central,(045) 961-0000 / 911,0,False,Commercial & Retail Supplies Hub,Commercial & Retail Establishment · bank
Habitat Trading,supermarket,14.872128,120.798504,"MacArthur Highway, Malolos, Pampanga",Malolos,Central,(045) 961-0000 / 911,0,False,Commercial & Retail Supplies Hub,Commercial & Retail Establishment · trade
RMY Tire shop,supermarket,14.871956,120.798672,"MacArthur Highway, Malolos, Pampanga",Malolos,Central,(045) 961-0000 / 911,0,False,Commercial & Retail Supplies Hub,Commercial & Retail Establishment · tyres
Advance Car Care & Auto Supply,supermarket,14.861604,120.80788,"Pampanga, Pampanga",Pampanga,Central,(045) 961-0000 / 911,0,False,Commercial & Retail Supplies Hub,Commercial & Retail Establishment · car_repair
Picarah Auto Supply,supermarket,14.863664,120.806021,"MacArthur Highway, Malolos, Pampanga",Malolos,Central,(045) 961-0000 / 911,0,False,Commercial & Retail Supplies Hub,Commercial & Retail Establishment · car_parts
Vetma Auto Supply,supermarket,14.864786,120.805473,"MacArthur Highway, Malolos, Pampanga",Malolos,Central,(045) 961-0000 / 911,0,False,Commercial & Retail Supplies Hub,Commercial & Retail Establishment · car_parts
Yokohama Dynatek,supermarket,14.851519,120.817867,"Pampanga, Pampanga",Pampanga,Central,(045) 961-0000 / 911,0,False,Commercial & Retail Supplies Hub,Commercial & Retail Establishment · tyres
Jonel Car Care Center,supermarket,14.849285,120.825209,"Pampanga, Pampanga",Pampanga,Central,(045) 961-0000 / 911,0,False,Commercial & Retail Supplies Hub,Commercial & Retail Establishment · car_repair
Petron Gasul,supermarket,14.851109,120.815491,"Pampanga, Pampanga",Pampanga,Central,(045) 961-0000 / 911,0,False,Commercial & Retail Supplies Hub,Commercial & Retail Establishment · gas
AG Estrada Appliance Center,supermarket,14.85047,120.815337,"Pampanga, Pampanga",Pampanga,Central,(045) 961-0000 / 911,0,False,Commercial & Retail Supplies Hub,Commercial & Retail Establishment · appliance
Seong Computersales & Parts,supermarket,14.850191,120.815267,"Pampanga, Pampanga",Pampanga,Central,(045) 961-0000 / 911,0,False,Commercial & Retail Supplies Hub,Commercial & Retail Establishment · computer
LBC,government,14.847852,120.813723,"Pampanga, Pampanga",Pampanga,Central,(045) 961-0000 / 911,0,False,"Municipal, Civic & Landmark Building",Public Infrastructure & Community Landmark
Malolos Eye Center,hospital,14.850243,120.82207,"Pampanga, Pampanga",Pampanga,Central,(045) 961-0000 / 911,20,False,Primary Health Clinic / RHU,20 Beds · Hotline: (045) 961-0000 / 911
Malolos Maternity Hospital,hospital,14.850174,120.822276,"Pampanga, Pampanga",Pampanga,Central,(045) 961-0000 / 911,20,False,Primary Health Clinic / RHU,20 Beds · Hotline: (045) 961-0000 / 911
Shell Select,supermarket,14.863918,120.806326,"MacArthur Highway, Malolos, Pampanga",Malolos,Central,(045) 961-0000 / 911,0,False,Commercial & Retail Supplies Hub,Commercial & Retail Establishment · convenience
Dunkin',supermarket,14.843973,120.811938,"Pampanga, Pampanga",Pampanga,Central,(045) 961-0000 / 911,0,False,Commercial & Retail Supplies Hub,Commercial & Retail Establishment · fast_food
Otto Shoes,supermarket,14.844249,120.811107,"Pampanga, Pampanga",Pampanga,Central,(045) 961-0000 / 911,0,False,Commercial & Retail Supplies Hub,Commercial & Retail Establishment · shoes
Everwin Mart,supermarket,14.843219,120.813106,"Pampanga, Pampanga",Pampanga,Central,(045) 961-0000 / 911,0,False,Commercial & Retail Supplies Hub,Commercial & Retail Establishment · supermarket
Julie's Bakeshop,supermarket,14.843732,120.813113,"Pampanga, Pampanga",Pampanga,Central,(045) 961-0000 / 911,0,False,Commercial & Retail Supplies Hub,Commercial & Retail Establishment · bakery
99 Boutique,supermarket,14.843246,120.811086,"F. Estrella Street, Pampanga, Pampanga",Pampanga,Central,(045) 961-0000 / 911,0,False,Commercial & Retail Supplies Hub,Commercial & Retail Establishment · boutique
Paombong Fire Station,fire_station,14.835422,120.788168,"Pampanga, Pampanga",Pampanga,Central,160 / 911,0,False,Fire & Rescue Station,Fire Pumper Engines & Emergency Water Rescue
Nadelyn's Karinderia and Kambingan,supermarket,14.850236,120.804984,"Pampanga, Pampanga",Pampanga,Central,(045) 961-0000 / 911,0,False,Commercial & Retail Supplies Hub,Commercial & Retail Establishment · restaurant
Auto Supply and Vulcanizing,supermarket,14.850352,120.805344,"Pampanga, Pampanga",Pampanga,Central,(045) 961-0000 / 911,0,False,Commercial & Retail Supplies Hub,Commercial & Retail Establishment · car_repair
Lita's Eatery,supermarket,14.85028,120.805072,"Pampanga, Pampanga",Pampanga,Central,(045) 961-0000 / 911,0,False,Commercial & Retail Supplies Hub,Commercial & Retail Establishment · restaurant
Leigh Bytes Internet Cafe,government,14.851668,120.8161,"Pampanga, Pampanga",Pampanga,Central,(045) 961-0000 / 911,0,False,"Municipal, Civic & Landmark Building",Public Infrastructure & Community Landmark
M Lhuillier,supermarket,14.850999,120.815705,"Pampanga, Pampanga",Pampanga,Central,(045) 961-0000 / 911,0,False,Commercial & Retail Supplies Hub,Commercial & Retail Establishment · pawnbroker
Motorstar,supermarket,14.851304,120.815489,"Pampanga, Pampanga",Pampanga,Central,(045) 961-0000 / 911,0,False,Commercial & Retail Supplies Hub,Commercial & Retail Establishment · motorcycle
Mangan Tamu,supermarket,14.860519,120.808788,"MacArthur Highway, Pampanga, Pampanga",Pampanga,Central,(045) 961-0000 / 911,0,False,Commercial & Retail Supplies Hub,Commercial & Retail Establishment · restaurant
Bistro Maloleño,supermarket,14.852725,120.811391,"Pampanga, Pampanga",Pampanga,Central,(045) 961-0000 / 911,0,False,Commercial & Retail Supplies Hub,Commercial & Retail Establishment · restaurant
Barasoain Color Paint & Hardware,supermarket,14.864842,120.80542,"MacArthur Highway, Malolos, Pampanga",Malolos,Central,(045) 961-0000 / 911,0,False,Commercial & Retail Supplies Hub,Commercial & Retail Establishment · hardware
Aquabest Purified Water,supermarket,14.881107,120.790956,"MacArthur Highway, Malolos, Pampanga",Malolos,Central,(045) 961-0000 / 911,0,False,Commercial & Retail Supplies Hub,Commercial & Retail Establishment · yes
Anjong Trading,supermarket,14.881416,120.790654,"Pampanga, Pampanga",Pampanga,Central,(045) 961-0000 / 911,0,False,Commercial & Retail Supplies Hub,Commercial & Retail Establishment · trade
Pump Gym,government,14.850567,120.804464,"Pampanga, Pampanga",Pampanga,Central,(045) 961-0000 / 911,0,False,"Municipal, Civic & Landmark Building",Public Infrastructure & Community Landmark
Corinthian Water Refilling Station,supermarket,14.850404,120.80457,"Pampanga, Pampanga",Pampanga,Central,(045) 961-0000 / 911,0,False,Commercial & Retail Supplies Hub,Commercial & Retail Establishment · water
Malolos Klinika & Laboratorio,hospital,14.850479,120.804522,"Pampanga, Pampanga",Pampanga,Central,(045) 961-0000 / 911,20,False,Primary Health Clinic / RHU,20 Beds · Hotline: (045) 961-0000 / 911
Blue Cross Memorial,supermarket,14.849588,120.803141,"Blas Ople Diversion Road, Malolos, Pampanga",Malolos,Central,(045) 961-0000 / 911,0,False,Commercial & Retail Supplies Hub,Commercial & Retail Establishment · funeral_directors
Seatmates Grill and Restobar,supermarket,14.849708,120.802116,"Blas Ople Diversion Road, Malolos, Pampanga",Malolos,Central,(045) 961-0000 / 911,0,False,Commercial & Retail Supplies Hub,Commercial & Retail Establishment · restaurant
7-Eleven,supermarket,14.846077,120.81316,"Pampanga, Pampanga",Pampanga,Central,(045) 961-0000 / 911,0,False,Commercial & Retail Supplies Hub,Commercial & Retail Establishment · convenience
Emotea,supermarket,14.845719,120.81276,"Pampanga, Pampanga",Pampanga,Central,(045) 961-0000 / 911,0,False,Commercial & Retail Supplies Hub,Commercial & Retail Establishment · fast_food
Cytrimed Pharmacy,pharmacy,14.857285,120.817749,"Mabini Street, Malolos, Pampanga",Malolos,Central,(045) 961-0000 / 911,0,False,Pharmacy & Medical Supplies,"First-Aid, Essential Medications & Antibiotics"
Green Ville Drive-Inn Lodge,government,14.853977,120.816481,"Mabini Street, Malolos, Pampanga",Malolos,Central,(045) 961-0000 / 911,0,False,"Municipal, Civic & Landmark Building",Public Infrastructure & Community Landmark
Savemore Pharmacy,pharmacy,14.857843,120.817573,"Pampanga, Pampanga",Pampanga,Central,(045) 961-0000 / 911,0,False,Pharmacy & Medical Supplies,"First-Aid, Essential Medications & Antibiotics"
Pharmacia San Jose,pharmacy,14.857884,120.817456,"Pampanga, Pampanga",Pampanga,Central,(045) 961-0000 / 911,0,False,Pharmacy & Medical Supplies,"First-Aid, Essential Medications & Antibiotics"
Digna's Lechon,supermarket,14.867289,120.821203,"Mabini Street, Pampanga, Pampanga",Pampanga,Central,(045) 961-0000 / 911,0,False,Commercial & Retail Supplies Hub,Commercial & Retail Establishment · restaurant
Citymart,supermarket,14.867194,120.82139,"Maunlad Avenue, Pampanga, Pampanga",Pampanga,Central,(045) 961-0000 / 911,0,False,Commercial & Retail Supplies Hub,Commercial & Retail Establishment · supermarket
Guinhawa Trading,supermarket,14.85494,120.817129,"Pampanga, Pampanga",Pampanga,Central,(045) 961-0000 / 911,0,False,Commercial & Retail Supplies Hub,Commercial & Retail Establishment · trade
Cabuhat Furniture,supermarket,14.867947,120.821284,"Pampanga, Pampanga",Pampanga,Central,(045) 961-0000 / 911,0,False,Commercial & Retail Supplies Hub,Commercial & Retail Establishment · yes
Hermies Upholstery,supermarket,14.851386,120.818132,"Pampanga, Pampanga",Pampanga,Central,(045) 961-0000 / 911,0,False,Commercial & Retail Supplies Hub,Commercial & Retail Establishment · car_repair
Almen Auto Electrical,supermarket,14.851415,120.818195,"Pampanga, Pampanga",Pampanga,Central,(045) 961-0000 / 911,0,False,Commercial & Retail Supplies Hub,Commercial & Retail Establishment · car_repair
Health Solutions,hospital,14.860374,120.80901,"MacArthur Highway, Pampanga, Pampanga",Pampanga,Central,(045) 961-0000 / 911,20,False,Primary Health Clinic / RHU,20 Beds · Hotline: (045) 961-0000 / 911
Aquabest Drinking Water,supermarket,14.852273,120.80422,"Hangga Street, Pampanga, Pampanga",Pampanga,Central,(045) 961-0000 / 911,0,False,Commercial & Retail Supplies Hub,Commercial & Retail Establishment · yes
Palawan Pawnshop,supermarket,14.850415,120.821166,"MacArthur Highway, Malolos, Pampanga",Malolos,Central,(045) 961-0000 / 911,0,False,Commercial & Retail Supplies Hub,Commercial & Retail Establishment · pawnbroker
Informatics - Malolos,school,14.850662,120.820531,"MacArthur Highway, Pampanga, Pampanga",Pampanga,Central,(045) 961-0000 / 911,0,False,Evacuation Shelter / Education Facility,High-Ground Evacuation Shelter · Relief Goods Depot
Red Ribbon,supermarket,14.843238,120.81204,"Pampanga, Pampanga",Pampanga,Central,(045) 961-0000 / 911,0,False,Commercial & Retail Supplies Hub,Commercial & Retail Establishment · pastry
Southstar Drug,pharmacy,14.843269,120.811971,"Pampanga, Pampanga",Pampanga,Central,(045) 961-0000 / 911,0,False,Pharmacy & Medical Supplies,"First-Aid, Essential Medications & Antibiotics"
BarCIE International Center Hotel,government,14.854192,120.8127,"Pampanga, Pampanga",Pampanga,Central,(045) 961-0000 / 911,0,False,"Municipal, Civic & Landmark Building",Public Infrastructure & Community Landmark
Kowloon House,supermarket,14.839229,120.860157,"Pampanga, Pampanga",Pampanga,Central,(045) 961-0000 / 911,0,False,Commercial & Retail Supplies Hub,Commercial & Retail Establishment · restaurant
Evacuation Center / School,school,14.842294,120.786466,"Pampanga, Pampanga",Pampanga,Central,(045) 961-0000 / 911,0,False,Evacuation Shelter / Education Facility,High-Ground Evacuation Shelter · Relief Goods Depot
Malolos Apartelle,government,14.841819,120.848269,"MacArthur Highway, Malolos, Pampanga",Malolos,Central,(045) 961-0000 / 911,0,False,"Municipal, Civic & Landmark Building",Public Infrastructure & Community Landmark
Malolos Industrial Tools Supply,supermarket,14.843216,120.842924,"MacArthur Highway, Malolos, Pampanga",Malolos,Central,(045) 961-0000 / 911,0,False,Commercial & Retail Supplies Hub,Commercial & Retail Establishment · hardware
Sky-B General Merchandise,supermarket,14.889637,120.86724,"Doña Remedios Trinidad Highway, Plaridel, Pampanga",Plaridel,Central,(045) 961-0000 / 911,0,False,Commercial & Retail Supplies Hub,Commercial & Retail Establishment · trade
China Bank Savings,supermarket,14.887152,120.867682,"Doña Remedios Trinidad Highway, Plaridel, Pampanga",Plaridel,Central,(045) 961-0000 / 911,0,False,Commercial & Retail Supplies Hub,Commercial & Retail Establishment · bank
Metrobank,supermarket,14.887372,120.866785,"Pampanga, Pampanga",Pampanga,Central,(045) 961-0000 / 911,0,False,Commercial & Retail Supplies Hub,Commercial & Retail Establishment · bank
Plaridel Plaza Shopping Center,supermarket,14.887014,120.867118,"Pampanga, Pampanga",Pampanga,Central,(045) 961-0000 / 911,0,False,Commercial & Retail Supplies Hub,Commercial & Retail Establishment · yes
RCBC,supermarket,14.887657,120.867486,"Doña Remedios Trinidad Highway, Pampanga, Pampanga",Pampanga,Central,(045) 961-0000 / 911,0,False,Commercial & Retail Supplies Hub,Commercial & Retail Establishment · atm
Generika,pharmacy,14.888621,120.867552,"Pampanga, Pampanga",Pampanga,Central,(045) 961-0000 / 911,0,False,Pharmacy & Medical Supplies,"First-Aid, Essential Medications & Antibiotics"
PNB,supermarket,14.889515,120.867299,"Pampanga, Pampanga",Pampanga,Central,(045) 961-0000 / 911,0,False,Commercial & Retail Supplies Hub,Commercial & Retail Establishment · bank
Mercury Drug,pharmacy,14.888878,120.867356,"Pampanga, Pampanga",Pampanga,Central,(045) 961-0000 / 911,0,False,Pharmacy & Medical Supplies,"First-Aid, Essential Medications & Antibiotics"
LBC,supermarket,14.888272,120.867543,"Pampanga, Pampanga",Pampanga,Central,(045) 961-0000 / 911,0,False,Commercial & Retail Supplies Hub,Commercial & Retail Establishment · yes
eBiz,government,14.887624,120.867843,"Doña Remedios Trinidad Highway, Pampanga, Pampanga",Pampanga,Central,(045) 961-0000 / 911,0,False,"Municipal, Civic & Landmark Building",Public Infrastructure & Community Landmark
Generika,pharmacy,14.90133,120.867383,"Pampanga, Pampanga",Pampanga,Central,(045) 961-0000 / 911,0,False,Pharmacy & Medical Supplies,"First-Aid, Essential Medications & Antibiotics"
Mercury Drug,pharmacy,14.828168,120.873987,"Pampanga, Pampanga",Pampanga,Central,(045) 961-0000 / 911,0,False,Pharmacy & Medical Supplies,"First-Aid, Essential Medications & Antibiotics"
Handyman;Homeplus,supermarket,14.827902,120.873908,"Pampanga, Pampanga",Pampanga,Central,(045) 961-0000 / 911,0,False,Commercial & Retail Supplies Hub,Commercial & Retail Establishment · hardware;furniture
Paborito Ihaw-Ihaw and Restaurant,supermarket,14.881865,120.836659,"Mabini Street, Pampanga, Pampanga",Pampanga,Central,(045) 961-0000 / 911,0,False,Commercial & Retail Supplies Hub,Commercial & Retail Establishment · restaurant
Pastrana Laboratory,hospital,14.887494,120.867955,"General Alejo G. Santos Highway, Pampanga, Pampanga",Pampanga,Central,(045) 961-0000 / 911,20,False,Primary Health Clinic / RHU,20 Beds · Hotline: (045) 961-0000 / 911
CDR King,supermarket,14.849929,120.824014,"MacArthur Highway, Malolos, Pampanga",Malolos,Central,(045) 961-0000 / 911,0,False,Commercial & Retail Supplies Hub,Commercial & Retail Establishment · computer
Terminal Mall,supermarket,14.88715,120.867365,"Pampanga, Pampanga",Pampanga,Central,(045) 961-0000 / 911,0,False,Commercial & Retail Supplies Hub,Commercial & Retail Establishment · yes
Plaridel Rural Bank,supermarket,14.887437,120.867149,"Pampanga, Pampanga",Pampanga,Central,(045) 961-0000 / 911,0,False,Commercial & Retail Supplies Hub,Commercial & Retail Establishment · bank
Bonchon Chicken,supermarket,14.850229,120.82422,"MacArthur Highway, Malolos, Pampanga",Malolos,Central,(045) 961-0000 / 911,0,False,Commercial & Retail Supplies Hub,Commercial & Retail Establishment · restaurant
Mercury Drug,pharmacy,14.912663,120.766585,"MacArthur Highway, Calumpit, Pampanga",Calumpit,Central,(045) 961-0000 / 911,0,False,Pharmacy & Medical Supplies,"First-Aid, Essential Medications & Antibiotics"
TGP,pharmacy,14.911985,120.76633,"MacArthur Highway, Calumpit, Pampanga",Calumpit,Central,(045) 961-0000 / 911,0,False,Pharmacy & Medical Supplies,"First-Aid, Essential Medications & Antibiotics"
Premiumbikes,supermarket,14.945968,120.758476,"Pampanga, Pampanga",Pampanga,Central,(045) 961-0000 / 911,0,False,Commercial & Retail Supplies Hub,Commercial & Retail Establishment · motorcycle
Rey Barbershop,supermarket,14.845052,120.810989,"Pampanga, Pampanga",Pampanga,Central,(045) 961-0000 / 911,0,False,Commercial & Retail Supplies Hub,Commercial & Retail Establishment · hairdresser
"Litson Manok, Baboy at Baka",supermarket,14.838755,120.834039,"Pampanga, Pampanga",Pampanga,Central,(045) 961-0000 / 911,0,False,Commercial & Retail Supplies Hub,Commercial & Retail Establishment · restaurant
Mariwasa Tiles,supermarket,14.842955,120.843915,"Pampanga, Pampanga",Pampanga,Central,(045) 961-0000 / 911,0,False,Commercial & Retail Supplies Hub,Commercial & Retail Establishment · trade
Burger Machine,supermarket,14.842735,120.844342,"Pampanga, Pampanga",Pampanga,Central,(045) 961-0000 / 911,0,False,Commercial & Retail Supplies Hub,Commercial & Retail Establishment · fast_food
The Patio Garden Events Place,supermarket,14.842656,120.844659,"Pampanga, Pampanga",Pampanga,Central,(045) 961-0000 / 911,0,False,Commercial & Retail Supplies Hub,Commercial & Retail Establishment · restaurant
Yamaha,supermarket,14.843877,120.840958,"MacArthur Highway, Pampanga, Pampanga",Pampanga,Central,(045) 961-0000 / 911,0,False,Commercial & Retail Supplies Hub,Commercial & Retail Establishment · motorcycle
Holy Infant School,school,14.844728,120.83637,"Pampanga, Pampanga",Pampanga,Central,(045) 961-0000 / 911,0,False,Evacuation Shelter / Education Facility,High-Ground Evacuation Shelter · Relief Goods Depot
Holy Infant Highchool,school,14.844454,120.836361,"Pampanga, Pampanga",Pampanga,Central,(045) 961-0000 / 911,0,False,Evacuation Shelter / Education Facility,High-Ground Evacuation Shelter · Relief Goods Depot
Authorized Sony Service Center,supermarket,14.84596,120.834502,"MacArthur Highway, Malolos, Pampanga",Malolos,Central,(045) 961-0000 / 911,0,False,Commercial & Retail Supplies Hub,Commercial & Retail Establishment · electronics
YTM Mini Grocery,supermarket,14.84598,120.834451,"Pampanga, Pampanga",Pampanga,Central,(045) 961-0000 / 911,0,False,Commercial & Retail Supplies Hub,Commercial & Retail Establishment · convenience
Manna Purified Drinking Water ( Dream Crest),supermarket,14.865962,120.791506,"Pampanga, Pampanga",Pampanga,Central,(045) 961-0000 / 911,0,False,Commercial & Retail Supplies Hub,Commercial & Retail Establishment · yes
Mr. Quickie,supermarket,14.868682,120.802344,"MacArthur Highway, Pampanga, Pampanga",Pampanga,Central,(045) 961-0000 / 911,0,False,Commercial & Retail Supplies Hub,Commercial & Retail Establishment · shoe_repair
Bulalohan sa Bulihan,supermarket,14.850682,120.805226,"Pampanga, Pampanga",Pampanga,Central,(045) 961-0000 / 911,0,False,Commercial & Retail Supplies Hub,Commercial & Retail Establishment · restaurant
Caingin Bakery,supermarket,14.845306,120.808402,"Pampanga, Pampanga",Pampanga,Central,(045) 961-0000 / 911,0,False,Commercial & Retail Supplies Hub,Commercial & Retail Establishment · bakery
Carmen's Restaurant,supermarket,14.871693,120.799327,"Pampanga, Pampanga",Pampanga,Central,(045) 961-0000 / 911,0,False,Commercial & Retail Supplies Hub,Commercial & Retail Establishment · restaurant
Lavada House,supermarket,14.864899,120.804925,"MacArthur Highway, Malolos, Pampanga",Malolos,Central,(045) 961-0000 / 911,0,False,Commercial & Retail Supplies Hub,Commercial & Retail Establishment · laundry
Ropali,supermarket,14.865154,120.805021,"Pampanga, Pampanga",Pampanga,Central,(045) 961-0000 / 911,0,False,Commercial & Retail Supplies Hub,Commercial & Retail Establishment · motorcycle
Cut & Curls Beauty Shop,supermarket,14.845496,120.81295,"Pampanga, Pampanga",Pampanga,Central,(045) 961-0000 / 911,0,False,Commercial & Retail Supplies Hub,Commercial & Retail Establishment · hairdresser
Drug Central,pharmacy,14.844664,120.81152,"Paseo del Congreso, Malolos, Pampanga",Malolos,Central,(045) 961-0000 / 911,0,False,Pharmacy & Medical Supplies,"First-Aid, Essential Medications & Antibiotics"
New Born Furniture,supermarket,14.845602,120.81293,"Paseo del Congreso, Malolos, Pampanga",Malolos,Central,(045) 961-0000 / 911,0,False,Commercial & Retail Supplies Hub,Commercial & Retail Establishment · furniture
Nonoy Special Pansit Malabon,supermarket,14.848334,120.814059,"Pampanga, Pampanga",Pampanga,Central,(045) 961-0000 / 911,0,False,Commercial & Retail Supplies Hub,Commercial & Retail Establishment · restaurant
Skin Reborn Facial & Body Care Center,supermarket,14.847818,120.813692,"Paseo del Congreso, Malolos, Pampanga",Malolos,Central,(045) 961-0000 / 911,0,False,Commercial & Retail Supplies Hub,Commercial & Retail Establishment · beauty
Baliwag,supermarket,14.844867,120.811996,"Paseo del Congreso, Malolos, Pampanga",Malolos,Central,(045) 961-0000 / 911,0,False,Commercial & Retail Supplies Hub,Commercial & Retail Establishment · fast_food
Kabisera Restaurant,supermarket,14.860676,120.806137,"Sampaguita Street, Malolos, Pampanga",Malolos,Central,(045) 961-0000 / 911,0,False,Commercial & Retail Supplies Hub,Commercial & Retail Establishment · restaurant
Lola Gloria's Hapag Kainan,supermarket,14.837929,120.813722,"F. Estrella Street, Malolos, Pampanga",Malolos,Central,(045) 961-0000 / 911,0,False,Commercial & Retail Supplies Hub,Commercial & Retail Establishment · restaurant
Lucky DJ Tiles Center,supermarket,14.880693,120.791353,"MacArthur Highway, Malolos, Pampanga",Malolos,Central,(045) 961-0000 / 911,0,False,Commercial & Retail Supplies Hub,Commercial & Retail Establishment · trade
Aquabest Purified Drinking Water,supermarket,14.836375,120.78572,"Pampanga, Pampanga",Pampanga,Central,(045) 961-0000 / 911,0,False,Commercial & Retail Supplies Hub,Commercial & Retail Establishment · water
Savemore Pharmacy,pharmacy,14.843174,120.812371,"Pampanga, Pampanga",Pampanga,Central,(045) 961-0000 / 911,0,False,Pharmacy & Medical Supplies,"First-Aid, Essential Medications & Antibiotics"
HBC,supermarket,14.843214,120.812441,"Malolos, Pampanga",Malolos,Central,(045) 961-0000 / 911,0,False,Commercial & Retail Supplies Hub,Commercial & Retail Establishment · yes
Uncle John's,supermarket,14.841142,120.861556,"Doña Remedios Trinidad Highway, Pampanga, Pampanga",Pampanga,Central,(045) 961-0000 / 911,0,False,Commercial & Retail Supplies Hub,Commercial & Retail Establishment · convenience
Lee Foo,supermarket,14.840801,120.861431,"Doña Remedios Trinidad Highway, Guiguinto, Pampanga",Guiguinto,Central,(045) 961-0000 / 911,0,False,Commercial & Retail Supplies Hub,Commercial & Retail Establishment · restaurant
TGP,pharmacy,14.841017,120.861347,"Doña Remedios Trinidad Highway, Guiguinto, Pampanga",Guiguinto,Central,(045) 961-0000 / 911,0,False,Pharmacy & Medical Supplies,"First-Aid, Essential Medications & Antibiotics"
PLDT,government,14.840414,120.862707,"Guiguinto, Pampanga",Guiguinto,Central,(045) 961-0000 / 911,0,False,"Municipal, Civic & Landmark Building",Public Infrastructure & Community Landmark
Notes N Folders School and Office Supplies,supermarket,14.841269,120.861876,"Pampanga, Pampanga",Pampanga,Central,(045) 961-0000 / 911,0,False,Commercial & Retail Supplies Hub,Commercial & Retail Establishment · stationery
Mercury Drug,pharmacy,14.841124,120.861879,"Doña Remedios Trinidad Highway, Guiguinto, Pampanga",Guiguinto,Central,(045) 961-0000 / 911,0,False,Pharmacy & Medical Supplies,"First-Aid, Essential Medications & Antibiotics"
LBC,government,14.840994,120.862127,"Doña Remedios Trinidad Highway, Guiguinto, Pampanga",Guiguinto,Central,(045) 961-0000 / 911,0,False,"Municipal, Civic & Landmark Building",Public Infrastructure & Community Landmark
Pat's Palabok,supermarket,14.829903,120.871305,"Guiguinto, Pampanga",Guiguinto,Central,(045) 961-0000 / 911,0,False,Commercial & Retail Supplies Hub,Commercial & Retail Establishment · restaurant
Iral Pavilion,supermarket,14.830923,120.870361,"Pampanga, Pampanga",Pampanga,Central,(045) 961-0000 / 911,0,False,Commercial & Retail Supplies Hub,Commercial & Retail Establishment · restaurant
Guiguinto Construction Supply,supermarket,14.828441,120.881375,"MacArthur Highway, Guiguinto, Pampanga",Guiguinto,Central,(045) 961-0000 / 911,0,False,Commercial & Retail Supplies Hub,Commercial & Retail Establishment · trade
Drugsave Pharmacy,pharmacy,14.828443,120.884099,"MacArthur Highway, Guiguinto, Pampanga",Guiguinto,Central,(045) 961-0000 / 911,0,False,Pharmacy & Medical Supplies,"First-Aid, Essential Medications & Antibiotics"
Villarica,supermarket,14.828237,120.884179,"MacArthur Highway, Guiguinto, Pampanga",Guiguinto,Central,(045) 961-0000 / 911,0,False,Commercial & Retail Supplies Hub,Commercial & Retail Establishment · pawnbroker
RJ Trajano Enterprises,supermarket,14.828722,120.884186,"Pampanga, Pampanga",Pampanga,Central,(045) 961-0000 / 911,0,False,Commercial & Retail Supplies Hub,Commercial & Retail Establishment · trade
Santa Maria Rural Bank,supermarket,14.82816,120.885593,"MacArthur Highway, Guiguinto, Pampanga",Guiguinto,Central,(045) 961-0000 / 911,0,False,Commercial & Retail Supplies Hub,Commercial & Retail Establishment · bank
Metrobank,supermarket,14.841016,120.862441,"Pampanga, Pampanga",Pampanga,Central,(045) 961-0000 / 911,0,False,Commercial & Retail Supplies Hub,Commercial & Retail Establishment · bank
Priceline Pharmacy,pharmacy,14.800113,120.9235,"Pampanga, Pampanga",Pampanga,Central,(045) 961-0000 / 911,0,False,Pharmacy & Medical Supplies,"First-Aid, Essential Medications & Antibiotics"
Chooks to Go,supermarket,14.800388,120.923734,"Pampanga, Pampanga",Pampanga,Central,(045) 961-0000 / 911,0,False,Commercial & Retail Supplies Hub,Commercial & Retail Establishment · fast_food
KFC,supermarket,14.881632,120.866466,"Plaridel, Pampanga",Plaridel,Central,(045) 961-0000 / 911,0,False,Commercial & Retail Supplies Hub,Commercial & Retail Establishment · fast_food
Jollibee,supermarket,14.881593,120.866267,"Plaridel, Pampanga",Plaridel,Central,(045) 961-0000 / 911,0,False,Commercial & Retail Supplies Hub,Commercial & Retail Establishment · fast_food
Greenwich,supermarket,14.881512,120.866282,"Plaridel, Pampanga",Plaridel,Central,(045) 961-0000 / 911,0,False,Commercial & Retail Supplies Hub,Commercial & Retail Establishment · fast_food
CDR King,supermarket,14.880831,120.8666,"Plaridel, Pampanga",Plaridel,Central,(045) 961-0000 / 911,0,False,Commercial & Retail Supplies Hub,Commercial & Retail Establishment · computer
Handyman,supermarket,14.880831,120.86642,"Plaridel, Pampanga",Plaridel,Central,(045) 961-0000 / 911,0,False,Commercial & Retail Supplies Hub,Commercial & Retail Establishment · hardware
Red Ribbon,supermarket,14.881403,120.866296,"Plaridel, Pampanga",Plaridel,Central,(045) 961-0000 / 911,0,False,Commercial & Retail Supplies Hub,Commercial & Retail Establishment · pastry
Globe Business Center,supermarket,14.881372,120.866518,"Plaridel, Pampanga",Plaridel,Central,(045) 961-0000 / 911,0,False,Commercial & Retail Supplies Hub,Commercial & Retail Establishment · yes
Smart Business Center,supermarket,14.881291,120.866536,"Plaridel, Pampanga",Plaridel,Central,(045) 961-0000 / 911,0,False,Commercial & Retail Supplies Hub,Commercial & Retail Establishment · yes
Abenson,supermarket,14.880285,120.866737,"Plaridel, Pampanga",Plaridel,Central,(045) 961-0000 / 911,0,False,Commercial & Retail Supplies Hub,Commercial & Retail Establishment · electronics
Robinsons Supermarket,supermarket,14.880257,120.866522,"Pampanga, Pampanga",Pampanga,Central,(045) 961-0000 / 911,0,False,Commercial & Retail Supplies Hub,Commercial & Retail Establishment · supermarket
Mac Mac Auto Sales,supermarket,14.884128,120.866535,"Pampanga, Pampanga",Pampanga,Central,(045) 961-0000 / 911,0,False,Commercial & Retail Supplies Hub,Commercial & Retail Establishment · car
Natasha Plaridel,supermarket,14.878614,120.864697,"Pampanga, Pampanga",Pampanga,Central,(045) 961-0000 / 911,0,False,Commercial & Retail Supplies Hub,Commercial & Retail Establishment · beauty
Kumon Learning Center,government,14.871373,120.861423,"Plaridel, Pampanga",Plaridel,Central,(045) 961-0000 / 911,0,False,"Municipal, Civic & Landmark Building",Public Infrastructure & Community Landmark
Cmiss Car Accessories,supermarket,14.868251,120.860467,"Pampanga, Pampanga",Pampanga,Central,(045) 961-0000 / 911,0,False,Commercial & Retail Supplies Hub,Commercial & Retail Establishment · car_parts
Bridgestone,supermarket,14.865181,120.859788,"Plaridel, Pampanga",Plaridel,Central,(045) 961-0000 / 911,0,False,Commercial & Retail Supplies Hub,Commercial & Retail Establishment · tyres
CRM Motors,supermarket,14.864891,120.859337,"Pampanga, Pampanga",Pampanga,Central,(045) 961-0000 / 911,0,False,Commercial & Retail Supplies Hub,Commercial & Retail Establishment · car_repair
7-Eleven,supermarket,14.854213,120.860741,"Doña Remedios Trinidad Highway, Pampanga, Pampanga",Pampanga,Central,(045) 961-0000 / 911,0,False,Commercial & Retail Supplies Hub,Commercial & Retail Establishment · convenience
Medconcern Drugstore,pharmacy,14.853867,120.860628,"Pampanga, Pampanga",Pampanga,Central,(045) 961-0000 / 911,0,False,Pharmacy & Medical Supplies,"First-Aid, Essential Medications & Antibiotics"
Denso Car Airconditioning Service Center,supermarket,14.852541,120.860643,"Pampanga, Pampanga",Pampanga,Central,(045) 961-0000 / 911,0,False,Commercial & Retail Supplies Hub,Commercial & Retail Establishment · car_repair
NBV Hardware,supermarket,14.878807,120.830195,"Mabini Street, Pampanga, Pampanga",Pampanga,Central,(045) 961-0000 / 911,0,False,Commercial & Retail Supplies Hub,Commercial & Retail Establishment · hardware
St. Clement Academy,school,14.874461,120.825493,"A. Mabini Street, Pampanga, Pampanga",Pampanga,Central,(045) 961-0000 / 911,0,False,Evacuation Shelter / Education Facility,High-Ground Evacuation Shelter · Relief Goods Depot
Enlin's Bakeshop,supermarket,14.894266,120.778826,"MacArthur Highway, Malolos, Pampanga",Malolos,Central,(045) 961-0000 / 911,0,False,Commercial & Retail Supplies Hub,Commercial & Retail Establishment · bakery
Mercury Drug - Walter Mart Plaridel,pharmacy,14.881247,120.866317,"Plaridel-Pulilan Diversion Road, Plaridel, Pampanga",Plaridel,Central,(045) 961-0000 / 911,0,False,Pharmacy & Medical Supplies,"First-Aid, Essential Medications & Antibiotics"
Chowking,supermarket,14.881265,120.866393,"Pampanga, Pampanga",Pampanga,Central,(045) 961-0000 / 911,0,False,Commercial & Retail Supplies Hub,Commercial & Retail Establishment · fast_food
Metrobank,supermarket,14.903272,120.868379,"Doña Remedios Trinidad Highway, Pampanga, Pampanga",Pampanga,Central,(045) 961-0000 / 911,0,False,Commercial & Retail Supplies Hub,Commercial & Retail Establishment · bank
Pera Hub,government,14.91287,120.766545,"MacArthur Highway, Calumpit, Pampanga",Calumpit,Central,(045) 961-0000 / 911,0,False,"Municipal, Civic & Landmark Building",Public Infrastructure & Community Landmark
Calumpit Fire Station,fire_station,14.914637,120.764637,"Calumpit, Pampanga",Calumpit,Central,160 / 911,0,False,Fire & Rescue Station,Fire Pumper Engines & Emergency Water Rescue
Montessori de Enriquez School,school,14.90469,120.772967,"Calumpit, Pampanga",Calumpit,Central,(045) 961-0000 / 911,0,False,Evacuation Shelter / Education Facility,High-Ground Evacuation Shelter · Relief Goods Depot
Morning Sun Lodge,government,14.905614,120.787394,"Pampanga, Pampanga",Pampanga,Central,(045) 961-0000 / 911,0,False,"Municipal, Civic & Landmark Building",Public Infrastructure & Community Landmark
Ptt,gas_station,14.905962,120.795189,"Calumpit - Pulilan Road, Pampanga, Pampanga",Pampanga,Central,(045) 961-0000 / 911,0,False,Fuel Station,Gasoline & Diesel Fuel · Operational Fuel Point
St. Micheal Academy,school,14.904572,120.830181,"Pampanga, Pampanga",Pampanga,Central,(045) 961-0000 / 911,0,False,Evacuation Shelter / Education Facility,High-Ground Evacuation Shelter · Relief Goods Depot
Virgoni Resort,government,14.903779,120.837136,"Pulilan, Pampanga",Pulilan,Central,(045) 961-0000 / 911,0,False,"Municipal, Civic & Landmark Building",Public Infrastructure & Community Landmark
Mahal na Señor Chapel,government,14.90152,120.841741,"Pulilan Regional Road, Pulilan, Pampanga",Pulilan,Central,(045) 961-0000 / 911,0,False,"Municipal, Civic & Landmark Building",Public Infrastructure & Community Landmark
Good Shepherd Hospital,hospital,14.902499,120.844542,"Pulilan Regional Road, Pulilan, Pampanga",Pulilan,Central,(045) 961-0000 / 911,20,False,Primary Health Clinic / RHU,20 Beds · Hotline: (045) 961-0000 / 911
Montessori School of Pulilan,school,14.903297,120.850001,"Pampanga, Pampanga",Pampanga,Central,(045) 961-0000 / 911,0,False,Evacuation Shelter / Education Facility,High-Ground Evacuation Shelter · Relief Goods Depot
7-Eleven,supermarket,14.902536,120.848239,"Pulilan Regional Road, Pampanga, Pampanga",Pampanga,Central,(045) 961-0000 / 911,0,False,Commercial & Retail Supplies Hub,Commercial & Retail Establishment · convenience
Venn Trading,supermarket,14.874321,120.796581,"Pampanga, Pampanga",Pampanga,Central,(045) 961-0000 / 911,0,False,Commercial & Retail Supplies Hub,Commercial & Retail Establishment · hardware
Floor Center,supermarket,14.872858,120.797911,"Pampanga, Pampanga",Pampanga,Central,(045) 961-0000 / 911,0,False,Commercial & Retail Supplies Hub,Commercial & Retail Establishment · trade
Polylite,supermarket,14.865028,120.804779,"MacArthur Highway, Malolos, Pampanga",Malolos,Central,(045) 961-0000 / 911,0,False,Commercial & Retail Supplies Hub,Commercial & Retail Establishment · trade
Ingco,supermarket,14.865139,120.804682,"MacArthur Highway, Malolos, Pampanga",Malolos,Central,(045) 961-0000 / 911,0,False,Commercial & Retail Supplies Hub,Commercial & Retail Establishment · hardware
Quicklean,supermarket,14.865227,120.804977,"Pampanga, Pampanga",Pampanga,Central,(045) 961-0000 / 911,0,False,Commercial & Retail Supplies Hub,Commercial & Retail Establishment · laundry
Tahanang Mapagpala II ( Home for the Elderly ),government,14.866176,120.805826,"Pampanga, Pampanga",Pampanga,Central,(045) 961-0000 / 911,0,False,"Municipal, Civic & Landmark Building",Public Infrastructure & Community Landmark
Senior Citizen's Chapter,government,14.866061,120.80582,"Pampanga, Pampanga",Pampanga,Central,(045) 961-0000 / 911,0,False,"Municipal, Civic & Landmark Building",Public Infrastructure & Community Landmark
Immaculate Concepcion School of Malolos,school,14.88811,120.790177,"Pampanga, Pampanga",Pampanga,Central,(045) 961-0000 / 911,0,False,Evacuation Shelter / Education Facility,High-Ground Evacuation Shelter · Relief Goods Depot
Manggahan Mini Resort & Pool,government,14.860549,120.819135,"Pampanga, Pampanga",Pampanga,Central,(045) 961-0000 / 911,0,False,"Municipal, Civic & Landmark Building",Public Infrastructure & Community Landmark
Casa Maloleña Lodge and Cafeteria (Malolos Travellers Place),government,14.852599,120.8119,"Pampanga, Pampanga",Pampanga,Central,(045) 961-0000 / 911,0,False,"Municipal, Civic & Landmark Building",Public Infrastructure & Community Landmark
Villarica,supermarket,14.887646,120.867839,"Doña Remedios Trinidad Highway, Pampanga, Pampanga",Pampanga,Central,(045) 961-0000 / 911,0,False,Commercial & Retail Supplies Hub,Commercial & Retail Establishment · pawnbroker
Bon-bon Aqua Resort,government,14.805378,120.865922,"Bulakan, Pampanga",Bulakan,Central,(045) 961-0000 / 911,0,False,"Municipal, Civic & Landmark Building",Public Infrastructure & Community Landmark
Cool Waves Resort,government,14.801793,120.863699,"Pampanga, Pampanga",Pampanga,Central,(045) 961-0000 / 911,0,False,"Municipal, Civic & Landmark Building",Public Infrastructure & Community Landmark
Maglalang Resort,government,14.804339,120.862293,"Pampanga, Pampanga",Pampanga,Central,(045) 961-0000 / 911,0,False,"Municipal, Civic & Landmark Building",Public Infrastructure & Community Landmark
Cool Waves Resort Parking,government,14.801685,120.864122,"Pampanga, Pampanga",Pampanga,Central,(045) 961-0000 / 911,0,False,"Municipal, Civic & Landmark Building",Public Infrastructure & Community Landmark
Jesus Is Lord - Malolos,government,14.835298,120.821899,"Pampanga, Pampanga",Pampanga,Central,(045) 961-0000 / 911,0,False,"Municipal, Civic & Landmark Building",Public Infrastructure & Community Landmark
Karate Kid,supermarket,14.857249,120.812585,"MacArthur Highway, Malolos, Pampanga",Malolos,Central,(045) 961-0000 / 911,0,False,Commercial & Retail Supplies Hub,Commercial & Retail Establishment · fast_food
BL Petshop & Salon,supermarket,14.857152,120.812672,"MacArthur Highway, Malolos, Pampanga",Malolos,Central,(045) 961-0000 / 911,0,False,Commercial & Retail Supplies Hub,Commercial & Retail Establishment · yes
Baker's Hub,supermarket,14.856869,120.812833,"MacArthur Highway, Malolos, Pampanga",Malolos,Central,(045) 961-0000 / 911,0,False,Commercial & Retail Supplies Hub,Commercial & Retail Establishment · yes
Gerry's Grill,supermarket,14.849937,120.823502,"MacArthur Highway, Malolos, Pampanga",Malolos,Central,(045) 961-0000 / 911,0,False,Commercial & Retail Supplies Hub,Commercial & Retail Establishment · restaurant
Bio Therapy,supermarket,14.8572,120.812628,"MacArthur Highway, Malolos, Pampanga",Malolos,Central,(045) 961-0000 / 911,0,False,Commercial & Retail Supplies Hub,Commercial & Retail Establishment · beauty
Vallarta Dental Care,hospital,14.857093,120.812725,"MacArthur Highway, Pampanga, Pampanga",Pampanga,Central,(045) 961-0000 / 911,20,False,Primary Health Clinic / RHU,20 Beds · Hotline: (045) 961-0000 / 911
Matic Wellness Center & Medical Spa,supermarket,14.875108,120.797365,"Pampanga, Pampanga",Pampanga,Central,(045) 961-0000 / 911,0,False,Commercial & Retail Supplies Hub,Commercial & Retail Establishment · beauty
Palad Dental Clinic,government,14.875159,120.797432,"Pampanga, Pampanga",Pampanga,Central,(045) 961-0000 / 911,0,False,"Municipal, Civic & Landmark Building",Public Infrastructure & Community Landmark
Xensiderm,supermarket,14.875203,120.797484,"Pampanga, Pampanga",Pampanga,Central,(045) 961-0000 / 911,0,False,Commercial & Retail Supplies Hub,Commercial & Retail Establishment · beauty
Mang Bok's Manok,supermarket,14.887157,120.86792,"Pampanga, Pampanga",Pampanga,Central,(045) 961-0000 / 911,0,False,Commercial & Retail Supplies Hub,Commercial & Retail Establishment · restaurant
The Maki Express,supermarket,14.852875,120.811402,"Malolos, Pampanga",Malolos,Central,(045) 961-0000 / 911,0,False,Commercial & Retail Supplies Hub,Commercial & Retail Establishment · restaurant
Metrobank,supermarket,14.874694,120.797677,"Malolos, Pampanga",Malolos,Central,(045) 961-0000 / 911,0,False,Commercial & Retail Supplies Hub,Commercial & Retail Establishment · bank
Mary The Queen School of Malolos,school,14.840892,120.812304,"F. Estrella Street, Pampanga, Pampanga",Pampanga,Central,(045) 961-0000 / 911,0,False,Evacuation Shelter / Education Facility,High-Ground Evacuation Shelter · Relief Goods Depot
"DLBB Papel, Lapis, at Iba Pa",supermarket,14.843369,120.811893,"Pampanga, Pampanga",Pampanga,Central,(045) 961-0000 / 911,0,False,Commercial & Retail Supplies Hub,Commercial & Retail Establishment · stationery
Papers Gift Shop,supermarket,14.843513,120.81182,"Pampanga, Pampanga",Pampanga,Central,(045) 961-0000 / 911,0,False,Commercial & Retail Supplies Hub,Commercial & Retail Establishment · gift
Saint Agatha Resort,government,14.850065,120.857042,"Pampanga, Pampanga",Pampanga,Central,(045) 961-0000 / 911,0,False,"Municipal, Civic & Landmark Building",Public Infrastructure & Community Landmark
Ka-Buslo,supermarket,14.850279,120.85681,"Pampanga, Pampanga",Pampanga,Central,+63 905-524-5852,0,False,Commercial & Retail Supplies Hub,Commercial & Retail Establishment · restaurant
St. Agatha Grand Court,government,14.849775,120.856473,"Pampanga, Pampanga",Pampanga,Central,(045) 961-0000 / 911,0,False,"Municipal, Civic & Landmark Building",Public Infrastructure & Community Landmark
Blade Auto Center - Robinsons,supermarket,14.850506,120.824338,"MacArthur Highway, Malolos, Pampanga",Malolos,Central,(045) 961-0000 / 911,0,False,Commercial & Retail Supplies Hub,Commercial & Retail Establishment · car_parts
Classic Savory,supermarket,14.850186,120.823257,"MacArthur Highway, Malolos, Pampanga",Malolos,Central,(045) 961-0000 / 911,0,False,Commercial & Retail Supplies Hub,Commercial & Retail Establishment · restaurant
Meyto Shrine,government,14.88406,120.72877,"Pampanga, Pampanga",Pampanga,Central,(045) 961-0000 / 911,0,False,"Municipal, Civic & Landmark Building",Public Infrastructure & Community Landmark
NBI - National Bureau of Investigation Shooting Range,government,14.896025,120.839101,"Pampanga, Pampanga",Pampanga,Central,(045) 961-0000 / 911,0,False,"Municipal, Civic & Landmark Building",Public Infrastructure & Community Landmark
BPI,supermarket,14.853383,120.815673,"Pampanga, Pampanga",Pampanga,Central,(045) 961-0000 / 911,0,False,Commercial & Retail Supplies Hub,Commercial & Retail Establishment · bank
Lumangbayan Elementary School,school,14.895439,120.854384,"Pampanga, Pampanga",Pampanga,Central,(045) 961-0000 / 911,0,False,Evacuation Shelter / Education Facility,High-Ground Evacuation Shelter · Relief Goods Depot
Lawiswis Kawayan Garden Resort & Spa,government,14.896762,120.798287,"Pampanga, Pampanga",Pampanga,Central,(045) 961-0000 / 911,0,False,"Municipal, Civic & Landmark Building",Public Infrastructure & Community Landmark
7-Eleven,supermarket,14.915172,120.766302,"MacArthur Highway, Calumpit, Pampanga",Calumpit,Central,(045) 961-0000 / 911,0,False,Commercial & Retail Supplies Hub,Commercial & Retail Establishment · convenience
Museo ng Republika ng 1899,government,14.846566,120.81266,"Paseo del Congreso, Malolos, Pampanga",Malolos,Central,(045) 961-0000 / 911,0,False,"Municipal, Civic & Landmark Building",Public Infrastructure & Community Landmark
Batibot Farm Resort,government,14.898708,120.80166,"Pampanga, Pampanga",Pampanga,Central,(045) 961-0000 / 911,0,False,"Municipal, Civic & Landmark Building",Public Infrastructure & Community Landmark
Dreamcrest Chapel,government,14.866555,120.791668,"Pampanga, Pampanga",Pampanga,Central,(045) 961-0000 / 911,0,False,"Municipal, Civic & Landmark Building",Public Infrastructure & Community Landmark
Longos Chapel,government,14.872614,120.792412,"Pampanga, Pampanga",Pampanga,Central,(045) 961-0000 / 911,0,False,"Municipal, Civic & Landmark Building",Public Infrastructure & Community Landmark
Malolos Veterinary Clinic,hospital,14.865675,120.821169,"Pampanga, Pampanga",Pampanga,Central,(045) 961-0000 / 911,20,False,Primary Health Clinic / RHU,20 Beds · Hotline: (045) 961-0000 / 911
TGP,pharmacy,14.88908,120.867758,"Pampanga, Pampanga",Pampanga,Central,(045) 961-0000 / 911,0,False,Pharmacy & Medical Supplies,"First-Aid, Essential Medications & Antibiotics"
TGP,pharmacy,14.867075,120.820924,"Pampanga, Pampanga",Pampanga,Central,(045) 961-0000 / 911,0,False,Pharmacy & Medical Supplies,"First-Aid, Essential Medications & Antibiotics"
Villa Leonila Resort & Retreat House,government,14.881308,120.820748,"Pampanga, Pampanga",Pampanga,Central,(045) 961-0000 / 911,0,False,"Municipal, Civic & Landmark Building",Public Infrastructure & Community Landmark
Champ Aqua Farm (Fishing) and Resort,government,14.814207,120.888644,"Pampanga, Pampanga",Pampanga,Central,(045) 961-0000 / 911,0,False,"Municipal, Civic & Landmark Building",Public Infrastructure & Community Landmark
Champola Wafer Stick/ Universal APA Corp.,government,14.819004,120.884818,"Pampanga, Pampanga",Pampanga,Central,(045) 961-0000 / 911,0,False,"Municipal, Civic & Landmark Building",Public Infrastructure & Community Landmark
Luisky View Park and Fishing Ground,government,14.814911,120.835445,"Pampanga, Pampanga",Pampanga,Central,(045) 961-0000 / 911,0,False,"Municipal, Civic & Landmark Building",Public Infrastructure & Community Landmark
Academia de San Gabriel Arcangel School,school,14.871439,120.808582,"Pampanga, Pampanga",Pampanga,Central,(045) 961-0000 / 911,0,False,Evacuation Shelter / Education Facility,High-Ground Evacuation Shelter · Relief Goods Depot
St Joseph,government,14.874074,120.802768,"Pampanga, Pampanga",Pampanga,Central,(045) 961-0000 / 911,0,False,"Municipal, Civic & Landmark Building",Public Infrastructure & Community Landmark
PBC Sunbeam School,school,14.901363,120.887556,"Pampanga, Pampanga",Pampanga,Central,(045) 961-0000 / 911,0,False,Evacuation Shelter / Education Facility,High-Ground Evacuation Shelter · Relief Goods Depot
PBC Sunbeam School Chapel,government,14.901951,120.887816,"Pampanga, Pampanga",Pampanga,Central,(045) 961-0000 / 911,0,False,"Municipal, Civic & Landmark Building",Public Infrastructure & Community Landmark
Mavis Bakeshop & Convenience Store,supermarket,14.902385,120.887925,"Pampanga, Pampanga",Pampanga,Central,(045) 961-0000 / 911,0,False,Commercial & Retail Supplies Hub,Commercial & Retail Establishment · convenience
San Nicolas Dental Clinic,hospital,14.901954,120.886442,"Pampanga, Pampanga",Pampanga,Central,(045) 961-0000 / 911,20,False,Primary Health Clinic / RHU,20 Beds · Hotline: (045) 961-0000 / 911
San Jose Chapel,government,14.904679,120.897506,"Pampanga, Pampanga",Pampanga,Central,(045) 961-0000 / 911,0,False,"Municipal, Civic & Landmark Building",Public Infrastructure & Community Landmark
Culianin Chapel,government,14.913894,120.895937,"Pampanga, Pampanga",Pampanga,Central,(045) 961-0000 / 911,0,False,"Municipal, Civic & Landmark Building",Public Infrastructure & Community Landmark
United Evangelical Methodist Church - Cambaog,government,14.926241,120.891997,"Pampanga, Pampanga",Pampanga,Central,(045) 961-0000 / 911,0,False,"Municipal, Civic & Landmark Building",Public Infrastructure & Community Landmark
St. Joseph Chapel,government,14.929031,120.896538,"Pampanga, Pampanga",Pampanga,Central,(045) 961-0000 / 911,0,False,"Municipal, Civic & Landmark Building",Public Infrastructure & Community Landmark
Piggery & Poultry Supply,supermarket,14.929931,120.905663,"Pampanga, Pampanga",Pampanga,Central,(045) 961-0000 / 911,0,False,Commercial & Retail Supplies Hub,Commercial & Retail Establishment · yes
Iglesia Ni Cristo,government,14.939438,120.908338,"Pampanga, Pampanga",Pampanga,Central,(045) 961-0000 / 911,0,False,"Municipal, Civic & Landmark Building",Public Infrastructure & Community Landmark
KP's Resort,government,14.94704,120.915076,"Pampanga, Pampanga",Pampanga,Central,(045) 961-0000 / 911,0,False,"Municipal, Civic & Landmark Building",Public Infrastructure & Community Landmark
Colegio de Santo Nino,school,14.949259,120.91577,"Pampanga, Pampanga",Pampanga,Central,(045) 961-0000 / 911,0,False,Evacuation Shelter / Education Facility,High-Ground Evacuation Shelter · Relief Goods Depot
BJ Farm Special Pork Chicharon,supermarket,14.952418,120.92427,"Pampanga, Pampanga",Pampanga,Central,(045) 961-0000 / 911,0,False,Commercial & Retail Supplies Hub,Commercial & Retail Establishment · yes
Funeraria Mendoza,supermarket,14.95478,120.939821,"Pampanga, Pampanga",Pampanga,Central,(045) 961-0000 / 911,0,False,Commercial & Retail Supplies Hub,Commercial & Retail Establishment · funeral_directors
Miracle Resort,government,14.95513,120.949886,"Pampanga, Pampanga",Pampanga,Central,(045) 961-0000 / 911,0,False,"Municipal, Civic & Landmark Building",Public Infrastructure & Community Landmark
Amazing Grace Resort,government,14.913786,120.754537,"Pampanga, Pampanga",Pampanga,Central,(045) 961-0000 / 911,0,False,"Municipal, Civic & Landmark Building",Public Infrastructure & Community Landmark
Leticia's Garden Resort and Event Place,government,14.904672,120.781588,"Pampanga, Pampanga",Pampanga,Central,(045) 961-0000 / 911,0,False,"Municipal, Civic & Landmark Building",Public Infrastructure & Community Landmark
Funeraria Central,supermarket,14.831433,120.788882,"Pampanga, Pampanga",Pampanga,Central,(045) 961-0000 / 911,0,False,Commercial & Retail Supplies Hub,Commercial & Retail Establishment · funeral_directors
Hardware Store,supermarket,14.836913,120.789229,"Pampanga, Pampanga",Pampanga,Central,(045) 961-0000 / 911,0,False,Commercial & Retail Supplies Hub,Commercial & Retail Establishment · hardware
Old Malumot Port (Lumang Pundohan),supermarket,14.827052,120.788789,"Pampanga, Pampanga",Pampanga,Central,(045) 961-0000 / 911,0,False,Commercial & Retail Supplies Hub,Commercial & Retail Establishment · yes
Jollibee,supermarket,14.913091,120.766614,"MacArthur Highway, Pampanga, Pampanga",Pampanga,Central,(045) 961-0000 / 911,0,False,Commercial & Retail Supplies Hub,Commercial & Retail Establishment · fast_food
Kamayan sa Villares,supermarket,14.893579,120.782761,"Pampanga, Pampanga",Pampanga,Central,(045) 961-0000 / 911,0,False,Commercial & Retail Supplies Hub,Commercial & Retail Establishment · restaurant
Hardware Store,supermarket,14.861434,120.808022,"Pampanga, Pampanga",Pampanga,Central,(045) 961-0000 / 911,0,False,Commercial & Retail Supplies Hub,Commercial & Retail Establishment · hardware
Arki's Grandview Restaurant,supermarket,14.86699,120.803068,"Pampanga, Pampanga",Pampanga,Central,(045) 961-0000 / 911,0,False,Commercial & Retail Supplies Hub,Commercial & Retail Establishment · restaurant
Katrina Furniture Shop,supermarket,14.860455,120.80887,"Pampanga, Pampanga",Pampanga,Central,(045) 961-0000 / 911,0,False,Commercial & Retail Supplies Hub,Commercial & Retail Establishment · yes
Monolith Trading,supermarket,14.86044,120.808949,"Pampanga, Pampanga",Pampanga,Central,(045) 961-0000 / 911,0,False,Commercial & Retail Supplies Hub,Commercial & Retail Establishment · hardware
Eleven Eleven 24hr Convenience Store,supermarket,14.893593,120.782882,"Pampanga, Pampanga",Pampanga,Central,(045) 961-0000 / 911,0,False,Commercial & Retail Supplies Hub,Commercial & Retail Establishment · convenience
Kalayaan Tree,government,14.842955,120.811656,"Pampanga, Pampanga",Pampanga,Central,(045) 961-0000 / 911,0,False,"Municipal, Civic & Landmark Building",Public Infrastructure & Community Landmark
Almer's JDM Parts Land,supermarket,14.845037,120.796343,"Pampanga, Pampanga",Pampanga,Central,(045) 961-0000 / 911,0,False,Commercial & Retail Supplies Hub,Commercial & Retail Establishment · car_parts
Villarica,supermarket,14.836643,120.786942,"Paombong Provincial Road, Pampanga, Pampanga",Pampanga,Central,(045) 961-0000 / 911,0,False,Commercial & Retail Supplies Hub,Commercial & Retail Establishment · pawnbroker
Petron,gas_station,14.837839,120.785053,"Pampanga, Pampanga",Pampanga,Central,(045) 961-0000 / 911,0,False,Petron Station,Gasoline & Diesel Fuel · Petron
Chooks to Go,supermarket,14.836486,120.786979,"Paombong Provincial Road, Pampanga, Pampanga",Pampanga,Central,(045) 961-0000 / 911,0,False,Commercial & Retail Supplies Hub,Commercial & Retail Establishment · fast_food
Santa Peregrina Elementary School,school,14.949687,120.840692,"Esguerra Street, Pampanga, Pampanga",Pampanga,Central,(045) 961-0000 / 911,0,False,Evacuation Shelter / Education Facility,High-Ground Evacuation Shelter · Relief Goods Depot
Jade Resort,government,14.953136,120.840699,"Pampanga, Pampanga",Pampanga,Central,(045) 961-0000 / 911,0,False,"Municipal, Civic & Landmark Building",Public Infrastructure & Community Landmark
Pugpog resort,government,14.951675,120.843023,"Pampanga, Pampanga",Pampanga,Central,(045) 961-0000 / 911,0,False,"Municipal, Civic & Landmark Building",Public Infrastructure & Community Landmark
San Roque Chapel,government,14.943622,120.827714,"Pampanga, Pampanga",Pampanga,Central,(045) 961-0000 / 911,0,False,"Municipal, Civic & Landmark Building",Public Infrastructure & Community Landmark
La Pulilan Riverview Resort,government,14.891967,120.864526,"Pampanga, Pampanga",Pampanga,Central,(045) 961-0000 / 911,0,False,"Municipal, Civic & Landmark Building",Public Infrastructure & Community Landmark
Lilea's Hidden Resort,government,14.896226,120.86333,"Pampanga, Pampanga",Pampanga,Central,(045) 961-0000 / 911,0,False,"Municipal, Civic & Landmark Building",Public Infrastructure & Community Landmark
Religion Store,supermarket,14.843191,120.811801,"Pampanga, Pampanga",Pampanga,Central,(045) 961-0000 / 911,0,False,Commercial & Retail Supplies Hub,Commercial & Retail Establishment · religion
Corn Vendors,supermarket,14.904487,120.776822,"Pampanga, Pampanga",Pampanga,Central,(045) 961-0000 / 911,0,False,Commercial & Retail Supplies Hub,Commercial & Retail Establishment · yes
St. Peter of Verona Academy,school,14.829664,120.50809,"Old National Road, Hermosa, Pampanga",Hermosa,Central,(045) 961-0000 / 911,0,False,Evacuation Shelter / Education Facility,High-Ground Evacuation Shelter · Relief Goods Depot
Jogima Resort,government,14.812392,120.866428,"Pampanga, Pampanga",Pampanga,Central,(045) 961-0000 / 911,0,False,"Municipal, Civic & Landmark Building",Public Infrastructure & Community Landmark
Cocoon Resort,government,14.866898,120.811898,"Pampanga, Pampanga",Pampanga,Central,(045) 961-0000 / 911,0,False,"Municipal, Civic & Landmark Building",Public Infrastructure & Community Landmark
Welcome Arch Pampanga,government,14.926099,120.76476,"Pampanga, Pampanga",Pampanga,Central,(045) 961-0000 / 911,0,False,"Municipal, Civic & Landmark Building",Public Infrastructure & Community Landmark
Villarica,supermarket,14.912769,120.766558,"MacArthur Highway, Calumpit, Pampanga",Calumpit,Central,(045) 961-0000 / 911,0,False,Commercial & Retail Supplies Hub,Commercial & Retail Establishment · pawnbroker
Baliwag,supermarket,14.912968,120.766496,"MacArthur Highway, Calumpit, Pampanga",Calumpit,Central,(045) 961-0000 / 911,0,False,Commercial & Retail Supplies Hub,Commercial & Retail Establishment · fast_food
Bisita ng Rueda,government,14.899902,120.806834,"Pampanga, Pampanga",Pampanga,Central,(045) 961-0000 / 911,0,False,"Municipal, Civic & Landmark Building",Public Infrastructure & Community Landmark
Ang Dating Daan Calumpit Coordinating Center,government,14.912021,120.766626,"Pampanga, Pampanga",Pampanga,Central,(045) 961-0000 / 911,0,False,"Municipal, Civic & Landmark Building",Public Infrastructure & Community Landmark
Ang Dating Daan Malolos Coordinating Center,government,14.851455,120.818556,"Pampanga, Pampanga",Pampanga,Central,(045) 961-0000 / 911,0,False,"Municipal, Civic & Landmark Building",Public Infrastructure & Community Landmark
Villa De Calumpit Resort,government,14.891892,120.779549,"Pampanga, Pampanga",Pampanga,Central,(045) 961-0000 / 911,0,False,"Municipal, Civic & Landmark Building",Public Infrastructure & Community Landmark
Grass Garden Resort,government,14.895757,120.833411,"Pampanga, Pampanga",Pampanga,Central,(045) 961-0000 / 911,0,False,"Municipal, Civic & Landmark Building",Public Infrastructure & Community Landmark
Villa Rosalinda Resort,government,14.848276,120.806077,"Pampanga, Pampanga",Pampanga,Central,(045) 961-0000 / 911,0,False,"Municipal, Civic & Landmark Building",Public Infrastructure & Community Landmark
Villa Reina Resort,government,14.851532,120.81207,"Pampanga, Pampanga",Pampanga,Central,(045) 961-0000 / 911,0,False,"Municipal, Civic & Landmark Building",Public Infrastructure & Community Landmark
Palm Garden Resort,government,14.874863,120.822351,"Pampanga, Pampanga",Pampanga,Central,(045) 961-0000 / 911,0,False,"Municipal, Civic & Landmark Building",Public Infrastructure & Community Landmark
Villa Lourdes Resort,government,14.893099,120.722791,"Pampanga, Pampanga",Pampanga,Central,(045) 961-0000 / 911,0,False,"Municipal, Civic & Landmark Building",Public Infrastructure & Community Landmark
Ciudad Clemente's Private Resort,government,14.836652,120.785255,"Pampanga, Pampanga",Pampanga,Central,(045) 961-0000 / 911,0,False,"Municipal, Civic & Landmark Building",Public Infrastructure & Community Landmark
Tools Depot General Merchandise,supermarket,14.85078,120.815292,"Pampanga, Pampanga",Pampanga,Central,(045) 961-0000 / 911,0,False,Commercial & Retail Supplies Hub,Commercial & Retail Establishment · hardware
Don Benito's Cassava Cake and Pichi-Pichi,supermarket,14.850685,120.81523,"Pampanga, Pampanga",Pampanga,Central,(045) 961-0000 / 911,0,False,Commercial & Retail Supplies Hub,Commercial & Retail Establishment · pastry
CL Aluminum and Glass Supply,supermarket,14.850158,120.815244,"Paseo del Congreso, Malolos, Pampanga",Malolos,Central,(045) 961-0000 / 911,0,False,Commercial & Retail Supplies Hub,Commercial & Retail Establishment · hardware
K Servico,supermarket,14.849317,120.81456,"Pampanga, Pampanga",Pampanga,Central,(045) 961-0000 / 911,0,False,Commercial & Retail Supplies Hub,Commercial & Retail Establishment · motorcycle
Malolos City Public Market,supermarket,14.843832,120.814149,"Pampanga, Pampanga",Pampanga,Central,(045) 961-0000 / 911,0,False,Commercial & Retail Supplies Hub,Commercial & Retail Establishment · marketplace
Ecclesiastical Museum,government,14.846527,120.812645,"Pampanga, Pampanga",Pampanga,Central,(045) 961-0000 / 911,0,False,"Municipal, Civic & Landmark Building",Public Infrastructure & Community Landmark
PBCom,supermarket,14.844854,120.81191,"Paseo del Congreso, Malolos, Pampanga",Malolos,Central,(045) 961-0000 / 911,0,False,Commercial & Retail Supplies Hub,Commercial & Retail Establishment · bank
Trinity Funeral Service,supermarket,14.845183,120.81275,"Paseo del Congreso, Malolos, Pampanga",Malolos,Central,(045) 961-0000 / 911,0,False,Commercial & Retail Supplies Hub,Commercial & Retail Establishment · funeral_directors
Crown And Fancy Furniture,supermarket,14.84673,120.813498,"Pampanga, Pampanga",Pampanga,Central,(045) 961-0000 / 911,0,False,Commercial & Retail Supplies Hub,Commercial & Retail Establishment · furniture
Goodyear Servitek - Malolos,supermarket,14.842036,120.846983,"Pampanga, Pampanga",Pampanga,Central,(045) 961-0000 / 911,0,False,Commercial & Retail Supplies Hub,Commercial & Retail Establishment · car_repair
Ganchan Japanese Cuisine,supermarket,14.839469,120.857173,"MacArthur Highway, Malolos, Pampanga",Malolos,Central,(045) 961-0000 / 911,0,False,Commercial & Retail Supplies Hub,Commercial & Retail Establishment · restaurant
Fantasy Island Resort,government,14.838945,120.890518,"Pampanga, Pampanga",Pampanga,Central,(045) 961-0000 / 911,0,False,"Municipal, Civic & Landmark Building",Public Infrastructure & Community Landmark
Golden Shower Resort,government,14.841276,120.890624,"Pampanga, Pampanga",Pampanga,Central,(045) 961-0000 / 911,0,False,"Municipal, Civic & Landmark Building",Public Infrastructure & Community Landmark
Great Cross of Malolos,government,14.842807,120.811471,"Pampanga, Pampanga",Pampanga,Central,(045) 961-0000 / 911,0,False,"Municipal, Civic & Landmark Building",Public Infrastructure & Community Landmark
F. Bonifacio Lumber and Construction Supply,supermarket,14.847383,120.813544,"Pampanga, Pampanga",Pampanga,Central,(045) 961-0000 / 911,0,False,Commercial & Retail Supplies Hub,Commercial & Retail Establishment · trade
Ton's Venue,government,14.849248,120.825374,"MacArthur Highway, Malolos, Pampanga",Malolos,Central,(045) 961-0000 / 911,0,False,"Municipal, Civic & Landmark Building",Public Infrastructure & Community Landmark
Villa Juanita Resort,government,14.882847,120.810478,"Pampanga, Pampanga",Pampanga,Central,(045) 961-0000 / 911,0,False,"Municipal, Civic & Landmark Building",Public Infrastructure & Community Landmark
LBC,government,14.854426,120.81588,"Malolos, Pampanga",Malolos,Central,(045) 961-0000 / 911,0,False,"Municipal, Civic & Landmark Building",Public Infrastructure & Community Landmark
Uratex - Malolos,supermarket,14.845999,120.834326,"Pampanga, Pampanga",Pampanga,Central,(045) 961-0000 / 911,0,False,Commercial & Retail Supplies Hub,Commercial & Retail Establishment · yes
James-R Electronics and Electrical Supply,supermarket,14.841954,120.811868,"Pampanga, Pampanga",Pampanga,Central,(045) 961-0000 / 911,0,False,Commercial & Retail Supplies Hub,Commercial & Retail Establishment · radiotechnics
JFET Electronics and Electrical Supply,supermarket,14.842007,120.811994,"Pampanga, Pampanga",Pampanga,Central,(045) 961-0000 / 911,0,False,Commercial & Retail Supplies Hub,Commercial & Retail Establishment · radiotechnics
Generika,pharmacy,14.843748,120.813158,"M. Crisostomo Street, Pampanga, Pampanga",Pampanga,Central,(045) 961-0000 / 911,0,False,Pharmacy & Medical Supplies,"First-Aid, Essential Medications & Antibiotics"
EastWest Unibank,supermarket,14.889185,120.867642,"Pampanga, Pampanga",Pampanga,Central,(045) 961-0000 / 911,0,False,Commercial & Retail Supplies Hub,Commercial & Retail Establishment · bank
Edna's Wholesale,supermarket,14.889165,120.867361,"Pampanga, Pampanga",Pampanga,Central,(045) 961-0000 / 911,0,False,Commercial & Retail Supplies Hub,Commercial & Retail Establishment · greengrocer
Jan William,supermarket,14.886337,120.867685,"Pampanga, Pampanga",Pampanga,Central,(045) 961-0000 / 911,0,False,Commercial & Retail Supplies Hub,Commercial & Retail Establishment · motorcycle
Uratex Plant,government,14.885468,120.875735,"Pampanga, Pampanga",Pampanga,Central,(045) 961-0000 / 911,0,False,"Municipal, Civic & Landmark Building",Public Infrastructure & Community Landmark
Minute Burger,supermarket,14.912153,120.766542,"Pampanga, Pampanga",Pampanga,Central,(045) 961-0000 / 911,0,False,Commercial & Retail Supplies Hub,Commercial & Retail Establishment · fast_food
BanKo,supermarket,14.912549,120.76654,"Pampanga, Pampanga",Pampanga,Central,(045) 961-0000 / 911,0,False,Commercial & Retail Supplies Hub,Commercial & Retail Establishment · bank
Chooks to Go,supermarket,14.912803,120.766553,"Pampanga, Pampanga",Pampanga,Central,(045) 961-0000 / 911,0,False,Commercial & Retail Supplies Hub,Commercial & Retail Establishment · fast_food
Ten Rey Gravel and Sand,supermarket,14.911094,120.766423,"Pampanga, Pampanga",Pampanga,Central,(045) 961-0000 / 911,0,False,Commercial & Retail Supplies Hub,Commercial & Retail Establishment · trade
China Bank Savings,supermarket,14.842159,120.812366,"Pampanga, Pampanga",Pampanga,Central,(045) 961-0000 / 911,0,False,Commercial & Retail Supplies Hub,Commercial & Retail Establishment · bank
Gate Bank,supermarket,14.849987,120.815165,"Paseo del Congreso, Malolos, Pampanga",Malolos,Central,(045) 961-0000 / 911,0,False,Commercial & Retail Supplies Hub,Commercial & Retail Establishment · bank
R. Santos Appliance Center,supermarket,14.849914,120.815081,"Paseo del Congreso, Malolos, Pampanga",Malolos,Central,(045) 961-0000 / 911,0,False,Commercial & Retail Supplies Hub,Commercial & Retail Establishment · appliance
Water Market Purified Water,supermarket,14.868315,120.801277,"Pampanga, Pampanga",Pampanga,Central,(045) 961-0000 / 911,0,False,Commercial & Retail Supplies Hub,Commercial & Retail Establishment · water
Habilities Center for Intervention (Therapy Center),hospital,14.860513,120.806326,"Pampanga, Pampanga",Pampanga,Central,(045) 961-0000 / 911,20,False,Primary Health Clinic / RHU,20 Beds · Hotline: (045) 961-0000 / 911
Yamaha 3S,supermarket,14.88116,120.79091,"Pampanga, Pampanga",Pampanga,Central,(045) 961-0000 / 911,0,False,Commercial & Retail Supplies Hub,Commercial & Retail Establishment · motorcycle
Hapag Restaurant and Events Place,supermarket,14.856885,120.815697,"Pampanga, Pampanga",Pampanga,Central,(045) 961-0000 / 911,0,False,Commercial & Retail Supplies Hub,Commercial & Retail Establishment · restaurant
Brooks Sizzling Platters,supermarket,14.856425,120.811745,"Pampanga, Pampanga",Pampanga,Central,(045) 961-0000 / 911,0,False,Commercial & Retail Supplies Hub,Commercial & Retail Establishment · restaurant
Chucoy's Lutong Ulam at Bulalohan,supermarket,14.852734,120.816189,"MacArthur Highway, Malolos, Pampanga",Malolos,Central,(045) 961-0000 / 911,0,False,Commercial & Retail Supplies Hub,Commercial & Retail Establishment · restaurant
Uncle Cheffy's,supermarket,14.85039,120.824311,"MacArthur Highway, Malolos, Pampanga",Malolos,Central,(045) 961-0000 / 911,0,False,Commercial & Retail Supplies Hub,Commercial & Retail Establishment · restaurant
AGEMONO International Buffet Restaurant,supermarket,14.850331,120.823321,"MacArthur Highway, Malolos, Pampanga",Malolos,Central,(045) 961-0000 / 911,0,False,Commercial & Retail Supplies Hub,Commercial & Retail Establishment · restaurant
Chef's Noodle Korean Restaurant,supermarket,14.850378,120.823378,"MacArthur Highway, Malolos, Pampanga",Malolos,Central,(045) 961-0000 / 911,0,False,Commercial & Retail Supplies Hub,Commercial & Retail Establishment · restaurant
Max's Restaurant,supermarket,14.850066,120.823209,"MacArthur Highway, Malolos, Pampanga",Malolos,Central,(045) 961-0000 / 911,0,False,Commercial & Retail Supplies Hub,Commercial & Retail Establishment · restaurant
RCBC,supermarket,14.847107,120.813381,"Paseo del Congreso Street, Malolos, Pampanga",Malolos,Central,(045) 961-0000 / 911,0,False,Commercial & Retail Supplies Hub,Commercial & Retail Establishment · bank
Motoposh,supermarket,14.851226,120.815729,"Pampanga, Pampanga",Pampanga,Central,(045) 961-0000 / 911,0,False,Commercial & Retail Supplies Hub,Commercial & Retail Establishment · motorcycle
Bavarian Coffee Co.,supermarket,14.88836,120.875298,"Plaridel-Pulilan Diversion Road, Plaridel, Pampanga",Plaridel,Central,(045) 961-0000 / 911,0,False,Commercial & Retail Supplies Hub,Commercial & Retail Establishment · cafe
Physical Medicine & Rehabilitation Malolos,hospital,14.855615,120.811887,"Sapphire Street, Malolos, Pampanga",Malolos,Central,(045) 961-0000 / 911,20,False,Primary Health Clinic / RHU,20 Beds · Hotline: (045) 961-0000 / 911
Victory Center Malolos,government,14.846108,120.834795,"Pampanga, Pampanga",Pampanga,Central,(045) 961-0000 / 911,0,False,"Municipal, Civic & Landmark Building",Public Infrastructure & Community Landmark
Pit Work Car Wash and Auto Detailing,supermarket,14.859265,120.809987,"Pampanga, Pampanga",Pampanga,Central,(045) 961-0000 / 911,0,False,Commercial & Retail Supplies Hub,Commercial & Retail Establishment · car_repair
PV Dental Clinic,government,14.864876,120.80532,"MacArthur Highway, Malolos, Pampanga",Malolos,Central,(045) 961-0000 / 911,0,False,"Municipal, Civic & Landmark Building",Public Infrastructure & Community Landmark
G-Shine,government,14.864649,120.805149,"MacArthur Highway, Malolos, Pampanga",Malolos,Central,(045) 961-0000 / 911,0,False,"Municipal, Civic & Landmark Building",Public Infrastructure & Community Landmark
PAO - Malolos,government,14.856053,120.815686,"Pampanga, Pampanga",Pampanga,Central,(045) 961-0000 / 911,0,False,"Municipal, Civic & Landmark Building",Public Infrastructure & Community Landmark
Patio Juan Garden Art Cafe,supermarket,14.854429,120.812485,"Pampanga, Pampanga",Pampanga,Central,(045) 961-0000 / 911,0,False,Commercial & Retail Supplies Hub,Commercial & Retail Establishment · restaurant
SAS Bank,supermarket,14.836737,120.788212,"Pampanga, Pampanga",Pampanga,Central,(045) 961-0000 / 911,0,False,Commercial & Retail Supplies Hub,Commercial & Retail Establishment · bank
Reymalyn,supermarket,14.836769,120.788257,"Paombong Provincial Road, Pampanga, Pampanga",Pampanga,Central,(045) 961-0000 / 911,0,False,Commercial & Retail Supplies Hub,Commercial & Retail Establishment · pawnbroker
South,supermarket,14.86912,120.802344,"MacArthur Highway, Pampanga, Pampanga",Pampanga,Central,(045) 961-0000 / 911,0,False,Commercial & Retail Supplies Hub,Commercial & Retail Establishment · doityourself
Voice of the Lord Church,government,14.840177,120.795387,"Pampanga, Pampanga",Pampanga,Central,(045) 961-0000 / 911,0,False,"Municipal, Civic & Landmark Building",Public Infrastructure & Community Landmark
Villarica,supermarket,14.843054,120.812312,"Pampanga, Pampanga",Pampanga,Central,(045) 961-0000 / 911,0,False,Commercial & Retail Supplies Hub,Commercial & Retail Establishment · pawnbroker
Caltex - Atlag,gas_station,14.828103,120.822491,"Pampanga, Pampanga",Pampanga,Central,(045) 961-0000 / 911,0,False,Fuel Station,Gasoline & Diesel Fuel · Operational Fuel Point
Nina's Itikan & Restaurant,supermarket,14.894868,120.899173,"Pampanga, Pampanga",Pampanga,Central,(045) 961-0000 / 911,0,False,Commercial & Retail Supplies Hub,Commercial & Retail Establishment · restaurant
Eleven 19 Hardware and Construction Supplies,supermarket,14.860964,120.808496,"Pampanga, Pampanga",Pampanga,Central,(045) 961-0000 / 911,0,False,Commercial & Retail Supplies Hub,Commercial & Retail Establishment · trade
Baliwag Lechon,supermarket,14.839252,120.859912,"Pampanga, Pampanga",Pampanga,Central,(045) 961-0000 / 911,0,False,Commercial & Retail Supplies Hub,Commercial & Retail Establishment · fast_food
Kapuso Tapsilogan,supermarket,14.85081,120.819834,"Pampanga, Pampanga",Pampanga,Central,(045) 961-0000 / 911,0,False,Commercial & Retail Supplies Hub,Commercial & Retail Establishment · restaurant
Bozs Lechon City,supermarket,14.868691,120.801596,"MacArthur Highway, Malolos, Pampanga",Malolos,Central,(045) 961-0000 / 911,0,False,Commercial & Retail Supplies Hub,Commercial & Retail Establishment · restaurant
Waves Burger,supermarket,14.863963,120.805751,"Pampanga, Pampanga",Pampanga,Central,(045) 961-0000 / 911,0,False,Commercial & Retail Supplies Hub,Commercial & Retail Establishment · fast_food
Mega Office Furniture Surplus Shop,supermarket,14.841627,120.849202,"Pampanga, Pampanga",Pampanga,Central,(045) 961-0000 / 911,0,False,Commercial & Retail Supplies Hub,Commercial & Retail Establishment · yes
TGP,pharmacy,14.846218,120.834404,"Pampanga, Pampanga",Pampanga,Central,(045) 961-0000 / 911,0,False,Pharmacy & Medical Supplies,"First-Aid, Essential Medications & Antibiotics"
BDO,supermarket,14.828427,120.873559,"MacArthur Highway, Guiguinto, Pampanga",Guiguinto,Central,(045) 961-0000 / 911,0,False,Commercial & Retail Supplies Hub,Commercial & Retail Establishment · bank
Jollibee,supermarket,14.828231,120.873882,"Pampanga, Pampanga",Pampanga,Central,(045) 961-0000 / 911,0,False,Commercial & Retail Supplies Hub,Commercial & Retail Establishment · fast_food
Garden Furniture Shop,government,14.866123,120.803897,"Pampanga, Pampanga",Pampanga,Central,(045) 961-0000 / 911,0,False,"Municipal, Civic & Landmark Building",Public Infrastructure & Community Landmark
Smokey Hut,supermarket,14.842062,120.847221,"Pampanga, Pampanga",Pampanga,Central,(045) 961-0000 / 911,0,False,Commercial & Retail Supplies Hub,Commercial & Retail Establishment · restaurant
Pengoo Bubble Tea,supermarket,14.85178,120.817336,"Pampanga, Pampanga",Pampanga,Central,(045) 961-0000 / 911,0,False,Commercial & Retail Supplies Hub,Commercial & Retail Establishment · fast_food
Lorna Sari-Sari Store,supermarket,14.853119,120.816144,"Mabini Street, Malolos, Pampanga",Malolos,Central,(045) 961-0000 / 911,0,False,Commercial & Retail Supplies Hub,Commercial & Retail Establishment · convenience
Cebuana Lhuillier,supermarket,14.853278,120.816043,"Pampanga, Pampanga",Pampanga,Central,(045) 961-0000 / 911,0,False,Commercial & Retail Supplies Hub,Commercial & Retail Establishment · pawnbroker
Rosslite Auto Electrical,supermarket,14.851154,120.818801,"Pampanga, Pampanga",Pampanga,Central,(045) 961-0000 / 911,0,False,Commercial & Retail Supplies Hub,Commercial & Retail Establishment · car_repair
Hanaro Mart,supermarket,15.221322,120.574904,"MacArthur Highway, Pampanga, Pampanga",Pampanga,Central,(045) 961-0000 / 911,0,False,Commercial & Retail Supplies Hub,Commercial & Retail Establishment · grocery
El Vistra Travellers Inn,government,14.885281,120.787249,"Pampanga, Pampanga",Pampanga,Central,(045) 961-0000 / 911,0,False,"Municipal, Civic & Landmark Building",Public Infrastructure & Community Landmark
Vista Mall,pharmacy,14.875334,120.796781,"Pampanga, Pampanga",Pampanga,Central,(045) 961-0000 / 911,0,False,Pharmacy & Medical Supplies,"First-Aid, Essential Medications & Antibiotics"
Legis Trading,supermarket,14.907941,120.766717,"Pampanga, Pampanga",Pampanga,Central,(045) 961-0000 / 911,0,False,Commercial & Retail Supplies Hub,Commercial & Retail Establishment · car_parts
Plaridel Grill,supermarket,14.885925,120.858825,"Pampanga, Pampanga",Pampanga,Central,(045) 961-0000 / 911,0,False,Commercial & Retail Supplies Hub,Commercial & Retail Establishment · restaurant
Chooks to Go,supermarket,14.885951,120.858956,"Governor Padilla Street, Pampanga, Pampanga",Pampanga,Central,(045) 961-0000 / 911,0,False,Commercial & Retail Supplies Hub,Commercial & Retail Establishment · fast_food
Villarica,supermarket,14.889577,120.867515,"Pampanga, Pampanga",Pampanga,Central,(045) 961-0000 / 911,0,False,Commercial & Retail Supplies Hub,Commercial & Retail Establishment · pawnbroker
FC Home Center,supermarket,14.889252,120.867343,"Doña Remedios Trinidad Highway, Plaridel, Pampanga",Plaridel,Central,(045) 961-0000 / 911,0,False,Commercial & Retail Supplies Hub,Commercial & Retail Establishment · appliance
Short Cuts,supermarket,14.889334,120.867326,"Pampanga, Pampanga",Pampanga,Central,(045) 961-0000 / 911,0,False,Commercial & Retail Supplies Hub,Commercial & Retail Establishment · hairdresser
Lechon Manok ni Sr. Pedro,supermarket,14.889317,120.867332,"Pampanga, Pampanga",Pampanga,Central,(045) 961-0000 / 911,0,False,Commercial & Retail Supplies Hub,Commercial & Retail Establishment · fast_food
Team Earls Car Wash,supermarket,14.890053,120.867238,"Pampanga, Pampanga",Pampanga,Central,(045) 961-0000 / 911,0,False,Commercial & Retail Supplies Hub,Commercial & Retail Establishment · car_repair
Jeepney Terminal to Malolos,government,14.886928,120.864396,"Pampanga, Pampanga",Pampanga,Central,(045) 961-0000 / 911,0,False,"Municipal, Civic & Landmark Building",Public Infrastructure & Community Landmark
MD Automotive Services,supermarket,14.863131,120.806524,"Pampanga, Pampanga",Pampanga,Central,(045) 961-0000 / 911,0,False,Commercial & Retail Supplies Hub,Commercial & Retail Establishment · car_repair
Dunkin',supermarket,14.900935,120.867484,"Pampanga, Pampanga",Pampanga,Central,(045) 961-0000 / 911,0,False,Commercial & Retail Supplies Hub,Commercial & Retail Establishment · fast_food
Burger Machine,supermarket,14.900877,120.86746,"Pampanga, Pampanga",Pampanga,Central,(045) 961-0000 / 911,0,False,Commercial & Retail Supplies Hub,Commercial & Retail Establishment · fast_food
Markell Motorcycle and Scooter Dealer,supermarket,14.900855,120.867255,"Pampanga, Pampanga",Pampanga,Central,(045) 961-0000 / 911,0,False,Commercial & Retail Supplies Hub,Commercial & Retail Establishment · motorcycle
Mister Donut,supermarket,14.901086,120.867332,"Pampanga, Pampanga",Pampanga,Central,(045) 961-0000 / 911,0,False,Commercial & Retail Supplies Hub,Commercial & Retail Establishment · cafe
Baliwag,supermarket,14.901145,120.867345,"Pampanga, Pampanga",Pampanga,Central,(045) 961-0000 / 911,0,False,Commercial & Retail Supplies Hub,Commercial & Retail Establishment · fast_food
Chooks to Go,supermarket,14.868677,120.802134,"MacArthur Highway, Pampanga, Pampanga",Pampanga,Central,(045) 961-0000 / 911,0,False,Commercial & Retail Supplies Hub,Commercial & Retail Establishment · fast_food
Quilang's Pharmacy,pharmacy,14.901899,120.771467,"Pampanga, Pampanga",Pampanga,Central,(045) 961-0000 / 911,0,False,Pharmacy & Medical Supplies,"First-Aid, Essential Medications & Antibiotics"
Jeepney Terminal: Calumpit - Meycauayan,government,14.907635,120.767617,"Pampanga, Pampanga",Pampanga,Central,(045) 961-0000 / 911,0,False,"Municipal, Civic & Landmark Building",Public Infrastructure & Community Landmark
Bigasan sa Dulo,supermarket,14.864531,120.797886,"Pampanga, Pampanga",Pampanga,Central,(045) 961-0000 / 911,0,False,Commercial & Retail Supplies Hub,Commercial & Retail Establishment · rice
Borek KTV,government,14.851502,120.81841,"Pampanga, Pampanga",Pampanga,Central,(045) 961-0000 / 911,0,False,"Municipal, Civic & Landmark Building",Public Infrastructure & Community Landmark
Pizza Hut,supermarket,14.85682,120.812672,"MacArthur Highway, Malolos, Pampanga",Malolos,Central,(045) 961-0000 / 911,0,False,Commercial & Retail Supplies Hub,Commercial & Retail Establishment · restaurant
Enlin's,supermarket,14.85237,120.816575,"Malolos Crossing, Malolos, Pampanga",Malolos,Central,(045) 961-0000 / 911,0,False,Commercial & Retail Supplies Hub,Commercial & Retail Establishment · bakery
Wing N' Twirls,supermarket,14.867194,120.802908,"Pampanga, Pampanga",Pampanga,Central,(045) 961-0000 / 911,0,False,Commercial & Retail Supplies Hub,Commercial & Retail Establishment · fast_food
Jen N Jay Wood Works,supermarket,14.866516,120.803504,"Pampanga, Pampanga",Pampanga,Central,(045) 961-0000 / 911,0,False,Commercial & Retail Supplies Hub,Commercial & Retail Establishment · furniture
Pet Solutions,government,14.865332,120.804532,"MacArthur Highway, Malolos, Pampanga",Malolos,Central,(045) 961-0000 / 911,0,False,"Municipal, Civic & Landmark Building",Public Infrastructure & Community Landmark
Robinsons Transport Terminal,government,14.849877,120.823436,"Pampanga, Pampanga",Pampanga,Central,(045) 961-0000 / 911,0,False,"Municipal, Civic & Landmark Building",Public Infrastructure & Community Landmark
K&R Pharmacy,pharmacy,14.894037,120.778748,"Pampanga, Pampanga",Pampanga,Central,(045) 961-0000 / 911,0,False,Pharmacy & Medical Supplies,"First-Aid, Essential Medications & Antibiotics"
Shin' yuu,supermarket,14.8394,120.857713,"Pampanga, Pampanga",Pampanga,Central,(045) 961-0000 / 911,0,False,Commercial & Retail Supplies Hub,Commercial & Retail Establishment · restaurant
Power Shift Detailers,supermarket,14.839721,120.856518,"Pampanga, Pampanga",Pampanga,Central,(045) 961-0000 / 911,0,False,Commercial & Retail Supplies Hub,Commercial & Retail Establishment · car_repair
Vulcanizing Shop,supermarket,14.859407,120.809893,"Pampanga, Pampanga",Pampanga,Central,(045) 961-0000 / 911,0,False,Commercial & Retail Supplies Hub,Commercial & Retail Establishment · car_repair
UCPB Savings Bank,supermarket,14.849958,120.814881,"Paseo del Congreso, Malolos, Pampanga",Malolos,Central,(045) 961-0000 / 911,0,False,Commercial & Retail Supplies Hub,Commercial & Retail Establishment · bank
CJ Cycle Point,supermarket,14.849842,120.815043,"Paseo del Congreso, Malolos, Pampanga",Malolos,Central,(045) 961-0000 / 911,0,False,Commercial & Retail Supplies Hub,Commercial & Retail Establishment · bicycle
418 Agricultural and Veterinary Services,supermarket,14.867835,120.802334,"MacArthur Highway, Malolos, Pampanga",Malolos,Central,(045) 961-0000 / 911,0,False,Commercial & Retail Supplies Hub,Commercial & Retail Establishment · trade
Goodwill Laundry,supermarket,14.867801,120.802367,"MacArthur Highway, Malolos, Pampanga",Malolos,Central,(045) 961-0000 / 911,0,False,Commercial & Retail Supplies Hub,Commercial & Retail Establishment · laundry
PSBank,supermarket,14.868685,120.80224,"MacArthur Highway, Malolos, Pampanga",Malolos,Central,(045) 961-0000 / 911,0,False,Commercial & Retail Supplies Hub,Commercial & Retail Establishment · atm
BDO,supermarket,14.868657,120.802258,"MacArthur Highway, Malolos, Pampanga",Malolos,Central,(045) 961-0000 / 911,0,False,Commercial & Retail Supplies Hub,Commercial & Retail Establishment · atm
BPI,supermarket,14.868646,120.802264,"MacArthur Highway, Malolos, Pampanga",Malolos,Central,(045) 961-0000 / 911,0,False,Commercial & Retail Supplies Hub,Commercial & Retail Establishment · atm
Ginrex Tire Supply and Vulcanizing Shop,supermarket,14.867493,120.802636,"MacArthur Highway, Malolos, Pampanga",Malolos,Central,(045) 961-0000 / 911,0,False,Commercial & Retail Supplies Hub,Commercial & Retail Establishment · tyres
Motortrade,supermarket,14.863546,120.806139,"MacArthur Highway, Malolos, Pampanga",Malolos,Central,(045) 961-0000 / 911,0,False,Commercial & Retail Supplies Hub,Commercial & Retail Establishment · motorcycle
Chibugan Car Wash,government,14.849037,120.825365,"Pampanga, Pampanga",Pampanga,Central,(045) 961-0000 / 911,0,False,"Municipal, Civic & Landmark Building",Public Infrastructure & Community Landmark
Kulinarya ng Tisa,supermarket,14.876135,120.798685,"Malolos, Pampanga",Malolos,Central,(045) 961-0000 / 911,0,False,Commercial & Retail Supplies Hub,Commercial & Retail Establishment · restaurant
Santos Junk Shop,government,15.22274,120.661962,"Pampanga, Pampanga",Pampanga,Central,(045) 961-0000 / 911,0,False,"Municipal, Civic & Landmark Building",Public Infrastructure & Community Landmark
Apollonia Royale,government,15.164518,120.584258,"Felicitas Street, Pampanga, Pampanga",Pampanga,Central,(045) 961-0000 / 911,0,False,"Municipal, Civic & Landmark Building",Public Infrastructure & Community Landmark
Mesa Filipino Moderne,supermarket,15.169906,120.579688,"Pampanga, Pampanga",Pampanga,Central,(045) 961-0000 / 911,0,False,Commercial & Retail Supplies Hub,Commercial & Retail Establishment · restaurant
St. Ann Colleges,school,15.11776,120.607536,"Yvette Road, San Fernando, Pampanga",San Fernando,Central,+63 45 887 3176,0,False,Evacuation Shelter / Education Facility,High-Ground Evacuation Shelter · Relief Goods Depot
SAB Gas Station,gas_station,15.250145,120.858412,"Pampanga, Pampanga",Pampanga,Central,(045) 961-0000 / 911,0,False,Fuel Station,Gasoline & Diesel Fuel · Operational Fuel Point
Madapdap - Angeles Jeepney Terminal,government,15.225093,120.608451,"Pampanga, Pampanga",Pampanga,Central,(045) 961-0000 / 911,0,False,"Municipal, Civic & Landmark Building",Public Infrastructure & Community Landmark
South Star Drug,pharmacy,15.252174,120.859406,"Pampanga, Pampanga",Pampanga,Central,(045) 961-0000 / 911,0,False,Pharmacy & Medical Supplies,"First-Aid, Essential Medications & Antibiotics"
Uncle John's,supermarket,15.252131,120.85938,"Jose Abad Santos Avenue, Pampanga, Pampanga",Pampanga,Central,(045) 961-0000 / 911,0,False,Commercial & Retail Supplies Hub,Commercial & Retail Establishment · convenience
Cebuana Lhuilier,supermarket,15.250119,120.858166,"Pampanga, Pampanga",Pampanga,Central,(045) 961-0000 / 911,0,False,Commercial & Retail Supplies Hub,Commercial & Retail Establishment · pawnbroker
MLhuillier,supermarket,15.253406,120.860026,"Pampanga, Pampanga",Pampanga,Central,(045) 961-0000 / 911,0,False,Commercial & Retail Supplies Hub,Commercial & Retail Establishment · pawnbroker
Cebuana Lhuillier,supermarket,15.253517,120.860088,"Pampanga, Pampanga",Pampanga,Central,(045) 961-0000 / 911,0,False,Commercial & Retail Supplies Hub,Commercial & Retail Establishment · pawnbroker
7-Eleven,supermarket,15.163431,120.548805,"Pampanga, Pampanga",Pampanga,Central,(045) 961-0000 / 911,0,False,Commercial & Retail Supplies Hub,Commercial & Retail Establishment · convenience
Metrobank,supermarket,15.174092,120.535044,"Manuel A. Roxas Highway, Clark Freeport, Pampanga",Clark Freeport,Central,(045) 961-0000 / 911,0,False,Commercial & Retail Supplies Hub,Commercial & Retail Establishment · bank
UnionBank - Pavillion Clark,supermarket,15.173482,120.535605,"Manuel A. Roxas Highway, Clark Freeport, Pampanga",Clark Freeport,Central,(045) 961-0000 / 911,0,False,Commercial & Retail Supplies Hub,Commercial & Retail Establishment · bank
Barney's Burger,supermarket,14.868082,120.461155,"Dinalupihan, Pampanga",Dinalupihan,Central,(045) 961-0000 / 911,0,False,Commercial & Retail Supplies Hub,Commercial & Retail Establishment · restaurant
PTT Convinence Store,supermarket,15.173159,120.535994,"Manuel A. Roxas Highway, Clark Freeport, Pampanga",Clark Freeport,Central,(045) 961-0000 / 911,0,False,Commercial & Retail Supplies Hub,Commercial & Retail Establishment · convenience
Jollibee,supermarket,15.178515,120.587242,"MacArthur Highway, Mabalacat, Pampanga",Mabalacat,Central,(045) 961-0000 / 911,0,False,Commercial & Retail Supplies Hub,Commercial & Retail Establishment · fast_food
Chooks to Go,supermarket,15.17842,120.587529,"MacArthur Highway, Dau, Mabalacat City, Pampanga","Dau, Mabalacat City",Central,(045) 961-0000 / 911,0,False,Commercial & Retail Supplies Hub,Commercial & Retail Establishment · fast_food
Mang Inasal,supermarket,15.178498,120.587834,"Dau Access Road, Mabalacat City, Pampanga",Mabalacat City,Central,(045) 961-0000 / 911,0,False,Commercial & Retail Supplies Hub,Commercial & Retail Establishment · fast_food
Genesis,government,15.1664,120.583527,"Pampanga, Pampanga",Pampanga,Central,(045) 961-0000 / 911,0,False,"Municipal, Civic & Landmark Building",Public Infrastructure & Community Landmark
Vistillana,government,15.164991,120.591118,"Pampanga, Pampanga",Pampanga,Central,(045) 961-0000 / 911,0,False,"Municipal, Civic & Landmark Building",Public Infrastructure & Community Landmark
7-Eleven,supermarket,15.164795,120.590768,"Pampanga, Pampanga",Pampanga,Central,(045) 961-0000 / 911,0,False,Commercial & Retail Supplies Hub,Commercial & Retail Establishment · convenience
RLN Car Accessories and Trading,supermarket,14.897994,120.86622,"Pampanga, Pampanga",Pampanga,Central,(045) 961-0000 / 911,0,False,Commercial & Retail Supplies Hub,Commercial & Retail Establishment · car_repair
Angel John Integrated Academy,school,14.817563,120.946019,"Narra Street, Santa Maria, Pampanga",Santa Maria,Central,+639053214397,0,False,Evacuation Shelter / Education Facility,High-Ground Evacuation Shelter · Relief Goods Depot
Funnside Ningnangan,supermarket,14.838684,120.861059,"MacArthur Highway, Guiguinto, Pampanga",Guiguinto,Central,(045) 961-0000 / 911,0,False,Commercial & Retail Supplies Hub,Commercial & Retail Establishment · restaurant
Goddess of Peace Shrine,government,15.19324,120.534363,"Pampanga, Pampanga",Pampanga,Central,(045) 961-0000 / 911,0,False,"Municipal, Civic & Landmark Building",Public Infrastructure & Community Landmark
Bonchon Chicken,supermarket,15.167907,120.581483,"Pampanga, Pampanga",Pampanga,Central,(045) 961-0000 / 911,0,False,Commercial & Retail Supplies Hub,Commercial & Retail Establishment · restaurant
Goldilocks,supermarket,15.167907,120.581228,"Pampanga, Pampanga",Pampanga,Central,(045) 961-0000 / 911,0,False,Commercial & Retail Supplies Hub,Commercial & Retail Establishment · bakery
Dairy Queen,supermarket,15.168298,120.580305,"Pampanga, Pampanga",Pampanga,Central,(045) 961-0000 / 911,0,False,Commercial & Retail Supplies Hub,Commercial & Retail Establishment · fast_food
Angel's Pizza,supermarket,14.839185,120.85884,"MacArthur Highway, Malolos, Pampanga",Malolos,Central,(045) 961-0000 / 911,0,False,Commercial & Retail Supplies Hub,Commercial & Retail Establishment · fast_food
Romantic Baboy,supermarket,14.839184,120.858888,"MacArthur Highway, Malolos, Pampanga",Malolos,Central,(045) 961-0000 / 911,0,False,Commercial & Retail Supplies Hub,Commercial & Retail Establishment · restaurant
Mercury Drug,pharmacy,14.849507,120.824164,"MacArthur Highway, Malolos, Pampanga",Malolos,Central,(045) 961-0000 / 911,0,False,Pharmacy & Medical Supplies,"First-Aid, Essential Medications & Antibiotics"
Bulacan Polytechnic College,school,14.865564,120.949411,"E. Contreras Street, Pampanga, Pampanga",Pampanga,Central,(045) 961-0000 / 911,0,False,Evacuation Shelter / Education Facility,High-Ground Evacuation Shelter · Relief Goods Depot
One Stop Travel,supermarket,15.158645,120.557637,"Friendship Highway, Angeles, Pampanga",Angeles,Central,+63456256729; +639214055903,0,False,Commercial & Retail Supplies Hub,Commercial & Retail Establishment · travel_agency
Kryts,supermarket,14.864686,120.805111,"MacArthur Highway, Malolos, Pampanga",Malolos,Central,(045) 961-0000 / 911,0,False,Commercial & Retail Supplies Hub,Commercial & Retail Establishment · car_parts
Bobs Car Aircon Repair,supermarket,14.850724,120.820054,"MacArthur Highway, Malolos, Pampanga",Malolos,Central,(045) 961-0000 / 911,0,False,Commercial & Retail Supplies Hub,Commercial & Retail Establishment · car_repair
Dadson Enterprises,supermarket,14.850739,120.82001,"MacArthur Highway, Malolos, Pampanga",Malolos,Central,(045) 961-0000 / 911,0,False,Commercial & Retail Supplies Hub,Commercial & Retail Establishment · doityourself
PRJ Computer Center,supermarket,15.038578,120.680876,"Pampanga, Pampanga",Pampanga,Central,(045) 961-0000 / 911,0,False,Commercial & Retail Supplies Hub,Commercial & Retail Establishment · computer
Saviour Bank,supermarket,14.912106,120.565257,"Jose Abad Santos Avenue, Pampanga, Pampanga",Pampanga,Central,(045) 961-0000 / 911,0,False,Commercial & Retail Supplies Hub,Commercial & Retail Establishment · bank
Wizard's Wink Hobby Shop,supermarket,15.125118,120.597929,"MacArthur Highway, Angeles, Pampanga",Angeles,Central,(045) 961-0000 / 911,0,False,Commercial & Retail Supplies Hub,Commercial & Retail Establishment · anime
Nhexxus Computer Shop,government,14.855263,120.867954,"Pampanga, Pampanga",Pampanga,Central,(045) 961-0000 / 911,0,False,"Municipal, Civic & Landmark Building",Public Infrastructure & Community Landmark
Sacred Heart Chapel,government,14.970105,120.753406,"Villa Angelina, Apalit, Pampanga",Apalit,Central,(045) 961-0000 / 911,0,False,"Municipal, Civic & Landmark Building",Public Infrastructure & Community Landmark
Cacutud Police Outpost,police,15.146481,120.767128,"Arayat, Pampanga",Arayat,Central,117 / 911,0,False,Police Station / Law Enforcement,24/7 Security & Search and Rescue Standby
Arayat Sports Complex,government,15.14884,120.757152,"Arayat-Magalang Road, Arayat, Pampanga",Arayat,Central,(045) 961-0000 / 911,0,False,"Municipal, Civic & Landmark Building",Public Infrastructure & Community Landmark
Motel Facility,government,15.147032,120.768731,"Pampanga, Pampanga",Pampanga,Central,(045) 961-0000 / 911,0,False,"Municipal, Civic & Landmark Building",Public Infrastructure & Community Landmark
Master's Flying School Parking Lot,government,14.891628,120.854294,"Pampanga, Pampanga",Pampanga,Central,(045) 961-0000 / 911,0,False,"Municipal, Civic & Landmark Building",Public Infrastructure & Community Landmark
Sacop Homes Open Grounds,government,15.224407,120.680026,"Pampanga, Pampanga",Pampanga,Central,(045) 961-0000 / 911,0,False,"Municipal, Civic & Landmark Building",Public Infrastructure & Community Landmark
Khan Café,supermarket,15.166109,120.569057,"Pampanga, Pampanga",Pampanga,Central,(045) 961-0000 / 911,0,False,Commercial & Retail Supplies Hub,Commercial & Retail Establishment · cafe
JAB Liquor & Café,government,15.166121,120.568991,"Pampanga, Pampanga",Pampanga,Central,(045) 961-0000 / 911,0,False,"Municipal, Civic & Landmark Building",Public Infrastructure & Community Landmark
Wheel Got It Tire Supply,supermarket,14.863598,120.806089,"MacArthur Highway, Malolos, Pampanga",Malolos,Central,(045) 961-0000 / 911,0,False,Commercial & Retail Supplies Hub,Commercial & Retail Establishment · tyres
LBC,government,14.868943,120.80188,"MacArthur Highway, Pampanga, Pampanga",Pampanga,Central,(045) 961-0000 / 911,0,False,"Municipal, Civic & Landmark Building",Public Infrastructure & Community Landmark
Ople Trading (785 Branch),supermarket,14.850753,120.808198,"Pampanga, Pampanga",Pampanga,Central,(045) 961-0000 / 911,0,False,Commercial & Retail Supplies Hub,Commercial & Retail Establishment · doityourself
Qualisoft Purified Water Refilling Station,supermarket,14.868479,120.792259,"Pampanga, Pampanga",Pampanga,Central,(045) 961-0000 / 911,0,False,Commercial & Retail Supplies Hub,Commercial & Retail Establishment · water
Bierkueche Snackhouse,government,15.163671,120.568278,"Pampanga, Pampanga",Pampanga,Central,+63 918 508 9577,0,False,"Municipal, Civic & Landmark Building",Public Infrastructure & Community Landmark
Ang Dating Daan - Lokal Ng Pandan,government,15.151416,120.604532,"Pampanga, Pampanga",Pampanga,Central,(045) 961-0000 / 911,0,False,"Municipal, Civic & Landmark Building",Public Infrastructure & Community Landmark
Funnside Ningnangan,supermarket,15.165041,120.603914,"Pampanga, Pampanga",Pampanga,Central,(045) 961-0000 / 911,0,False,Commercial & Retail Supplies Hub,Commercial & Retail Establishment · restaurant
BPI,supermarket,15.163905,120.591329,"MacArthur Highway, Pampanga, Pampanga",Pampanga,Central,(045) 961-0000 / 911,0,False,Commercial & Retail Supplies Hub,Commercial & Retail Establishment · bank
Greenwich,supermarket,14.850005,120.823308,"Pampanga, Pampanga",Pampanga,Central,(045) 961-0000 / 911,0,False,Commercial & Retail Supplies Hub,Commercial & Retail Establishment · fast_food
Mang Inasal,supermarket,14.850347,120.823498,"Pampanga, Pampanga",Pampanga,Central,(045) 961-0000 / 911,0,False,Commercial & Retail Supplies Hub,Commercial & Retail Establishment · fast_food
Chowking,supermarket,14.850301,120.823631,"Pampanga, Pampanga",Pampanga,Central,(045) 961-0000 / 911,0,False,Commercial & Retail Supplies Hub,Commercial & Retail Establishment · fast_food
Jollibee,supermarket,14.849859,120.823738,"Pampanga, Pampanga",Pampanga,Central,(045) 961-0000 / 911,0,False,Commercial & Retail Supplies Hub,Commercial & Retail Establishment · fast_food
Dairy Queen,supermarket,14.850168,120.824186,"Pampanga, Pampanga",Pampanga,Central,(045) 961-0000 / 911,0,False,Commercial & Retail Supplies Hub,Commercial & Retail Establishment · fast_food
SPC,school,14.90181,120.855964,"Pampanga, Pampanga",Pampanga,Central,(045) 961-0000 / 911,0,False,Evacuation Shelter / Education Facility,High-Ground Evacuation Shelter · Relief Goods Depot
Basketball Court,government,14.900873,120.876206,"Pampanga, Pampanga",Pampanga,Central,(045) 961-0000 / 911,0,False,"Municipal, Civic & Landmark Building",Public Infrastructure & Community Landmark
Bale Dutung,supermarket,15.129001,120.594201,"Paul Avenue, Pampanga, Pampanga",Pampanga,Central,(045) 961-0000 / 911,0,False,Commercial & Retail Supplies Hub,Commercial & Retail Establishment · restaurant
Putol Barber Shop,supermarket,14.830446,120.944316,"Pampanga, Pampanga",Pampanga,Central,(045) 961-0000 / 911,0,False,Commercial & Retail Supplies Hub,Commercial & Retail Establishment · hairdresser
St. Peter of Alcantara Catholic Church,government,14.809934,120.929497,"Pampanga, Pampanga",Pampanga,Central,(045) 961-0000 / 911,0,False,"Municipal, Civic & Landmark Building",Public Infrastructure & Community Landmark
Pisoprint Internet Cafe,government,14.856311,120.81197,"Pampanga, Pampanga",Pampanga,Central,(045) 961-0000 / 911,0,False,"Municipal, Civic & Landmark Building",Public Infrastructure & Community Landmark
MGB - RO III,government,15.024118,120.696364,"Pampanga, Pampanga",Pampanga,Central,(045) 961-0000 / 911,0,False,"Municipal, Civic & Landmark Building",Public Infrastructure & Community Landmark
Mercury Drug,pharmacy,15.09247,120.827691,"Pampanga, Pampanga",Pampanga,Central,(045) 961-0000 / 911,0,False,Pharmacy & Medical Supplies,"First-Aid, Essential Medications & Antibiotics"
Burger Avenue,supermarket,15.091746,120.82728,"Pampanga, Pampanga",Pampanga,Central,(045) 961-0000 / 911,0,False,Commercial & Retail Supplies Hub,Commercial & Retail Establishment · fast_food
South Star Drug,pharmacy,15.092658,120.827836,"Pampanga, Pampanga",Pampanga,Central,(045) 961-0000 / 911,0,False,Pharmacy & Medical Supplies,"First-Aid, Essential Medications & Antibiotics"
Chinabank,supermarket,15.163932,120.609037,"Pampanga, Pampanga",Pampanga,Central,(045) 961-0000 / 911,0,False,Commercial & Retail Supplies Hub,Commercial & Retail Establishment · bank
PC Worx,supermarket,15.15277,120.591754,"Pampanga, Pampanga",Pampanga,Central,(045) 961-0000 / 911,0,False,Commercial & Retail Supplies Hub,Commercial & Retail Establishment · computer
Flamingo,government,15.165363,120.590908,"Pampanga, Pampanga",Pampanga,Central,(045) 961-0000 / 911,0,False,"Municipal, Civic & Landmark Building",Public Infrastructure & Community Landmark
Mercury Drug,pharmacy,15.166942,120.58977,"Pampanga, Pampanga",Pampanga,Central,(045) 961-0000 / 911,0,False,Pharmacy & Medical Supplies,"First-Aid, Essential Medications & Antibiotics"
Southstar Drug,pharmacy,15.166508,120.590245,"Pampanga, Pampanga",Pampanga,Central,(045) 961-0000 / 911,0,False,Pharmacy & Medical Supplies,"First-Aid, Essential Medications & Antibiotics"
Mercury Drug,pharmacy,15.16231,120.609179,"Pampanga, Pampanga",Pampanga,Central,(045) 961-0000 / 911,0,False,Pharmacy & Medical Supplies,"First-Aid, Essential Medications & Antibiotics"
National Book Store,supermarket,15.162866,120.608896,"Pampanga, Pampanga",Pampanga,Central,(045) 961-0000 / 911,0,False,Commercial & Retail Supplies Hub,Commercial & Retail Establishment · books
Nineteen,supermarket,15.166391,120.590248,"Pampanga, Pampanga",Pampanga,Central,(045) 961-0000 / 911,0,False,Commercial & Retail Supplies Hub,Commercial & Retail Establishment · restaurant
Porac Bank,supermarket,15.13357,120.5917,"Pampanga, Pampanga",Pampanga,Central,(045) 961-0000 / 911,0,False,Commercial & Retail Supplies Hub,Commercial & Retail Establishment · bank
Megasaver,supermarket,15.135134,120.591053,"Pampanga, Pampanga",Pampanga,Central,(045) 961-0000 / 911,0,False,Commercial & Retail Supplies Hub,Commercial & Retail Establishment · appliance
7-Eleven,supermarket,15.148715,120.593773,"MacArthur Highway, Angeles, Pampanga",Angeles,Central,(045) 961-0000 / 911,0,False,Commercial & Retail Supplies Hub,Commercial & Retail Establishment · convenience
Ang Dating Daan Lokal ng BLISS,government,15.202143,120.693091,"Pampanga, Pampanga",Pampanga,Central,(045) 961-0000 / 911,0,False,"Municipal, Civic & Landmark Building",Public Infrastructure & Community Landmark
San Pablo Catholic Chapel,government,15.166643,120.597175,"Pampanga, Pampanga",Pampanga,Central,(045) 961-0000 / 911,0,False,"Municipal, Civic & Landmark Building",Public Infrastructure & Community Landmark
Jollibee,supermarket,14.953874,120.901054,"Baliuag, Pampanga",Baliuag,Central,(045) 961-0000 / 911,0,False,Commercial & Retail Supplies Hub,Commercial & Retail Establishment · fast_food
Greenwich,supermarket,14.953789,120.900864,"Baliuag, Pampanga",Baliuag,Central,(045) 961-0000 / 911,0,False,Commercial & Retail Supplies Hub,Commercial & Retail Establishment · fast_food
Our Lady of Guadalupe Chapel,government,15.166112,120.598339,"Angeles City, Pampanga",Angeles City,Central,(045) 961-0000 / 911,0,False,"Municipal, Civic & Landmark Building",Public Infrastructure & Community Landmark
Chowking,supermarket,15.166967,120.584234,"Pampanga, Pampanga",Pampanga,Central,+63 945 146 5715,0,False,Commercial & Retail Supplies Hub,Commercial & Retail Establishment · fast_food
Mister Donut,supermarket,15.167794,120.589958,"Pampanga, Pampanga",Pampanga,Central,(045) 961-0000 / 911,0,False,Commercial & Retail Supplies Hub,Commercial & Retail Establishment · fast_food
Porac Bank,supermarket,15.167198,120.585197,"Pampanga, Pampanga",Pampanga,Central,(045) 961-0000 / 911,0,False,Commercial & Retail Supplies Hub,Commercial & Retail Establishment · bank
Saint Joseph Catholic Chapel,government,15.159339,120.598123,"Angeles City, Pampanga",Angeles City,Central,(045) 961-0000 / 911,0,False,"Municipal, Civic & Landmark Building",Public Infrastructure & Community Landmark
St. Anthony of Padua Chapel,government,15.166902,120.592339,"Thomas Street, Angeles City, Pampanga",Angeles City,Central,(045) 961-0000 / 911,0,False,"Municipal, Civic & Landmark Building",Public Infrastructure & Community Landmark
St. Michael the Archangel Chapel,government,15.161881,120.585791,"Angeles City, Pampanga",Angeles City,Central,(045) 961-0000 / 911,0,False,"Municipal, Civic & Landmark Building",Public Infrastructure & Community Landmark
Sto Nino,government,15.166507,120.586148,"Raymond Street, Angeles City, Pampanga",Angeles City,Central,(045) 961-0000 / 911,0,False,"Municipal, Civic & Landmark Building",Public Infrastructure & Community Landmark
St Francis of Assisi Chapel,government,15.169756,120.58575,"Angeles City, Pampanga",Angeles City,Central,(045) 961-0000 / 911,0,False,"Municipal, Civic & Landmark Building",Public Infrastructure & Community Landmark
Sto Nino Chapel,government,15.170204,120.594998,"Angeles City, Pampanga",Angeles City,Central,(045) 961-0000 / 911,0,False,"Municipal, Civic & Landmark Building",Public Infrastructure & Community Landmark
Our Lady of the Miraculous Medal Chapel,government,15.17165,120.596742,"Angeles City, Pampanga",Angeles City,Central,(045) 961-0000 / 911,0,False,"Municipal, Civic & Landmark Building",Public Infrastructure & Community Landmark
Victory Plaridel,government,14.879328,120.864244,"Pampanga, Pampanga",Pampanga,Central,(045) 961-0000 / 911,0,False,"Municipal, Civic & Landmark Building",Public Infrastructure & Community Landmark
San Agustin Barangay Hall,government,14.980877,120.753034,"San Simon, Pampanga",San Simon,Central,(045) 961-0000 / 911,0,False,"Municipal, Civic & Landmark Building",Public Infrastructure & Community Landmark
Sampaloc Barangay Hall,government,14.959636,120.757545,"Apalit, Pampanga",Apalit,Central,(045) 961-0000 / 911,0,False,"Municipal, Civic & Landmark Building",Public Infrastructure & Community Landmark
Palagui Barangay Hall,government,14.976421,120.74712,"Apalit, Pampanga",Apalit,Central,(045) 961-0000 / 911,0,False,"Municipal, Civic & Landmark Building",Public Infrastructure & Community Landmark
Santo Domingo Barangay Hall,government,14.989656,120.742244,"Minalin, Pampanga",Minalin,Central,(045) 961-0000 / 911,0,False,"Municipal, Civic & Landmark Building",Public Infrastructure & Community Landmark
Ang Dating Daan,government,15.168267,120.509264,"Pampanga, Pampanga",Pampanga,Central,(045) 961-0000 / 911,0,False,"Municipal, Civic & Landmark Building",Public Infrastructure & Community Landmark
4 D.A Auto Spa Wheels,government,15.042154,120.703561,"Pampanga, Pampanga",Pampanga,Central,(045) 961-0000 / 911,0,False,"Municipal, Civic & Landmark Building",Public Infrastructure & Community Landmark
LDS,government,15.161047,120.590505,"Looban, Pampanga, Pampanga",Pampanga,Central,(045) 961-0000 / 911,0,False,"Municipal, Civic & Landmark Building",Public Infrastructure & Community Landmark
home sweet home,supermarket,14.963254,120.875604,"Pampanga, Pampanga",Pampanga,Central,(045) 961-0000 / 911,0,False,Commercial & Retail Supplies Hub,Commercial & Retail Establishment · confectionery
Barangay / Municipal Government Office,government,15.16616,120.608225,"Pampanga, Pampanga",Pampanga,Central,(045) 961-0000 / 911,0,False,"Municipal, Civic & Landmark Building",Public Infrastructure & Community Landmark
Ang Dating Daan,government,15.31369,120.632278,"Pampanga, Pampanga",Pampanga,Central,(045) 961-0000 / 911,0,False,"Municipal, Civic & Landmark Building",Public Infrastructure & Community Landmark
ANG DATING DAAN Lokal ng Mandani,government,15.236126,120.657852,"Pampanga, Pampanga",Pampanga,Central,(045) 961-0000 / 911,0,False,"Municipal, Civic & Landmark Building",Public Infrastructure & Community Landmark
Antonio' Grills & Catering Services,supermarket,15.324877,120.660771,"A. Mabini Street, Pampanga, Pampanga",Pampanga,Central,(045) 961-0000 / 911,0,False,Commercial & Retail Supplies Hub,Commercial & Retail Establishment · restaurant
Sangguniang Pambarangay ng Pulung Maragul,government,15.161916,120.607692,"Pampanga, Pampanga",Pampanga,Central,(045) 961-0000 / 911,0,False,"Municipal, Civic & Landmark Building",Public Infrastructure & Community Landmark
PNP Police Station / Post,police,15.018575,120.704424,"Pampanga, Pampanga",Pampanga,Central,117 / 911,0,False,Police Station / Law Enforcement,24/7 Security & Search and Rescue Standby
MC Vision Photo and Video,supermarket,15.153864,120.60498,"Magalang-Angeles Road, Pampanga, Pampanga",Pampanga,Central,+63 45 286 4955,0,False,Commercial & Retail Supplies Hub,Commercial & Retail Establishment · photo
Chowking,supermarket,15.030401,120.71536,"North Luzon Expressway, San Fernando, Pampanga",San Fernando,Central,(045) 961-0000 / 911,0,False,Commercial & Retail Supplies Hub,Commercial & Retail Establishment · fast_food
Jollibee,supermarket,14.841772,120.861449,"Doña Remedios Trinidad Highway, Pampanga, Pampanga",Pampanga,Central,+63 44 794 2514,0,False,Commercial & Retail Supplies Hub,Commercial & Retail Establishment · fast_food
DWRW-FM 95.1,government,15.045763,120.689798,"Pampanga, Pampanga",Pampanga,Central,(045) 961-0000 / 911,0,False,"Municipal, Civic & Landmark Building",Public Infrastructure & Community Landmark
Chowking,supermarket,14.953675,120.900402,"Gil Carlos Street, Baliuag, Pampanga",Baliuag,Central,(045) 961-0000 / 911,0,False,Commercial & Retail Supplies Hub,Commercial & Retail Establishment · fast_food
Pandayan Bookshop,supermarket,14.954275,120.900345,"Baliuag, Pampanga",Baliuag,Central,(045) 961-0000 / 911,0,False,Commercial & Retail Supplies Hub,Commercial & Retail Establishment · books
cv,supermarket,15.162068,120.590769,"Pampanga, Pampanga",Pampanga,Central,(045) 961-0000 / 911,0,False,Commercial & Retail Supplies Hub,Commercial & Retail Establishment · restaurant
19 Copung-Copung Grill,supermarket,15.161941,120.591071,"Pampanga, Pampanga",Pampanga,Central,(045) 961-0000 / 911,0,False,Commercial & Retail Supplies Hub,Commercial & Retail Establishment · restaurant
Fortune 2,supermarket,15.165892,120.589958,"Pampanga, Pampanga",Pampanga,Central,(045) 961-0000 / 911,0,False,Commercial & Retail Supplies Hub,Commercial & Retail Establishment · restaurant
Chubby Crab,supermarket,15.160457,120.582734,"Pampanga, Pampanga",Pampanga,Central,(045) 961-0000 / 911,0,False,Commercial & Retail Supplies Hub,Commercial & Retail Establishment · restaurant
7-Eleven,supermarket,15.12942,120.575793,"Friendship Highway, Pampanga, Pampanga",Pampanga,Central,(045) 961-0000 / 911,0,False,Commercial & Retail Supplies Hub,Commercial & Retail Establishment · convenience
Revitup Car Parts,supermarket,15.132207,120.593278,"Pampanga, Pampanga",Pampanga,Central,(045) 961-0000 / 911,0,False,Commercial & Retail Supplies Hub,Commercial & Retail Establishment · car
Living Water,supermarket,14.909499,120.561264,"Pampanga, Pampanga",Pampanga,Central,(045) 961-0000 / 911,0,False,Commercial & Retail Supplies Hub,Commercial & Retail Establishment · water
Bennett Computer Repair,supermarket,14.812386,120.867864,"Pampanga, Pampanga",Pampanga,Central,(045) 961-0000 / 911,0,False,Commercial & Retail Supplies Hub,Commercial & Retail Establishment · computer
Geno's Ice Cream Store,supermarket,14.801363,120.535059,"Pampanga, Pampanga",Pampanga,Central,(045) 961-0000 / 911,0,False,Commercial & Retail Supplies Hub,Commercial & Retail Establishment · confectionery
Nelson's LED Motorcycle Accesories Shop,supermarket,14.882328,120.822195,"Lugam Road, Pampanga, Pampanga",Pampanga,Central,(045) 961-0000 / 911,0,False,Commercial & Retail Supplies Hub,Commercial & Retail Establishment · car
Morales Guitar,government,14.968486,120.616797,"Pampanga, Pampanga",Pampanga,Central,(045) 961-0000 / 911,0,False,"Municipal, Civic & Landmark Building",Public Infrastructure & Community Landmark
Bakery Store,supermarket,15.316545,120.525807,"Pampanga, Pampanga",Pampanga,Central,(045) 961-0000 / 911,0,False,Commercial & Retail Supplies Hub,Commercial & Retail Establishment · bakery
Water Store,supermarket,15.070097,120.739165,"Pampanga, Pampanga",Pampanga,Central,(045) 961-0000 / 911,0,False,Commercial & Retail Supplies Hub,Commercial & Retail Establishment · water
Lelte Sari-Sari Store,supermarket,15.068937,120.739201,"Old Street, Pampanga, Pampanga",Pampanga,Central,(045) 961-0000 / 911,0,False,Commercial & Retail Supplies Hub,Commercial & Retail Establishment · convenience
Convenience Store,supermarket,15.06882,120.739185,"Old Street, Pampanga, Pampanga",Pampanga,Central,(045) 961-0000 / 911,0,False,Commercial & Retail Supplies Hub,Commercial & Retail Establishment · convenience
Guest_house Facility,government,15.070636,120.740916,"Jose Abad Santos Avenue, Pampanga, Pampanga",Pampanga,Central,(045) 961-0000 / 911,0,False,"Municipal, Civic & Landmark Building",Public Infrastructure & Community Landmark
Just Trading,supermarket,15.070952,120.741661,"Jose Abad Santos Avenue, Pampanga, Pampanga",Pampanga,Central,(045) 961-0000 / 911,0,False,Commercial & Retail Supplies Hub,Commercial & Retail Establishment · trade
TGP,pharmacy,15.063619,120.720392,"Arayat-Mexico road, Pampanga, Pampanga",Pampanga,Central,(045) 961-0000 / 911,0,False,Pharmacy & Medical Supplies,"First-Aid, Essential Medications & Antibiotics"
Cunanan Sari sari Store,supermarket,15.068727,120.739327,"Old Street, Pampanga, Pampanga",Pampanga,Central,(045) 961-0000 / 911,0,False,Commercial & Retail Supplies Hub,Commercial & Retail Establishment · convenience
Convenience Store,supermarket,15.069371,120.737668,"Old Street, Pampanga, Pampanga",Pampanga,Central,(045) 961-0000 / 911,0,False,Commercial & Retail Supplies Hub,Commercial & Retail Establishment · convenience
Water Store,supermarket,15.069608,120.735727,"Pampanga, Pampanga",Pampanga,Central,(045) 961-0000 / 911,0,False,Commercial & Retail Supplies Hub,Commercial & Retail Establishment · water
Car_repair Store,supermarket,15.069491,120.735622,"Jose Abad Santos Avenue, Pampanga, Pampanga",Pampanga,Central,(045) 961-0000 / 911,0,False,Commercial & Retail Supplies Hub,Commercial & Retail Establishment · car_repair
EDU Hardware & Construction Supply,supermarket,15.064815,120.722368,"Pampanga, Pampanga",Pampanga,Central,(045) 961-0000 / 911,0,False,Commercial & Retail Supplies Hub,Commercial & Retail Establishment · hardware
Vibe's Barbershop,supermarket,15.063612,120.720467,"Pampanga, Pampanga",Pampanga,Central,(045) 961-0000 / 911,0,False,Commercial & Retail Supplies Hub,Commercial & Retail Establishment · hairdresser
Agrarian Store,supermarket,15.064686,120.722508,"Pampanga, Pampanga",Pampanga,Central,(045) 961-0000 / 911,0,False,Commercial & Retail Supplies Hub,Commercial & Retail Establishment · agrarian
Cebuana Lhuillier,supermarket,15.064113,120.720419,"Pampanga, Pampanga",Pampanga,Central,(045) 961-0000 / 911,0,False,Commercial & Retail Supplies Hub,Commercial & Retail Establishment · pawnbroker
Honda Motorcycle Store and Shop,supermarket,15.06392,120.720414,"Pampanga, Pampanga",Pampanga,Central,(045) 961-0000 / 911,0,False,Commercial & Retail Supplies Hub,Commercial & Retail Establishment · motorcycle
I. E. L. T. S,school,15.040906,120.683675,"Jose Abad Santos Avenue, Pampanga, Pampanga",Pampanga,Central,(045) 961-0000 / 911,0,False,Evacuation Shelter / Education Facility,High-Ground Evacuation Shelter · Relief Goods Depot
Mercury Drug,pharmacy,15.039784,120.682163,"Jose Abad Santos Avenue, Pampanga, Pampanga",Pampanga,Central,(045) 961-0000 / 911,0,False,Pharmacy & Medical Supplies,"First-Aid, Essential Medications & Antibiotics"
Toy Kingdom,supermarket,15.052565,120.697115,"Pampanga, Pampanga",Pampanga,Central,(045) 961-0000 / 911,0,False,Commercial & Retail Supplies Hub,Commercial & Retail Establishment · toys
Uniqlo,supermarket,15.052456,120.701182,"Pampanga, Pampanga",Pampanga,Central,(045) 961-0000 / 911,0,False,Commercial & Retail Supplies Hub,Commercial & Retail Establishment · clothes
McDonald's,supermarket,15.052013,120.69785,"Pampanga, Pampanga",Pampanga,Central,(045) 961-0000 / 911,0,False,Commercial & Retail Supplies Hub,Commercial & Retail Establishment · fast_food
Mexicano Trading Inc.,supermarket,15.053914,120.710815,"Pampanga, Pampanga",Pampanga,Central,(045) 961-0000 / 911,0,False,Commercial & Retail Supplies Hub,Commercial & Retail Establishment · trade
Xaviery Computer Store,supermarket,15.039742,120.681045,"Jose Abad Santos Avenue, Pampanga, Pampanga",Pampanga,Central,(045) 961-0000 / 911,0,False,Commercial & Retail Supplies Hub,Commercial & Retail Establishment · computer
BDO,supermarket,15.051982,120.697307,"Pampanga, Pampanga",Pampanga,Central,(045) 961-0000 / 911,0,False,Commercial & Retail Supplies Hub,Commercial & Retail Establishment · bank
SM Cinema,government,15.052605,120.699177,"Pampanga, Pampanga",Pampanga,Central,(045) 961-0000 / 911,0,False,"Municipal, Civic & Landmark Building",Public Infrastructure & Community Landmark
SM Event Center,government,15.053182,120.69709,"Pampanga, Pampanga",Pampanga,Central,(045) 961-0000 / 911,0,False,"Municipal, Civic & Landmark Building",Public Infrastructure & Community Landmark
Photo Booth,supermarket,15.052231,120.702255,"Pampanga, Pampanga",Pampanga,Central,(045) 961-0000 / 911,0,False,Commercial & Retail Supplies Hub,Commercial & Retail Establishment · photo
Barangay Post,police,15.057297,120.716869,"Pampanga, Pampanga",Pampanga,Central,117 / 911,0,False,Police Station / Law Enforcement,24/7 Security & Search and Rescue Standby
Jong Phil Language Center,government,15.027095,120.694191,"Vivencio Cuyugan Road, Pampanga, Pampanga",Pampanga,Central,(045) 961-0000 / 911,0,False,"Municipal, Civic & Landmark Building",Public Infrastructure & Community Landmark
The SM Store,supermarket,15.052547,120.700655,"Pampanga, Pampanga",Pampanga,Central,(045) 961-0000 / 911,0,False,Commercial & Retail Supplies Hub,Commercial & Retail Establishment · department_store
7-Eleven,supermarket,15.051967,120.702542,"Pampanga, Pampanga",Pampanga,Central,(045) 961-0000 / 911,0,False,Commercial & Retail Supplies Hub,Commercial & Retail Establishment · convenience
Teletech,government,15.052323,120.702487,"Pampanga, Pampanga",Pampanga,Central,(045) 961-0000 / 911,0,False,"Municipal, Civic & Landmark Building",Public Infrastructure & Community Landmark
Ace Hardware,supermarket,15.052389,120.70139,"Pampanga, Pampanga",Pampanga,Central,(045) 961-0000 / 911,0,False,Commercial & Retail Supplies Hub,Commercial & Retail Establishment · doityourself
Maximuscle Gym,government,15.053498,120.710757,"Pampanga, Pampanga",Pampanga,Central,(045) 961-0000 / 911,0,False,"Municipal, Civic & Landmark Building",Public Infrastructure & Community Landmark
Cubacub Lumber & Hardware,supermarket,15.056307,120.715228,"Pampanga, Pampanga",Pampanga,Central,(045) 961-0000 / 911,0,False,Commercial & Retail Supplies Hub,Commercial & Retail Establishment · hardware
Cyberzone,supermarket,15.052695,120.697051,"Pampanga, Pampanga",Pampanga,Central,(045) 961-0000 / 911,0,False,Commercial & Retail Supplies Hub,Commercial & Retail Establishment · electronics
Starbucks,supermarket,15.052008,120.70172,"Pampanga, Pampanga",Pampanga,Central,(045) 961-0000 / 911,0,False,Commercial & Retail Supplies Hub,Commercial & Retail Establishment · cafe
BDO,supermarket,15.051965,120.702388,"Jose Abad Santos Avenue, Pampanga, Pampanga",Pampanga,Central,(045) 961-0000 / 911,0,False,Commercial & Retail Supplies Hub,Commercial & Retail Establishment · bank
Quantum,government,15.052932,120.698457,"San Fernando, Pampanga",San Fernando,Central,(045) 961-0000 / 911,0,False,"Municipal, Civic & Landmark Building",Public Infrastructure & Community Landmark
Tumang Funeral Service,supermarket,15.062293,120.72013,"Pampanga, Pampanga",Pampanga,Central,(045) 961-0000 / 911,0,False,Commercial & Retail Supplies Hub,Commercial & Retail Establishment · funeral_directors
Cabalen,supermarket,15.053443,120.697004,"Pampanga, Pampanga",Pampanga,Central,(045) 961-0000 / 911,0,False,Commercial & Retail Supplies Hub,Commercial & Retail Establishment · restaurant
National Book Store,supermarket,15.051996,120.697519,"Pampanga, Pampanga",Pampanga,Central,(045) 961-0000 / 911,0,False,Commercial & Retail Supplies Hub,Commercial & Retail Establishment · books
Bench,supermarket,15.052349,120.697315,"Pampanga, Pampanga",Pampanga,Central,(045) 961-0000 / 911,0,False,Commercial & Retail Supplies Hub,Commercial & Retail Establishment · clothes
Racks,supermarket,15.052089,120.70097,"Pampanga, Pampanga",Pampanga,Central,(045) 961-0000 / 911,0,False,Commercial & Retail Supplies Hub,Commercial & Retail Establishment · restaurant
French Baker,supermarket,15.052134,120.69855,"Pampanga, Pampanga",Pampanga,Central,(045) 961-0000 / 911,0,False,Commercial & Retail Supplies Hub,Commercial & Retail Establishment · bakery
Food Court,government,15.052804,120.698583,"Pampanga, Pampanga",Pampanga,Central,(045) 961-0000 / 911,0,False,"Municipal, Civic & Landmark Building",Public Infrastructure & Community Landmark
7-Eleven,supermarket,15.061135,120.719273,"Pampanga, Pampanga",Pampanga,Central,(045) 961-0000 / 911,0,False,Commercial & Retail Supplies Hub,Commercial & Retail Establishment · convenience
RG Roque Construction & Trading,supermarket,15.062447,120.71996,"Pampanga, Pampanga",Pampanga,Central,(045) 961-0000 / 911,0,False,Commercial & Retail Supplies Hub,Commercial & Retail Establishment · trade
Convenience Store,supermarket,15.068401,120.740408,"Pampanga, Pampanga",Pampanga,Central,(045) 961-0000 / 911,0,False,Commercial & Retail Supplies Hub,Commercial & Retail Establishment · convenience
Convenience Store,supermarket,15.068513,120.74084,"Pampanga, Pampanga",Pampanga,Central,(045) 961-0000 / 911,0,False,Commercial & Retail Supplies Hub,Commercial & Retail Establishment · convenience
Convenience Store,supermarket,15.069761,120.742325,"Pampanga, Pampanga",Pampanga,Central,(045) 961-0000 / 911,0,False,Commercial & Retail Supplies Hub,Commercial & Retail Establishment · convenience
Watsons,supermarket,15.052008,120.696502,"Jose Abad Santos Avenue, Pampanga, Pampanga",Pampanga,Central,(045) 961-0000 / 911,0,False,Commercial & Retail Supplies Hub,Commercial & Retail Establishment · chemist
Concorde,government,15.051979,120.696714,"Pampanga, Pampanga",Pampanga,Central,(045) 961-0000 / 911,0,False,"Municipal, Civic & Landmark Building",Public Infrastructure & Community Landmark
World's Of Fun,government,15.053437,120.697084,"Pampanga, Pampanga",Pampanga,Central,(045) 961-0000 / 911,0,False,"Municipal, Civic & Landmark Building",Public Infrastructure & Community Landmark
Jollibee,supermarket,15.051982,120.697387,"Pampanga, Pampanga",Pampanga,Central,(045) 961-0000 / 911,0,False,Commercial & Retail Supplies Hub,Commercial & Retail Establishment · fast_food
BPI,supermarket,15.052166,120.696633,"Pampanga, Pampanga",Pampanga,Central,(045) 961-0000 / 911,0,False,Commercial & Retail Supplies Hub,Commercial & Retail Establishment · bank
Red Ribbon,supermarket,15.051954,120.697017,"Jose Abad Santos Avenue, Pampanga, Pampanga",Pampanga,Central,(045) 961-0000 / 911,0,False,Commercial & Retail Supplies Hub,Commercial & Retail Establishment · bakery
The SM Store,supermarket,15.052867,120.699484,"Pampanga, Pampanga",Pampanga,Central,(045) 961-0000 / 911,0,False,Commercial & Retail Supplies Hub,Commercial & Retail Establishment · department_store
Burger King,supermarket,15.052015,120.696979,"Jose Abad Santos Avenue, Pampanga, Pampanga",Pampanga,Central,(045) 961-0000 / 911,0,False,Commercial & Retail Supplies Hub,Commercial & Retail Establishment · fast_food
Welding And Auto Repair Shop,supermarket,15.070654,120.740725,"Pampanga, Pampanga",Pampanga,Central,(045) 961-0000 / 911,0,False,Commercial & Retail Supplies Hub,Commercial & Retail Establishment · car_repair
RML Enterprise,supermarket,15.067115,120.728374,"Pampanga, Pampanga",Pampanga,Central,(045) 961-0000 / 911,0,False,Commercial & Retail Supplies Hub,Commercial & Retail Establishment · furniture
Convenience Store,supermarket,15.067617,120.725847,"Pampanga, Pampanga",Pampanga,Central,(045) 961-0000 / 911,0,False,Commercial & Retail Supplies Hub,Commercial & Retail Establishment · convenience
Jesus B. Sun Jr. Construction Supply,supermarket,15.067054,120.727394,"Pampanga, Pampanga",Pampanga,Central,(045) 961-0000 / 911,0,False,Commercial & Retail Supplies Hub,Commercial & Retail Establishment · trade
Razon's,supermarket,15.030476,120.71503,"North Luzon Expressway, San Fernando, Pampanga",San Fernando,Central,(045) 961-0000 / 911,0,False,Commercial & Retail Supplies Hub,Commercial & Retail Establishment · restaurant
J.Co,supermarket,15.052013,120.699552,"Barangay Lagundi, Mexico, Pampanga",Mexico,Lagundi,(045) 961-0000 / 911,0,False,Commercial & Retail Supplies Hub,Commercial & Retail Establishment · fast_food
Moto Cycle Parts,supermarket,14.841352,120.81174,"F. Estrella, Pampanga, Pampanga",Pampanga,Central,+63 905 886 0721,0,False,Commercial & Retail Supplies Hub,Commercial & Retail Establishment · bicycle
Mary the Queen College,school,14.98386,120.621882,"Pampanga, Pampanga",Pampanga,Central,(045) 961-0000 / 911,0,False,Evacuation Shelter / Education Facility,High-Ground Evacuation Shelter · Relief Goods Depot
Pine's Delicacies,supermarket,14.98113,120.618744,"Pampanga, Pampanga",Pampanga,Central,(045) 961-0000 / 911,0,False,Commercial & Retail Supplies Hub,Commercial & Retail Establishment · pastry
LTO Guagua District Office,government,14.976266,120.618871,"Pampanga, Pampanga",Pampanga,Central,(045) 961-0000 / 911,0,False,"Municipal, Civic & Landmark Building",Public Infrastructure & Community Landmark
Glend Computer Shop,government,15.297355,120.949234,"Pampanga, Pampanga",Pampanga,Central,(045) 961-0000 / 911,0,False,"Municipal, Civic & Landmark Building",Public Infrastructure & Community Landmark
7-Eleven,supermarket,14.997556,120.614522,"Pampanga, Pampanga",Pampanga,Central,(045) 961-0000 / 911,0,False,Commercial & Retail Supplies Hub,Commercial & Retail Establishment · convenience
San Jose Barangay Hall,government,15.001042,120.62011,"Pampanga, Pampanga",Pampanga,Central,(045) 961-0000 / 911,0,False,"Municipal, Civic & Landmark Building",Public Infrastructure & Community Landmark
Capati Rice Mill,supermarket,15.034152,120.584427,"Pampanga, Pampanga",Pampanga,Central,(045) 961-0000 / 911,0,False,Commercial & Retail Supplies Hub,Commercial & Retail Establishment · rice
Fareast travel and car service,government,15.21607,120.57935,"Vallejo Street, Pampanga, Pampanga",Pampanga,Central,+63 905 475 3504,0,False,"Municipal, Civic & Landmark Building",Public Infrastructure & Community Landmark
Prime City,government,15.165134,120.581746,"Pampanga, Pampanga",Pampanga,Central,(045) 961-0000 / 911,0,False,"Municipal, Civic & Landmark Building",Public Infrastructure & Community Landmark
victoria residence,government,15.068885,120.902446,"ricardo victoria street, Pampanga, Pampanga",Pampanga,Central,(045) 961-0000 / 911,0,False,"Municipal, Civic & Landmark Building",Public Infrastructure & Community Landmark
EricSon's Guitar,supermarket,14.968367,120.617001,"Pampanga, Pampanga",Pampanga,Central,(045) 961-0000 / 911,0,False,Commercial & Retail Supplies Hub,Commercial & Retail Establishment · musical_instrument
Agicon building and Apartelle,government,15.052161,120.707544,"Jose Abad Santos Avenue, Pampanga, Pampanga",Pampanga,Central,(045) 961-0000 / 911,0,False,"Municipal, Civic & Landmark Building",Public Infrastructure & Community Landmark
PSMBFI,government,15.018499,120.701629,"Pampanga, Pampanga",Pampanga,Central,(045) 961-0000 / 911,0,False,"Municipal, Civic & Landmark Building",Public Infrastructure & Community Landmark
TGP,pharmacy,14.833799,120.733504,"M. H. del Pilar Street, Pampanga, Pampanga",Pampanga,Central,(045) 961-0000 / 911,0,False,Pharmacy & Medical Supplies,"First-Aid, Essential Medications & Antibiotics"
Andok's,supermarket,14.833493,120.733629,"Pampanga, Pampanga",Pampanga,Central,(045) 961-0000 / 911,0,False,Commercial & Retail Supplies Hub,Commercial & Retail Establishment · fast_food
Villarica,supermarket,14.833832,120.733658,"Mabini Street, Pampanga, Pampanga",Pampanga,Central,(045) 961-0000 / 911,0,False,Commercial & Retail Supplies Hub,Commercial & Retail Establishment · pawnbroker
ConviShop,supermarket,14.834585,120.733236,"Pampanga, Pampanga",Pampanga,Central,(045) 961-0000 / 911,0,False,Commercial & Retail Supplies Hub,Commercial & Retail Establishment · convenience
Caroline's Bakeshop,supermarket,14.8345,120.733222,"Pampanga, Pampanga",Pampanga,Central,(045) 961-0000 / 911,0,False,Commercial & Retail Supplies Hub,Commercial & Retail Establishment · bakery
BDO,supermarket,14.836919,120.734234,"Emilio G. Perez Street, Pampanga, Pampanga",Pampanga,Central,(045) 961-0000 / 911,0,False,Commercial & Retail Supplies Hub,Commercial & Retail Establishment · atm
Angel's Kainan,supermarket,14.835285,120.733034,"Pampanga, Pampanga",Pampanga,Central,(045) 961-0000 / 911,0,False,Commercial & Retail Supplies Hub,Commercial & Retail Establishment · restaurant
Maybank,supermarket,14.83557,120.733206,"M. H. del Pilar Street, Pampanga, Pampanga",Pampanga,Central,(045) 961-0000 / 911,0,False,Commercial & Retail Supplies Hub,Commercial & Retail Establishment · bank
Hagonoy Water District,government,14.836239,120.733467,"G. Panganiban Street, Pampanga, Pampanga",Pampanga,Central,(045) 961-0000 / 911,0,False,"Municipal, Civic & Landmark Building",Public Infrastructure & Community Landmark
Super8,supermarket,14.835835,120.733571,"Emilio G. Perez Street, Pampanga, Pampanga",Pampanga,Central,(045) 961-0000 / 911,0,False,Commercial & Retail Supplies Hub,Commercial & Retail Establishment · supermarket
Villarica,supermarket,14.835395,120.7332,"M. H. del Pilar Street, Pampanga, Pampanga",Pampanga,Central,(045) 961-0000 / 911,0,False,Commercial & Retail Supplies Hub,Commercial & Retail Establishment · pawnbroker
Angel's Burger,supermarket,14.83385,120.73335,"M. H. del Pilar Street, Pampanga, Pampanga",Pampanga,Central,(045) 961-0000 / 911,0,False,Commercial & Retail Supplies Hub,Commercial & Retail Establishment · fast_food
Meralco Collection Office,government,14.83618,120.733364,"G. Panganiban Street, Pampanga, Pampanga",Pampanga,Central,(045) 961-0000 / 911,0,False,"Municipal, Civic & Landmark Building",Public Infrastructure & Community Landmark
LBC,government,14.835534,120.73309,"Pampanga, Pampanga",Pampanga,Central,(045) 961-0000 / 911,0,False,"Municipal, Civic & Landmark Building",Public Infrastructure & Community Landmark
Cuevas Bread Bakery,supermarket,14.835284,120.733199,"M. H. del Pilar Street, Pampanga, Pampanga",Pampanga,Central,(045) 961-0000 / 911,0,False,Commercial & Retail Supplies Hub,Commercial & Retail Establishment · bakery
Metrobank,supermarket,14.836093,120.733666,"Pampanga, Pampanga",Pampanga,Central,(045) 961-0000 / 911,0,False,Commercial & Retail Supplies Hub,Commercial & Retail Establishment · atm
Magic 99,supermarket,14.834376,120.733403,"Pampanga, Pampanga",Pampanga,Central,(045) 961-0000 / 911,0,False,Commercial & Retail Supplies Hub,Commercial & Retail Establishment · department_store
Aying's Homemade Pastillas,supermarket,15.26319,120.867767,"Pampanga, Pampanga",Pampanga,Central,(045) 961-0000 / 911,0,False,Commercial & Retail Supplies Hub,Commercial & Retail Establishment · fast_food
Metrobank,supermarket,14.910838,120.563363,"Jose Abad Santos Avenue, Pampanga, Pampanga",Pampanga,Central,(045) 961-0000 / 911,0,False,Commercial & Retail Supplies Hub,Commercial & Retail Establishment · bank
Mercury Drug,pharmacy,14.912225,120.564984,"Jose Abad Santos Avenue, Pampanga, Pampanga",Pampanga,Central,(045) 961-0000 / 911,0,False,Pharmacy & Medical Supplies,"First-Aid, Essential Medications & Antibiotics"
Metrobank,supermarket,15.332905,120.590849,"Pampanga, Pampanga",Pampanga,Central,(045) 961-0000 / 911,0,False,Commercial & Retail Supplies Hub,Commercial & Retail Establishment · atm
7-Eleven,supermarket,15.332567,120.590499,"MacArthur Highway, Pampanga, Pampanga",Pampanga,Central,(045) 961-0000 / 911,0,False,Commercial & Retail Supplies Hub,Commercial & Retail Establishment · convenience
AOKI,supermarket,15.323953,120.59008,"Pampanga, Pampanga",Pampanga,Central,(045) 961-0000 / 911,0,False,Commercial & Retail Supplies Hub,Commercial & Retail Establishment · car
Jollibee,supermarket,15.332842,120.590929,"MacArthur Highway, Pampanga, Pampanga",Pampanga,Central,(045) 961-0000 / 911,0,False,Commercial & Retail Supplies Hub,Commercial & Retail Establishment · fast_food
Pandayan Bookshop,supermarket,15.331899,120.590712,"MacArthur Highway, Pampanga, Pampanga",Pampanga,Central,(045) 961-0000 / 911,0,False,Commercial & Retail Supplies Hub,Commercial & Retail Establishment · stationery
Metrobank,supermarket,15.334876,120.591089,"MacArthur Highway, Pampanga, Pampanga",Pampanga,Central,(045) 961-0000 / 911,0,False,Commercial & Retail Supplies Hub,Commercial & Retail Establishment · bank
Joyce's Auto Supply,supermarket,15.327351,120.590091,"Pampanga, Pampanga",Pampanga,Central,(045) 961-0000 / 911,0,False,Commercial & Retail Supplies Hub,Commercial & Retail Establishment · car_parts
Capas Veterinary Clinic,government,15.335363,120.591224,"MacArthur Highway, Pampanga, Pampanga",Pampanga,Central,(045) 961-0000 / 911,0,False,"Municipal, Civic & Landmark Building",Public Infrastructure & Community Landmark
Sanguyu Auto Supply,supermarket,15.32979,120.590291,"MacArthur Highway, Pampanga, Pampanga",Pampanga,Central,(045) 961-0000 / 911,0,False,Commercial & Retail Supplies Hub,Commercial & Retail Establishment · car_parts
ROX Tire Supply,supermarket,15.33713,120.591771,"Pampanga, Pampanga",Pampanga,Central,(045) 961-0000 / 911,0,False,Commercial & Retail Supplies Hub,Commercial & Retail Establishment · tyres
KKK,gas_station,15.313889,120.579359,"Pampanga, Pampanga",Pampanga,Central,(045) 961-0000 / 911,0,False,Fuel Station,Gasoline & Diesel Fuel · Operational Fuel Point
Goldilocks,supermarket,15.335241,120.591144,"Pampanga, Pampanga",Pampanga,Central,(045) 961-0000 / 911,0,False,Commercial & Retail Supplies Hub,Commercial & Retail Establishment · bakery
Chelsea's Catering Services,supermarket,15.148495,120.76819,"Pampanga, Pampanga",Pampanga,Central,+63 915 492 6659,0,False,Commercial & Retail Supplies Hub,Commercial & Retail Establishment · cafe
Tropica Motel,government,15.033214,120.686741,"Pampanga, Pampanga",Pampanga,Central,(045) 961-0000 / 911,0,False,"Municipal, Civic & Landmark Building",Public Infrastructure & Community Landmark
Blueland Builders Supply,supermarket,14.822217,120.901842,"MacArthur Highway, Barangay Borol 1st, Pampanga, Pampanga",Pampanga,Borol 1st,(045) 961-0000 / 911,0,False,Commercial & Retail Supplies Hub,Commercial & Retail Establishment · trade
Tapsi Pares,supermarket,14.845644,120.835656,"MacArthur Highway, Pampanga, Pampanga",Pampanga,Central,(045) 961-0000 / 911,0,False,Commercial & Retail Supplies Hub,Commercial & Retail Establishment · restaurant
Reyden Car Aircon Repair Shop,supermarket,14.845574,120.835963,"Pampanga, Pampanga",Pampanga,Central,(045) 961-0000 / 911,0,False,Commercial & Retail Supplies Hub,Commercial & Retail Establishment · car_repair
McDonald's,supermarket,15.033831,120.686487,"MacArthur Highway, Pampanga, Pampanga",Pampanga,Central,(045) 961-0000 / 911,0,False,Commercial & Retail Supplies Hub,Commercial & Retail Establishment · fast_food
Omnicraft Tire & Auto Supply,supermarket,14.845802,120.835113,"MacArthur Highway, Pampanga, Pampanga",Pampanga,Central,(045) 961-0000 / 911,0,False,Commercial & Retail Supplies Hub,Commercial & Retail Establishment · car_parts
E-Quisite,supermarket,15.05211,120.696905,"Pampanga, Pampanga",Pampanga,Central,(045) 961-0000 / 911,0,False,Commercial & Retail Supplies Hub,Commercial & Retail Establishment · clothes
Uni-Way Construction Supply,supermarket,15.060612,120.719504,"Pampanga, Pampanga",Pampanga,Central,(045) 961-0000 / 911,0,False,Commercial & Retail Supplies Hub,Commercial & Retail Establishment · trade
Bicycle Store,supermarket,15.065501,120.719149,"Pampanga, Pampanga",Pampanga,Central,(045) 961-0000 / 911,0,False,Commercial & Retail Supplies Hub,Commercial & Retail Establishment · bicycle
jojo Construction Supply,supermarket,15.071578,120.742672,"Pampanga, Pampanga",Pampanga,Central,(045) 961-0000 / 911,0,False,Commercial & Retail Supplies Hub,Commercial & Retail Establishment · hardware
Rusty Lopez,supermarket,15.052108,120.696967,"Pampanga, Pampanga",Pampanga,Central,(045) 961-0000 / 911,0,False,Commercial & Retail Supplies Hub,Commercial & Retail Establishment · clothes
Brgy. San Patricio,government,15.078672,120.725459,"Pampanga, Pampanga",Pampanga,Central,(045) 961-0000 / 911,0,False,"Municipal, Civic & Landmark Building",Public Infrastructure & Community Landmark
Hardware Store,supermarket,15.061841,120.719794,"Pampanga, Pampanga",Pampanga,Central,(045) 961-0000 / 911,0,False,Commercial & Retail Supplies Hub,Commercial & Retail Establishment · hardware
Kambal Pandesal Bakery,supermarket,15.065597,120.719192,"Pampanga, Pampanga",Pampanga,Central,(045) 961-0000 / 911,0,False,Commercial & Retail Supplies Hub,Commercial & Retail Establishment · bakery
7-Eleven,supermarket,15.008608,120.710935,"MacArthur Highway, Pampanga, Pampanga",Pampanga,Central,(045) 961-0000 / 911,0,False,Commercial & Retail Supplies Hub,Commercial & Retail Establishment · convenience
Sari Sari Store,supermarket,15.068519,120.737456,"Pampanga, Pampanga",Pampanga,Central,(045) 961-0000 / 911,0,False,Commercial & Retail Supplies Hub,Commercial & Retail Establishment · convenience
Hipolito's Muffler,supermarket,15.069635,120.734082,"Pampanga, Pampanga",Pampanga,Central,(045) 961-0000 / 911,0,False,Commercial & Retail Supplies Hub,Commercial & Retail Establishment · car_parts
Wheeltek,supermarket,15.057876,120.717931,"Pampanga, Pampanga",Pampanga,Central,(045) 961-0000 / 911,0,False,Commercial & Retail Supplies Hub,Commercial & Retail Establishment · motorcycle
Fresh Option,supermarket,15.06345,120.7201,"Pampanga, Pampanga",Pampanga,Central,(045) 961-0000 / 911,0,False,Commercial & Retail Supplies Hub,Commercial & Retail Establishment · butcher
AMMM Motorcycle Parts,supermarket,15.060456,120.71916,"Pampanga, Pampanga",Pampanga,Central,(045) 961-0000 / 911,0,False,Commercial & Retail Supplies Hub,Commercial & Retail Establishment · motorcycle
Car_parts Store,supermarket,15.069844,120.735797,"Pampanga, Pampanga",Pampanga,Central,(045) 961-0000 / 911,0,False,Commercial & Retail Supplies Hub,Commercial & Retail Establishment · car_parts
Speed Up Auto Care,supermarket,15.066992,120.72816,"Pampanga, Pampanga",Pampanga,Central,(045) 961-0000 / 911,0,False,Commercial & Retail Supplies Hub,Commercial & Retail Establishment · car_repair
Krizlanz Pharmacy,pharmacy,15.060868,120.719372,"Jose Abad Santos Avenue, Pampanga, Pampanga",Pampanga,Central,(045) 961-0000 / 911,0,False,Pharmacy & Medical Supplies,"First-Aid, Essential Medications & Antibiotics"
Mitsukoshi,supermarket,15.060673,120.71929,"Pampanga, Pampanga",Pampanga,Central,(045) 961-0000 / 911,0,False,Commercial & Retail Supplies Hub,Commercial & Retail Establishment · motorcycle
Lionel's Ftiness Gym,government,15.057325,120.717433,"Pampanga, Pampanga",Pampanga,Central,(045) 961-0000 / 911,0,False,"Municipal, Civic & Landmark Building",Public Infrastructure & Community Landmark
Bakery Store,supermarket,15.06003,120.718976,"Pampanga, Pampanga",Pampanga,Central,(045) 961-0000 / 911,0,False,Commercial & Retail Supplies Hub,Commercial & Retail Establishment · bakery
Paul Betis Furniture,supermarket,15.061121,120.719809,"Pampanga, Pampanga",Pampanga,Central,(045) 961-0000 / 911,0,False,Commercial & Retail Supplies Hub,Commercial & Retail Establishment · furniture
Mint,supermarket,15.052107,120.697054,"Pampanga, Pampanga",Pampanga,Central,(045) 961-0000 / 911,0,False,Commercial & Retail Supplies Hub,Commercial & Retail Establishment · clothes
Bakery Store,supermarket,15.069586,120.735929,"Pampanga, Pampanga",Pampanga,Central,(045) 961-0000 / 911,0,False,Commercial & Retail Supplies Hub,Commercial & Retail Establishment · bakery
Converge,government,15.058598,120.71833,"Pampanga, Pampanga",Pampanga,Central,(045) 961-0000 / 911,0,False,"Municipal, Civic & Landmark Building",Public Infrastructure & Community Landmark
Junkshop,government,15.061247,120.719188,"Pampanga, Pampanga",Pampanga,Central,(045) 961-0000 / 911,0,False,"Municipal, Civic & Landmark Building",Public Infrastructure & Community Landmark
Car Emission Testing,government,15.05518,120.713287,"Pampanga, Pampanga",Pampanga,Central,(045) 961-0000 / 911,0,False,"Municipal, Civic & Landmark Building",Public Infrastructure & Community Landmark
Iglesia Ni Cristo Local ng Alua,government,15.304121,120.892051,"Jose Abad Santos Avenue, Pampanga, Pampanga",Pampanga,Central,(045) 961-0000 / 911,0,False,"Municipal, Civic & Landmark Building",Public Infrastructure & Community Landmark
PVM 2 Trading,supermarket,15.152179,120.768904,"Jose Abad Santos Avenue, Pampanga, Pampanga",Pampanga,Central,(045) 961-0000 / 911,0,False,Commercial & Retail Supplies Hub,Commercial & Retail Establishment · furniture
PVM 1 Trading,supermarket,15.151705,120.768555,"Jose Abad Santos Avenue, Pampanga, Pampanga",Pampanga,Central,(045) 961-0000 / 911,0,False,Commercial & Retail Supplies Hub,Commercial & Retail Establishment · furniture
FGM Lying In Clinic,hospital,15.147989,120.764356,"Cemetery Road, Pampanga, Pampanga",Pampanga,Central,(045) 961-0000 / 911,20,False,Primary Health Clinic / RHU,20 Beds · Hotline: (045) 961-0000 / 911
Dakila Barangay Hall,government,14.850646,120.836086,"Camia Street, Pampanga, Pampanga",Pampanga,Central,(045) 961-0000 / 911,0,False,"Municipal, Civic & Landmark Building",Public Infrastructure & Community Landmark
Loptan Auto Supply,supermarket,14.859818,120.858794,"Doña Remedios Trinidad Highway, Pampanga, Pampanga",Pampanga,Central,(045) 961-0000 / 911,0,False,Commercial & Retail Supplies Hub,Commercial & Retail Establishment · car_parts
joyhotel,government,15.164242,120.558309,"California Avenue, Pampanga, Pampanga",Pampanga,Central,(045) 961-0000 / 911,0,False,"Municipal, Civic & Landmark Building",Public Infrastructure & Community Landmark
sizzling house,supermarket,14.904442,120.867402,"Pampanga, Pampanga",Pampanga,Central,(045) 961-0000 / 911,0,False,Commercial & Retail Supplies Hub,Commercial & Retail Establishment · restaurant
St Martin Bakery,supermarket,15.222819,120.574615,"Pampanga, Pampanga",Pampanga,Central,(045) 961-0000 / 911,0,False,Commercial & Retail Supplies Hub,Commercial & Retail Establishment · bakery
BonG's Canteen,supermarket,15.145738,120.596264,"Jose Abad Santos Street, Pampanga, Pampanga",Pampanga,Central,(045) 961-0000 / 911,0,False,Commercial & Retail Supplies Hub,Commercial & Retail Establishment · fast_food
Adriana Feeds,supermarket,14.821062,120.903763,"Pampanga, Pampanga",Pampanga,Central,(045) 961-0000 / 911,0,False,Commercial & Retail Supplies Hub,Commercial & Retail Establishment · trade
ALLAN CAR AIRCON SPECIALIST,supermarket,15.032931,120.692052,"Pampanga, Pampanga",Pampanga,Central,(045) 961-0000 / 911,0,False,Commercial & Retail Supplies Hub,Commercial & Retail Establishment · car_repair
joyoppa'shop,supermarket,15.140968,120.588851,"Pampanga, Pampanga",Pampanga,Central,(045) 961-0000 / 911,0,False,Commercial & Retail Supplies Hub,Commercial & Retail Establishment · clothes
Pulilan Doctors Multispecialty Clinic,hospital,14.902567,120.847755,"Pulilan Regional Road, Pampanga, Pampanga",Pampanga,Central,+630447694047,20,False,Primary Health Clinic / RHU,20 Beds · Hotline: +630447694047
Paws and Tails Petshop,supermarket,14.867775,120.802393,"Pampanga, Pampanga",Pampanga,Central,(045) 961-0000 / 911,0,False,Commercial & Retail Supplies Hub,Commercial & Retail Establishment · pet
Sozimura Ihawan & Kainan,supermarket,14.885828,120.858386,"Garcia Street, Pampanga, Pampanga",Pampanga,Central,+63 44 325 0104,0,False,Commercial & Retail Supplies Hub,Commercial & Retail Establishment · fast_food
Sozimura Ihawan at Kainan,supermarket,14.874599,120.823129,"Mabini Street, Pampanga, Pampanga",Pampanga,Central,+63 919 959 9003,0,False,Commercial & Retail Supplies Hub,Commercial & Retail Establishment · restaurant
Amado Aldaba Memorial Health Center,hospital,14.836428,120.734067,"Emilio G. Perez Street, Pampanga, Pampanga",Pampanga,Central,(045) 961-0000 / 911,60,True,District Hospital,60 Beds · Trauma ER Active · Hotline: (045) 961-0000 / 911
Mercado Talipapa,supermarket,14.823156,120.72553,"Pampanga, Pampanga",Pampanga,Central,(045) 961-0000 / 911,0,False,Commercial & Retail Supplies Hub,Commercial & Retail Establishment · seafood
Santo Rosario Chapel,government,14.815884,120.729704,"Pampanga, Pampanga",Pampanga,Central,(045) 961-0000 / 911,0,False,"Municipal, Civic & Landmark Building",Public Infrastructure & Community Landmark
Cosim Pawnshop,supermarket,14.834113,120.734074,"Pampanga, Pampanga",Pampanga,Central,(045) 961-0000 / 911,0,False,Commercial & Retail Supplies Hub,Commercial & Retail Establishment · pawnbroker
Grahambell Tailor Shop,supermarket,14.834421,120.733927,"Pampanga, Pampanga",Pampanga,Central,(045) 961-0000 / 911,0,False,Commercial & Retail Supplies Hub,Commercial & Retail Establishment · tailor
Beauty Salon & Spa,supermarket,14.834513,120.733753,"Pampanga, Pampanga",Pampanga,Central,(045) 961-0000 / 911,0,False,Commercial & Retail Supplies Hub,Commercial & Retail Establishment · hairdresser
Electronics Store,supermarket,14.834173,120.733848,"J. P. Rizal Street, Pampanga, Pampanga",Pampanga,Central,(045) 961-0000 / 911,0,False,Commercial & Retail Supplies Hub,Commercial & Retail Establishment · electronics
TGP,pharmacy,14.840824,120.763785,"Pampanga, Pampanga",Pampanga,Central,(045) 961-0000 / 911,0,False,Pharmacy & Medical Supplies,"First-Aid, Essential Medications & Antibiotics"
M Lhuillier,supermarket,14.837226,120.735015,"Emilio G. Perez Street, Pampanga, Pampanga",Pampanga,Central,(045) 961-0000 / 911,0,False,Commercial & Retail Supplies Hub,Commercial & Retail Establishment · pawnbroker
R&A Bakery,supermarket,14.840701,120.763082,"Pampanga, Pampanga",Pampanga,Central,(045) 961-0000 / 911,0,False,Commercial & Retail Supplies Hub,Commercial & Retail Establishment · bakery
Captain Burger,supermarket,14.840662,120.762927,"Pampanga, Pampanga",Pampanga,Central,(045) 961-0000 / 911,0,False,Commercial & Retail Supplies Hub,Commercial & Retail Establishment · fast_food
Grocery Mart,supermarket,14.840778,120.763626,"Pampanga, Pampanga",Pampanga,Central,(045) 961-0000 / 911,0,False,Commercial & Retail Supplies Hub,Commercial & Retail Establishment · supermarket
Union Lucky 77,supermarket,14.834041,120.733561,"Pampanga, Pampanga",Pampanga,Central,(045) 961-0000 / 911,0,False,Commercial & Retail Supplies Hub,Commercial & Retail Establishment · department_store
San Pedro Chapel,government,14.840122,120.76075,"Pampanga, Pampanga",Pampanga,Central,(045) 961-0000 / 911,0,False,"Municipal, Civic & Landmark Building",Public Infrastructure & Community Landmark
TGP,pharmacy,14.840227,120.740195,"Pampanga, Pampanga",Pampanga,Central,(045) 961-0000 / 911,0,False,Pharmacy & Medical Supplies,"First-Aid, Essential Medications & Antibiotics"
San Nicolas Chapel,government,14.823608,120.727519,"Pampanga, Pampanga",Pampanga,Central,(045) 961-0000 / 911,0,False,"Municipal, Civic & Landmark Building",Public Infrastructure & Community Landmark
The Church of Jesus Christ of Latter-day Saints,government,14.838118,120.739174,"Pampanga, Pampanga",Pampanga,Central,(045) 961-0000 / 911,0,False,"Municipal, Civic & Landmark Building",Public Infrastructure & Community Landmark
Car & Motorcycle Parts,supermarket,14.838864,120.73999,"Pampanga, Pampanga",Pampanga,Central,(045) 961-0000 / 911,0,False,Commercial & Retail Supplies Hub,Commercial & Retail Establishment · car_parts
Paombong Police Station,police,14.835465,120.788113,"Pampanga, Pampanga",Pampanga,Central,117 / 911,0,False,Police Station / Law Enforcement,24/7 Security & Search and Rescue Standby
Emilio S. Lim Appliance,supermarket,14.837264,120.734743,"Pampanga, Pampanga",Pampanga,Central,(045) 961-0000 / 911,0,False,Commercial & Retail Supplies Hub,Commercial & Retail Establishment · electronics
San Pedro Barangay Hall,government,14.840995,120.763359,"Pampanga, Pampanga",Pampanga,Central,(045) 961-0000 / 911,0,False,"Municipal, Civic & Landmark Building",Public Infrastructure & Community Landmark
Hagonoy Post Office,government,14.835786,120.734273,"Emilio G. Perez Street, Pampanga, Pampanga",Pampanga,Central,(045) 961-0000 / 911,0,False,"Municipal, Civic & Landmark Building",Public Infrastructure & Community Landmark
Cellphones & Accessories,supermarket,14.834602,120.733576,"Pampanga, Pampanga",Pampanga,Central,(045) 961-0000 / 911,0,False,Commercial & Retail Supplies Hub,Commercial & Retail Establishment · mobile_phone
HBC,supermarket,14.836013,120.733536,"Pampanga, Pampanga",Pampanga,Central,(045) 961-0000 / 911,0,False,Commercial & Retail Supplies Hub,Commercial & Retail Establishment · beauty
Cherubim of Heaven Memorial Park,government,14.837982,120.760154,"Pampanga, Pampanga",Pampanga,Central,(045) 961-0000 / 911,0,False,"Municipal, Civic & Landmark Building",Public Infrastructure & Community Landmark
Angel's Hamburger,supermarket,14.839598,120.739995,"Pampanga, Pampanga",Pampanga,Central,(045) 961-0000 / 911,0,False,Commercial & Retail Supplies Hub,Commercial & Retail Establishment · fast_food
Goldilocks,supermarket,14.83545,120.733105,"M. H. del Pilar Street, Pampanga, Pampanga",Pampanga,Central,(045) 961-0000 / 911,0,False,Commercial & Retail Supplies Hub,Commercial & Retail Establishment · bakery
Shop More Grocery & Drugstore,pharmacy,14.833961,120.73354,"Pampanga, Pampanga",Pampanga,Central,(045) 961-0000 / 911,0,False,Pharmacy & Medical Supplies,"First-Aid, Essential Medications & Antibiotics"
Mercado Day Care Center,government,14.823038,120.725415,"Pampanga, Pampanga",Pampanga,Central,(045) 961-0000 / 911,0,False,"Municipal, Civic & Landmark Building",Public Infrastructure & Community Landmark
Western Union,government,14.835742,120.733503,"Pampanga, Pampanga",Pampanga,Central,(045) 961-0000 / 911,0,False,"Municipal, Civic & Landmark Building",Public Infrastructure & Community Landmark
San Isidro Chapel,government,14.836782,120.783012,"Pampanga, Pampanga",Pampanga,Central,(045) 961-0000 / 911,0,False,"Municipal, Civic & Landmark Building",Public Infrastructure & Community Landmark
"Bicycle, Motor Parts & Services",supermarket,14.834029,120.733817,"Mabini Street, Pampanga, Pampanga",Pampanga,Central,(045) 961-0000 / 911,0,False,Commercial & Retail Supplies Hub,Commercial & Retail Establishment · bicycle
Computer Shop,government,14.834423,120.733788,"Pampanga, Pampanga",Pampanga,Central,(045) 961-0000 / 911,0,False,"Municipal, Civic & Landmark Building",Public Infrastructure & Community Landmark
Cecille's Bakeshop,supermarket,14.834602,120.733663,"Pampanga, Pampanga",Pampanga,Central,(045) 961-0000 / 911,0,False,Commercial & Retail Supplies Hub,Commercial & Retail Establishment · bakery
Beauty Parlor,supermarket,14.834593,120.733874,"Pampanga, Pampanga",Pampanga,Central,(045) 961-0000 / 911,0,False,Commercial & Retail Supplies Hub,Commercial & Retail Establishment · hairdresser
Domingo Photo Studio,supermarket,14.834504,120.733905,"Pampanga, Pampanga",Pampanga,Central,(045) 961-0000 / 911,0,False,Commercial & Retail Supplies Hub,Commercial & Retail Establishment · photo
Pandayan Bookshop,supermarket,14.835896,120.733506,"Emilio G. Perez Street, Pampanga, Pampanga",Pampanga,Central,(045) 961-0000 / 911,0,False,Commercial & Retail Supplies Hub,Commercial & Retail Establishment · books
Malolos City Hall,government,14.843857,120.811145,"Pampanga, Pampanga",Pampanga,Central,(045) 961-0000 / 911,0,False,"Municipal, Civic & Landmark Building",Public Infrastructure & Community Landmark
National Book Store,supermarket,14.844169,120.811174,"Pampanga, Pampanga",Pampanga,Central,(045) 961-0000 / 911,0,False,Commercial & Retail Supplies Hub,Commercial & Retail Establishment · stationery
Pandayan Bookshop,supermarket,14.857098,120.812608,"Pampanga, Pampanga",Pampanga,Central,(045) 961-0000 / 911,0,False,Commercial & Retail Supplies Hub,Commercial & Retail Establishment · books
YES!!! Barber Shop,supermarket,14.838968,120.739836,"Pampanga, Pampanga",Pampanga,Central,(045) 961-0000 / 911,0,False,Commercial & Retail Supplies Hub,Commercial & Retail Establishment · hairdresser
Book One,supermarket,14.84364,120.81296,"Pampanga, Pampanga",Pampanga,Central,(045) 961-0000 / 911,0,False,Commercial & Retail Supplies Hub,Commercial & Retail Establishment · books
Informatics,government,14.843825,120.812649,"Pampanga, Pampanga",Pampanga,Central,(045) 961-0000 / 911,0,False,"Municipal, Civic & Landmark Building",Public Infrastructure & Community Landmark
Café de Blas,supermarket,14.850262,120.804404,"Pampanga, Pampanga",Pampanga,Central,(045) 961-0000 / 911,0,False,Commercial & Retail Supplies Hub,Commercial & Retail Establishment · cafe
Jesus Is Lord Church,government,14.834665,120.737999,"Pampanga, Pampanga",Pampanga,Central,(045) 961-0000 / 911,0,False,"Municipal, Civic & Landmark Building",Public Infrastructure & Community Landmark
Motortrade,supermarket,14.839068,120.752673,"Pampanga, Pampanga",Pampanga,Central,(045) 961-0000 / 911,0,False,Commercial & Retail Supplies Hub,Commercial & Retail Establishment · bicycle
Minia's Eatery (Function Hall),supermarket,14.839044,120.752903,"Pampanga, Pampanga",Pampanga,Central,(045) 961-0000 / 911,0,False,Commercial & Retail Supplies Hub,Commercial & Retail Establishment · restaurant
Vendil's Vulcanizing shop,supermarket,15.045885,120.936794,"Pampanga, Pampanga",Pampanga,Central,(045) 961-0000 / 911,0,False,Commercial & Retail Supplies Hub,Commercial & Retail Establishment · car_parts
Vensil's Vulcanizing Shop,supermarket,15.045809,120.936812,"Cagayan Valley Road, Barangay Maasim, Pampanga, Pampanga",Pampanga,Maasim,(045) 961-0000 / 911,0,False,Commercial & Retail Supplies Hub,Commercial & Retail Establishment · car_repair
pau dayrit,government,15.043649,120.676753,"Pampanga, Pampanga",Pampanga,Central,(045) 961-0000 / 911,0,False,"Municipal, Civic & Landmark Building",Public Infrastructure & Community Landmark
nio/jack acejo,government,15.03999,120.678451,"Pampanga, Pampanga",Pampanga,Central,(045) 961-0000 / 911,0,False,"Municipal, Civic & Landmark Building",Public Infrastructure & Community Landmark
San Isidro Sub-Pastoral Church,government,14.836801,120.770281,"Hagonoy-Paombong Road, Pampanga, Pampanga",Pampanga,Central,(045) 961-0000 / 911,0,False,"Municipal, Civic & Landmark Building",Public Infrastructure & Community Landmark
Robinsons Supermarket,supermarket,14.850483,120.823651,"Pampanga, Pampanga",Pampanga,Central,(045) 961-0000 / 911,0,False,Commercial & Retail Supplies Hub,Commercial & Retail Establishment · supermarket
CD-R King,supermarket,14.901406,120.866659,"Pulilan Regional Road, Pampanga, Pampanga",Pampanga,Central,(045) 961-0000 / 911,0,False,Commercial & Retail Supplies Hub,Commercial & Retail Establishment · electronics
Apo Kulas Hardware,supermarket,14.83002,120.72999,"Pampanga, Pampanga",Pampanga,Central,(045) 961-0000 / 911,0,False,Commercial & Retail Supplies Hub,Commercial & Retail Establishment · hardware
Pedrito's Commercial Bldg.,government,14.839505,120.751514,"Pampanga, Pampanga",Pampanga,Central,(045) 961-0000 / 911,0,False,"Municipal, Civic & Landmark Building",Public Infrastructure & Community Landmark
Schoenstatt Integrated School,school,14.83991,120.766723,"Pampanga, Pampanga",Pampanga,Central,(045) 961-0000 / 911,0,False,Evacuation Shelter / Education Facility,High-Ground Evacuation Shelter · Relief Goods Depot
Yamaha Motors,supermarket,14.837627,120.735403,"Pampanga, Pampanga",Pampanga,Central,(045) 961-0000 / 911,0,False,Commercial & Retail Supplies Hub,Commercial & Retail Establishment · bicycle
The Woodlands of Grand Royale,government,14.853015,120.797603,"Pampanga, Pampanga",Pampanga,Central,(045) 961-0000 / 911,0,False,"Municipal, Civic & Landmark Building",Public Infrastructure & Community Landmark
Villarica,supermarket,14.834478,120.733374,"M. H. del Pilar Street, Pampanga, Pampanga",Pampanga,Central,(045) 961-0000 / 911,0,False,Commercial & Retail Supplies Hub,Commercial & Retail Establishment · pawnbroker
The Holy Infant School of Hagonoy,school,14.839373,120.744986,"Pampanga, Pampanga",Pampanga,Central,(045) 961-0000 / 911,0,False,Evacuation Shelter / Education Facility,High-Ground Evacuation Shelter · Relief Goods Depot
Robinsons Supermarket,supermarket,14.900793,120.866369,"Pampanga, Pampanga",Pampanga,Central,(045) 961-0000 / 911,0,False,Commercial & Retail Supplies Hub,Commercial & Retail Establishment · supermarket
Motor Star,supermarket,14.839619,120.741079,"Emilio G. Perez Street, Pampanga, Pampanga",Pampanga,Central,(045) 961-0000 / 911,0,False,Commercial & Retail Supplies Hub,Commercial & Retail Establishment · motorcycle
Totoy Bakery,supermarket,14.84065,120.762809,"Pampanga, Pampanga",Pampanga,Central,(045) 961-0000 / 911,0,False,Commercial & Retail Supplies Hub,Commercial & Retail Establishment · bakery
Cuevas Bread,supermarket,14.843656,120.812999,"Pampanga, Pampanga",Pampanga,Central,(045) 961-0000 / 911,0,False,Commercial & Retail Supplies Hub,Commercial & Retail Establishment · bakery
Cuevas Bakeshop,supermarket,14.840192,120.739895,"Pampanga, Pampanga",Pampanga,Central,(045) 961-0000 / 911,0,False,Commercial & Retail Supplies Hub,Commercial & Retail Establishment · bakery
TGP,pharmacy,14.839372,120.751502,"Pampanga, Pampanga",Pampanga,Central,(045) 961-0000 / 911,0,False,Pharmacy & Medical Supplies,"First-Aid, Essential Medications & Antibiotics"
Pambansang.Com,supermarket,14.84325,120.811022,"Pampanga, Pampanga",Pampanga,Central,(045) 961-0000 / 911,0,False,Commercial & Retail Supplies Hub,Commercial & Retail Establishment · clothes
Santo Niño Subdivision,government,14.835306,120.737119,"Pampanga, Pampanga",Pampanga,Central,(045) 961-0000 / 911,0,False,"Municipal, Civic & Landmark Building",Public Infrastructure & Community Landmark
Biyahero Hotel,government,14.836835,120.73404,"Pampanga, Pampanga",Pampanga,Central,(045) 961-0000 / 911,0,False,"Municipal, Civic & Landmark Building",Public Infrastructure & Community Landmark
Fondevilla-Bernardo Dental Clinic,hospital,14.835768,120.786763,"Pampanga, Pampanga",Pampanga,Central,(045) 961-0000 / 911,20,False,Primary Health Clinic / RHU,20 Beds · Hotline: (045) 961-0000 / 911
Robinsons Movieworld,government,14.850735,120.823703,"Pampanga, Pampanga",Pampanga,Central,(045) 961-0000 / 911,0,False,"Municipal, Civic & Landmark Building",Public Infrastructure & Community Landmark
Red Ribbon,supermarket,14.85033,120.823723,"Pampanga, Pampanga",Pampanga,Central,(045) 961-0000 / 911,0,False,Commercial & Retail Supplies Hub,Commercial & Retail Establishment · bakery
Robinsons Department Store,supermarket,14.8506,120.823751,"Pampanga, Pampanga",Pampanga,Central,(045) 961-0000 / 911,0,False,Commercial & Retail Supplies Hub,Commercial & Retail Establishment · department_store
Dikeru Enterprise Auto Repair Shop,supermarket,14.839949,120.766584,"Pampanga, Pampanga",Pampanga,Central,(045) 961-0000 / 911,0,False,Commercial & Retail Supplies Hub,Commercial & Retail Establishment · car_repair
Fujiko's Lechon Manok,supermarket,14.836895,120.788121,"Paombong Provincial Road, Pampanga, Pampanga",Pampanga,Central,(045) 961-0000 / 911,0,False,Commercial & Retail Supplies Hub,Commercial & Retail Establishment · fast_food
Ang Dating Daan,government,14.83652,120.781518,"Hagonoy-Paombong Road, Pampanga, Pampanga",Pampanga,Central,(045) 961-0000 / 911,0,False,"Municipal, Civic & Landmark Building",Public Infrastructure & Community Landmark
Artwork Facility,government,14.817548,120.730606,"Pampanga, Pampanga",Pampanga,Central,(045) 961-0000 / 911,0,False,"Municipal, Civic & Landmark Building",Public Infrastructure & Community Landmark
Paombong Welcome Arch,government,14.843029,120.795797,"Pampanga, Pampanga",Pampanga,Central,(045) 961-0000 / 911,0,False,"Municipal, Civic & Landmark Building",Public Infrastructure & Community Landmark
Kambal Pandesal,supermarket,14.837827,120.736011,"Pampanga, Pampanga",Pampanga,Central,(045) 961-0000 / 911,0,False,Commercial & Retail Supplies Hub,Commercial & Retail Establishment · bakery
A&A Gazebo Bldg.,government,14.837298,120.73505,"Pampanga, Pampanga",Pampanga,Central,(045) 961-0000 / 911,0,False,"Municipal, Civic & Landmark Building",Public Infrastructure & Community Landmark
Robinsons Appliances,supermarket,14.850414,120.824166,"Pampanga, Pampanga",Pampanga,Central,(045) 961-0000 / 911,0,False,Commercial & Retail Supplies Hub,Commercial & Retail Establishment · electronics
Hagonoy Builder Supply,supermarket,14.839316,120.75245,"Pampanga, Pampanga",Pampanga,Central,(045) 961-0000 / 911,0,False,Commercial & Retail Supplies Hub,Commercial & Retail Establishment · hardware
Teethenjoy Dental Clinic,hospital,14.842246,120.860819,"Doña Remedios Trinidad Highway, Pampanga, Pampanga",Pampanga,Central,(045) 961-0000 / 911,20,False,Primary Health Clinic / RHU,20 Beds · Hotline: (045) 961-0000 / 911
Dakila Christian Church,government,14.854704,120.83571,"Camia Street, Pampanga, Pampanga",Pampanga,Central,(045) 961-0000 / 911,0,False,"Municipal, Civic & Landmark Building",Public Infrastructure & Community Landmark
Elitaza Trading,supermarket,15.327578,120.590111,"MacArthur Highway, Pampanga, Pampanga",Pampanga,Central,(045) 961-0000 / 911,0,False,Commercial & Retail Supplies Hub,Commercial & Retail Establishment · convenience
Vindows Blinds And Curtains,supermarket,15.124902,120.59751,"Santo Rosario Street, Pampanga, Pampanga",Pampanga,Central,+63 932 869 4977,0,False,Commercial & Retail Supplies Hub,Commercial & Retail Establishment · furniture
BDO,supermarket,15.128309,120.596284,"Pampanga, Pampanga",Pampanga,Central,(045) 961-0000 / 911,0,False,Commercial & Retail Supplies Hub,Commercial & Retail Establishment · bank
Beauty Retreat - Head to Toe Spa & Salon,supermarket,15.128431,120.596736,"Pampanga, Pampanga",Pampanga,Central,(045) 961-0000 / 911,0,False,Commercial & Retail Supplies Hub,Commercial & Retail Establishment · beauty
PCSO Outlet,supermarket,15.306812,120.858103,"Pampanga, Pampanga",Pampanga,Central,(045) 961-0000 / 911,0,False,Commercial & Retail Supplies Hub,Commercial & Retail Establishment · lottery
San Antonio-Gapan Jeepney Terminal,government,15.307022,120.858143,"Pampanga, Pampanga",Pampanga,Central,(045) 961-0000 / 911,0,False,"Municipal, Civic & Landmark Building",Public Infrastructure & Community Landmark
Susan's Meatshop,supermarket,15.306846,120.858193,"Pampanga, Pampanga",Pampanga,Central,(045) 961-0000 / 911,0,False,Commercial & Retail Supplies Hub,Commercial & Retail Establishment · butcher
Aling Remy's,supermarket,15.304743,120.85661,"Pampanga, Pampanga",Pampanga,Central,(045) 961-0000 / 911,0,False,Commercial & Retail Supplies Hub,Commercial & Retail Establishment · bakery
Aling Reret's Hardware Store,supermarket,15.30694,120.85785,"Pampanga, Pampanga",Pampanga,Central,(045) 961-0000 / 911,0,False,Commercial & Retail Supplies Hub,Commercial & Retail Establishment · hardware
Bicycle Store,supermarket,15.305948,120.856865,"Pampanga, Pampanga",Pampanga,Central,(045) 961-0000 / 911,0,False,Commercial & Retail Supplies Hub,Commercial & Retail Establishment · bicycle
Car_parts Store,supermarket,15.306266,120.856548,"Pampanga, Pampanga",Pampanga,Central,(045) 961-0000 / 911,0,False,Commercial & Retail Supplies Hub,Commercial & Retail Establishment · car_parts
Sapang TODA,government,15.322698,120.905864,"Pampanga, Pampanga",Pampanga,Central,(045) 961-0000 / 911,0,False,"Municipal, Civic & Landmark Building",Public Infrastructure & Community Landmark
Cebuana,supermarket,15.306971,120.858274,"Pampanga, Pampanga",Pampanga,Central,(045) 961-0000 / 911,0,False,Commercial & Retail Supplies Hub,Commercial & Retail Establishment · pawnbroker
Convenience Store,supermarket,15.302497,120.85584,"Pampanga, Pampanga",Pampanga,Central,(045) 961-0000 / 911,0,False,Commercial & Retail Supplies Hub,Commercial & Retail Establishment · convenience
Wannovic's Eatery,supermarket,15.302708,120.857793,"Pampanga, Pampanga",Pampanga,Central,(045) 961-0000 / 911,0,False,Commercial & Retail Supplies Hub,Commercial & Retail Establishment · convenience
Saint Anthony Pharmacy,pharmacy,15.306356,120.857853,"Pampanga, Pampanga",Pampanga,Central,(045) 961-0000 / 911,0,False,Pharmacy & Medical Supplies,"First-Aid, Essential Medications & Antibiotics"
Feel In Water Station,supermarket,15.305584,120.857451,"Pampanga, Pampanga",Pampanga,Central,(045) 961-0000 / 911,0,False,Commercial & Retail Supplies Hub,Commercial & Retail Establishment · water
Fuel & Gas Station,gas_station,15.322769,120.832626,"Pampanga, Pampanga",Pampanga,Central,(045) 961-0000 / 911,0,False,Fuel Station,Gasoline & Diesel Fuel · Operational Fuel Point
Seaoil,gas_station,15.30771,120.853446,"Pampanga, Pampanga",Pampanga,Central,(045) 961-0000 / 911,0,False,SEAOIL Station,Gasoline & Diesel Fuel · SEAOIL
Optician Store,supermarket,15.306427,120.857184,"Pampanga, Pampanga",Pampanga,Central,(045) 961-0000 / 911,0,False,Commercial & Retail Supplies Hub,Commercial & Retail Establishment · optician
Aling Remy's,supermarket,15.30274,120.859218,"Pampanga, Pampanga",Pampanga,Central,(045) 961-0000 / 911,0,False,Commercial & Retail Supplies Hub,Commercial & Retail Establishment · bakery
Luz,supermarket,15.30642,120.857559,"Pampanga, Pampanga",Pampanga,Central,(045) 961-0000 / 911,0,False,Commercial & Retail Supplies Hub,Commercial & Retail Establishment · restaurant
Emong Pandesal,supermarket,15.306502,120.857956,"Pampanga, Pampanga",Pampanga,Central,(045) 961-0000 / 911,0,False,Commercial & Retail Supplies Hub,Commercial & Retail Establishment · bakery
Key Bank,supermarket,15.306125,120.85771,"Pampanga, Pampanga",Pampanga,Central,(045) 961-0000 / 911,0,False,Commercial & Retail Supplies Hub,Commercial & Retail Establishment · bank
Feria,government,15.306368,120.856416,"Pampanga, Pampanga",Pampanga,Central,(045) 961-0000 / 911,0,False,"Municipal, Civic & Landmark Building",Public Infrastructure & Community Landmark
Executive Optical,supermarket,15.303337,120.946127,"Pampanga, Pampanga",Pampanga,Central,(045) 961-0000 / 911,0,False,Commercial & Retail Supplies Hub,Commercial & Retail Establishment · optician
Convenience Store,supermarket,15.317094,120.864784,"Pampanga, Pampanga",Pampanga,Central,(045) 961-0000 / 911,0,False,Commercial & Retail Supplies Hub,Commercial & Retail Establishment · convenience
Hardware Store,supermarket,15.307063,120.857434,"Pampanga, Pampanga",Pampanga,Central,(045) 961-0000 / 911,0,False,Commercial & Retail Supplies Hub,Commercial & Retail Establishment · hardware
San Antonio Montessori School,school,15.305228,120.855827,"Pampanga, Pampanga",Pampanga,Central,(045) 961-0000 / 911,0,False,Evacuation Shelter / Education Facility,High-Ground Evacuation Shelter · Relief Goods Depot
4L Gas Station,gas_station,15.309304,120.859568,"Pampanga, Pampanga",Pampanga,Central,(045) 961-0000 / 911,0,False,Fuel Station,Gasoline & Diesel Fuel · Operational Fuel Point
Commission on Election,government,15.307374,120.857108,"Pampanga, Pampanga",Pampanga,Central,(045) 961-0000 / 911,0,False,"Municipal, Civic & Landmark Building",Public Infrastructure & Community Landmark
Chooks To Go,supermarket,15.306869,120.858028,"Pampanga, Pampanga",Pampanga,Central,(045) 961-0000 / 911,0,False,Commercial & Retail Supplies Hub,Commercial & Retail Establishment · convenience
Inda's,supermarket,15.306544,120.857453,"Pampanga, Pampanga",Pampanga,Central,(045) 961-0000 / 911,0,False,Commercial & Retail Supplies Hub,Commercial & Retail Establishment · restaurant
JHIM's,supermarket,15.30666,120.85803,"Pampanga, Pampanga",Pampanga,Central,(045) 961-0000 / 911,0,False,Commercial & Retail Supplies Hub,Commercial & Retail Establishment · hairdresser
Bread Fun,supermarket,15.305758,120.857418,"Pampanga, Pampanga",Pampanga,Central,(045) 961-0000 / 911,0,False,Commercial & Retail Supplies Hub,Commercial & Retail Establishment · bakery
Magnolia Chicken Station,supermarket,15.305923,120.857523,"Pampanga, Pampanga",Pampanga,Central,(045) 961-0000 / 911,0,False,Commercial & Retail Supplies Hub,Commercial & Retail Establishment · butcher
WalterMart,government,15.303276,120.946192,"Pampanga, Pampanga",Pampanga,Central,(045) 961-0000 / 911,0,False,"Municipal, Civic & Landmark Building",Public Infrastructure & Community Landmark
Bibingkinitan,supermarket,15.303502,120.946165,"Pampanga, Pampanga",Pampanga,Central,(045) 961-0000 / 911,0,False,Commercial & Retail Supplies Hub,Commercial & Retail Establishment · bakery
Red Ribbon,supermarket,15.303471,120.945804,"Pampanga, Pampanga",Pampanga,Central,(045) 961-0000 / 911,0,False,Commercial & Retail Supplies Hub,Commercial & Retail Establishment · pastry
San Agustin Gas Station,gas_station,15.323673,120.905444,"Pampanga, Pampanga",Pampanga,Central,(045) 961-0000 / 911,0,False,Fuel Station,Gasoline & Diesel Fuel · Operational Fuel Point
San Mariano TODA,government,15.322196,120.87799,"Pampanga, Pampanga",Pampanga,Central,(045) 961-0000 / 911,0,False,"Municipal, Civic & Landmark Building",Public Infrastructure & Community Landmark
New RL Transport - San Antonio Terminal,government,15.306149,120.857982,"Pampanga, Pampanga",Pampanga,Central,(045) 961-0000 / 911,0,False,"Municipal, Civic & Landmark Building",Public Infrastructure & Community Landmark
NEECO 1 Office,government,15.308015,120.853111,"Pampanga, Pampanga",Pampanga,Central,(045) 961-0000 / 911,0,False,"Municipal, Civic & Landmark Building",Public Infrastructure & Community Landmark
San Antonio-Cabanatuan Jeepney Terminal,government,15.306141,120.857531,"Pampanga, Pampanga",Pampanga,Central,(045) 961-0000 / 911,0,False,"Municipal, Civic & Landmark Building",Public Infrastructure & Community Landmark
Minute Burger,supermarket,15.307253,120.857522,"Pampanga, Pampanga",Pampanga,Central,(045) 961-0000 / 911,0,False,Commercial & Retail Supplies Hub,Commercial & Retail Establishment · fast_food
Nonie's Hardware,supermarket,15.306422,120.858888,"Pampanga, Pampanga",Pampanga,Central,(045) 961-0000 / 911,0,False,Commercial & Retail Supplies Hub,Commercial & Retail Establishment · hardware
Bobie Salon,supermarket,15.306931,120.858238,"Pampanga, Pampanga",Pampanga,Central,(045) 961-0000 / 911,0,False,Commercial & Retail Supplies Hub,Commercial & Retail Establishment · cosmetics
Bank of San Leonardo,supermarket,15.306197,120.856641,"Pampanga, Pampanga",Pampanga,Central,(045) 961-0000 / 911,0,False,Commercial & Retail Supplies Hub,Commercial & Retail Establishment · bank
Water Store,supermarket,15.309581,120.859821,"Pampanga, Pampanga",Pampanga,Central,(045) 961-0000 / 911,0,False,Commercial & Retail Supplies Hub,Commercial & Retail Establishment · water
Water Store,supermarket,15.3053,120.857076,"Pampanga, Pampanga",Pampanga,Central,(045) 961-0000 / 911,0,False,Commercial & Retail Supplies Hub,Commercial & Retail Establishment · water
Convenience Store,supermarket,15.302849,120.857741,"Pampanga, Pampanga",Pampanga,Central,(045) 961-0000 / 911,0,False,Commercial & Retail Supplies Hub,Commercial & Retail Establishment · convenience
Novich Resort,government,15.312853,120.843468,"Zaragoza - San Antonio Road, Pampanga, Pampanga",Pampanga,Central,(045) 961-0000 / 911,0,False,"Municipal, Civic & Landmark Building",Public Infrastructure & Community Landmark
Abenson,supermarket,15.303102,120.945827,"Cagayan Valley Road, Pampanga, Pampanga",Pampanga,Central,(045) 961-0000 / 911,0,False,Commercial & Retail Supplies Hub,Commercial & Retail Establishment · electronics
Burger Machine,supermarket,15.306704,120.857877,"Pampanga, Pampanga",Pampanga,Central,(045) 961-0000 / 911,0,False,Commercial & Retail Supplies Hub,Commercial & Retail Establishment · fast_food
Burger Machine,supermarket,15.302175,120.85715,"Pampanga, Pampanga",Pampanga,Central,(045) 961-0000 / 911,0,False,Commercial & Retail Supplies Hub,Commercial & Retail Establishment · fast_food
Farmacia Toledo,pharmacy,15.306245,120.85742,"Pampanga, Pampanga",Pampanga,Central,(045) 961-0000 / 911,0,False,Pharmacy & Medical Supplies,"First-Aid, Essential Medications & Antibiotics"
Ever Bakery,supermarket,15.306019,120.857585,"Pampanga, Pampanga",Pampanga,Central,(045) 961-0000 / 911,0,False,Commercial & Retail Supplies Hub,Commercial & Retail Establishment · bakery
ChinaBank,supermarket,15.303381,120.946206,"Pampanga, Pampanga",Pampanga,Central,(045) 961-0000 / 911,0,False,Commercial & Retail Supplies Hub,Commercial & Retail Establishment · bank
Goldilocks,supermarket,15.303187,120.945993,"Cagayan Valley Road, Pampanga, Pampanga",Pampanga,Central,(045) 961-0000 / 911,0,False,Commercial & Retail Supplies Hub,Commercial & Retail Establishment · pastry
Caridad,supermarket,15.309173,120.904376,"Pampanga, Pampanga",Pampanga,Central,(045) 961-0000 / 911,0,False,Commercial & Retail Supplies Hub,Commercial & Retail Establishment · convenience
San Isidro - San Antonio Jeepney Terminal,government,15.309523,120.904433,"Vallarta Street, Pampanga, Pampanga",Pampanga,Central,(045) 961-0000 / 911,0,False,"Municipal, Civic & Landmark Building",Public Infrastructure & Community Landmark
Obet Babershop,supermarket,15.305402,120.857149,"Pampanga, Pampanga",Pampanga,Central,(045) 961-0000 / 911,0,False,Commercial & Retail Supplies Hub,Commercial & Retail Establishment · hairdresser
Vicky's Store,supermarket,15.302326,120.857864,"Pampanga, Pampanga",Pampanga,Central,(045) 961-0000 / 911,0,False,Commercial & Retail Supplies Hub,Commercial & Retail Establishment · convenience
Sta. Isabel Montessori School,school,15.300948,120.854587,"Pampanga, Pampanga",Pampanga,Central,(045) 961-0000 / 911,0,False,Evacuation Shelter / Education Facility,High-Ground Evacuation Shelter · Relief Goods Depot
Far East,supermarket,15.3057,120.8572,"Pampanga, Pampanga",Pampanga,Central,(045) 961-0000 / 911,0,False,Commercial & Retail Supplies Hub,Commercial & Retail Establishment · electronics
Nice Cut Babershop,supermarket,15.306063,120.856782,"Pampanga, Pampanga",Pampanga,Central,(045) 961-0000 / 911,0,False,Commercial & Retail Supplies Hub,Commercial & Retail Establishment · hairdresser
Hardware Store,supermarket,15.306978,120.858711,"Pampanga, Pampanga",Pampanga,Central,(045) 961-0000 / 911,0,False,Commercial & Retail Supplies Hub,Commercial & Retail Establishment · hardware
National Book Store,supermarket,15.303022,120.945887,"Cagayan Valley Road, Pampanga, Pampanga",Pampanga,Central,(045) 961-0000 / 911,0,False,Commercial & Retail Supplies Hub,Commercial & Retail Establishment · books
PCSO Lottery Outlet,supermarket,15.303554,120.945738,"Pampanga, Pampanga",Pampanga,Central,(045) 961-0000 / 911,0,False,Commercial & Retail Supplies Hub,Commercial & Retail Establishment · lottery
Convenience Store,supermarket,15.311249,120.903853,"Pampanga, Pampanga",Pampanga,Central,(045) 961-0000 / 911,0,False,Commercial & Retail Supplies Hub,Commercial & Retail Establishment · convenience
Fuel & Gas Station,gas_station,15.31255,120.844191,"Zaragoza - San Antonio Road, Pampanga, Pampanga",Pampanga,Central,(045) 961-0000 / 911,0,False,Fuel Station,Gasoline & Diesel Fuel · Operational Fuel Point
Five Star - San Antonio Terminal,government,15.307703,120.857215,"Pampanga, Pampanga",Pampanga,Central,(045) 961-0000 / 911,0,False,"Municipal, Civic & Landmark Building",Public Infrastructure & Community Landmark
Generika Drugs Store,pharmacy,15.306939,120.858107,"Pampanga, Pampanga",Pampanga,Central,(045) 961-0000 / 911,0,False,Pharmacy & Medical Supplies,"First-Aid, Essential Medications & Antibiotics"
Holy Rosary Colleges Foundation - Campus A,school,15.295997,120.871051,"M. Lorenzo Street, Pampanga, Pampanga",Pampanga,Central,(045) 961-0000 / 911,0,False,Evacuation Shelter / Education Facility,High-Ground Evacuation Shelter · Relief Goods Depot
Greenwich,supermarket,15.303665,120.946179,"Pampanga, Pampanga",Pampanga,Central,(045) 961-0000 / 911,0,False,Commercial & Retail Supplies Hub,Commercial & Retail Establishment · fast_food
Convenience Store,supermarket,15.304039,120.857015,"Pampanga, Pampanga",Pampanga,Central,(045) 961-0000 / 911,0,False,Commercial & Retail Supplies Hub,Commercial & Retail Establishment · convenience
Holy Rosary Colleges Foundation - Campus B,school,15.294559,120.870378,"Pampanga, Pampanga",Pampanga,Central,(045) 961-0000 / 911,0,False,Evacuation Shelter / Education Facility,High-Ground Evacuation Shelter · Relief Goods Depot
JHIM's,supermarket,15.306938,120.857304,"Pampanga, Pampanga",Pampanga,Central,(045) 961-0000 / 911,0,False,Commercial & Retail Supplies Hub,Commercial & Retail Establishment · hairdresser
Gee Salon,supermarket,15.305833,120.857472,"Pampanga, Pampanga",Pampanga,Central,(045) 961-0000 / 911,0,False,Commercial & Retail Supplies Hub,Commercial & Retail Establishment · cosmetics
Bench/,supermarket,15.303555,120.945966,"Pampanga, Pampanga",Pampanga,Central,(045) 961-0000 / 911,0,False,Commercial & Retail Supplies Hub,Commercial & Retail Establishment · clothes
Mamang's Tailoring,supermarket,15.305385,120.857371,"Pampanga, Pampanga",Pampanga,Central,(045) 961-0000 / 911,0,False,Commercial & Retail Supplies Hub,Commercial & Retail Establishment · clothes
Laboratory,hospital,15.321901,120.87802,"Pampanga, Pampanga",Pampanga,Central,(045) 961-0000 / 911,20,False,Primary Health Clinic / RHU,20 Beds · Hotline: (045) 961-0000 / 911
Roice.net Internet Cafe,government,15.306661,120.857107,"Pampanga, Pampanga",Pampanga,Central,(045) 961-0000 / 911,0,False,"Municipal, Civic & Landmark Building",Public Infrastructure & Community Landmark
Seventea's,supermarket,15.306231,120.857802,"Pampanga, Pampanga",Pampanga,Central,(045) 961-0000 / 911,0,False,Commercial & Retail Supplies Hub,Commercial & Retail Establishment · cafe
Lawang Kupang TODA,government,15.316993,120.86492,"Pampanga, Pampanga",Pampanga,Central,(045) 961-0000 / 911,0,False,"Municipal, Civic & Landmark Building",Public Infrastructure & Community Landmark
Convenience Store,supermarket,15.307169,120.858253,"Pampanga, Pampanga",Pampanga,Central,(045) 961-0000 / 911,0,False,Commercial & Retail Supplies Hub,Commercial & Retail Establishment · convenience
Central Terminal,government,15.313255,120.84304,"Zaragoza - San Antonio Road, Pampanga, Pampanga",Pampanga,Central,(045) 961-0000 / 911,0,False,"Municipal, Civic & Landmark Building",Public Infrastructure & Community Landmark
Mayflower,supermarket,15.304777,120.857838,"Pampanga, Pampanga",Pampanga,Central,(045) 961-0000 / 911,0,False,Commercial & Retail Supplies Hub,Commercial & Retail Establishment · florist
San Antonio High School,school,15.30404,120.856806,"Lamson Street, Pampanga, Pampanga",Pampanga,Central,(045) 961-0000 / 911,0,False,Evacuation Shelter / Education Facility,High-Ground Evacuation Shelter · Relief Goods Depot
7-Eleven,supermarket,15.307043,120.858326,"Pampanga, Pampanga",Pampanga,Central,(045) 961-0000 / 911,0,False,Commercial & Retail Supplies Hub,Commercial & Retail Establishment · convenience
Flying V,gas_station,15.304694,120.856371,"Pampanga, Pampanga",Pampanga,Central,(045) 961-0000 / 911,0,False,Fuel Station,Gasoline & Diesel Fuel · Operational Fuel Point
River View,government,15.304329,120.867929,"Pampanga, Pampanga",Pampanga,Central,(045) 961-0000 / 911,0,False,"Municipal, Civic & Landmark Building",Public Infrastructure & Community Landmark
Watsons,supermarket,15.303629,120.946089,"Pampanga, Pampanga",Pampanga,Central,(045) 961-0000 / 911,0,False,Commercial & Retail Supplies Hub,Commercial & Retail Establishment · beauty
Philippine National Police,police,15.306631,120.857832,"Pampanga, Pampanga",Pampanga,Central,117 / 911,0,False,Police Station / Law Enforcement,24/7 Security & Search and Rescue Standby
Penshoppe,supermarket,15.30351,120.945887,"Pampanga, Pampanga",Pampanga,Central,(045) 961-0000 / 911,0,False,Commercial & Retail Supplies Hub,Commercial & Retail Establishment · clothes
COOP,pharmacy,15.321957,120.877981,"Pampanga, Pampanga",Pampanga,Central,(045) 961-0000 / 911,0,False,Pharmacy & Medical Supplies,"First-Aid, Essential Medications & Antibiotics"
Maugat TODA,government,15.309399,120.859708,"Pampanga, Pampanga",Pampanga,Central,(045) 961-0000 / 911,0,False,"Municipal, Civic & Landmark Building",Public Infrastructure & Community Landmark
Lucky Prince,supermarket,15.305803,120.857433,"Pampanga, Pampanga",Pampanga,Central,(045) 961-0000 / 911,0,False,Commercial & Retail Supplies Hub,Commercial & Retail Establishment · bakery
Supermarket Store,supermarket,15.303282,120.945708,"Pampanga, Pampanga",Pampanga,Central,(045) 961-0000 / 911,0,False,Commercial & Retail Supplies Hub,Commercial & Retail Establishment · supermarket
Smart,government,15.303282,120.946055,"Pampanga, Pampanga",Pampanga,Central,(045) 961-0000 / 911,0,False,"Municipal, Civic & Landmark Building",Public Infrastructure & Community Landmark
Dunkin' Donuts,supermarket,15.303263,120.945979,"Pampanga, Pampanga",Pampanga,Central,(045) 961-0000 / 911,0,False,Commercial & Retail Supplies Hub,Commercial & Retail Establishment · bakery
Mobile_phone Store,supermarket,15.303596,120.946005,"Pampanga, Pampanga",Pampanga,Central,(045) 961-0000 / 911,0,False,Commercial & Retail Supplies Hub,Commercial & Retail Establishment · mobile_phone
After Six Lugawan,supermarket,15.322691,120.905006,"Pampanga, Pampanga",Pampanga,Central,(045) 961-0000 / 911,0,False,Commercial & Retail Supplies Hub,Commercial & Retail Establishment · fast_food
Pharmacy & Medical Supplies,pharmacy,15.306755,120.857837,"Pampanga, Pampanga",Pampanga,Central,(045) 961-0000 / 911,0,False,Pharmacy & Medical Supplies,"First-Aid, Essential Medications & Antibiotics"
Convenience Store,supermarket,15.302874,120.859909,"Pampanga, Pampanga",Pampanga,Central,(045) 961-0000 / 911,0,False,Commercial & Retail Supplies Hub,Commercial & Retail Establishment · convenience
San Antonio Police Station,police,15.307441,120.856829,"Pampanga, Pampanga",Pampanga,Central,117 / 911,0,False,Police Station / Law Enforcement,24/7 Security & Search and Rescue Standby
Fuel & Gas Station,gas_station,15.307175,120.858426,"Pampanga, Pampanga",Pampanga,Central,(045) 961-0000 / 911,0,False,Fuel Station,Gasoline & Diesel Fuel · Operational Fuel Point
Saint Paul School of San Antonio,school,15.30294,120.857255,"N. Cando Street, Pampanga, Pampanga",Pampanga,Central,(045) 961-0000 / 911,0,False,Evacuation Shelter / Education Facility,High-Ground Evacuation Shelter · Relief Goods Depot
Mercado Health Center,hospital,14.823017,120.725465,"Pampanga, Pampanga",Pampanga,Central,(045) 961-0000 / 911,20,False,Primary Health Clinic / RHU,20 Beds · Hotline: (045) 961-0000 / 911
Meralco Collection Office,government,14.843104,120.810446,"Malolos, Pampanga",Malolos,Central,(045) 961-0000 / 911,0,False,"Municipal, Civic & Landmark Building",Public Infrastructure & Community Landmark
Jeepney Terminal: Hagonoy - Malolos Bayan,government,14.835603,120.733817,"Pampanga, Pampanga",Pampanga,Central,(045) 961-0000 / 911,0,False,"Municipal, Civic & Landmark Building",Public Infrastructure & Community Landmark
Hagonoy RHU II,hospital,14.816109,120.729493,"Pampanga, Pampanga",Pampanga,Central,(045) 961-0000 / 911,20,False,Primary Health Clinic / RHU,20 Beds · Hotline: (045) 961-0000 / 911
Jeepney Terminal: Hagonoy - BSU/Malolos Crossing,government,14.836432,120.733887,"Pampanga, Pampanga",Pampanga,Central,(045) 961-0000 / 911,0,False,"Municipal, Civic & Landmark Building",Public Infrastructure & Community Landmark
Jeepney Terminal: Hagonoy - Robinsons Malolos,government,14.836741,120.734164,"Pampanga, Pampanga",Pampanga,Central,(045) 961-0000 / 911,0,False,"Municipal, Civic & Landmark Building",Public Infrastructure & Community Landmark
Caroline's Ice Cream House,government,14.83461,120.733422,"J. P. Rizal Street, Pampanga, Pampanga",Pampanga,Central,(045) 961-0000 / 911,0,False,"Municipal, Civic & Landmark Building",Public Infrastructure & Community Landmark
Mikohiro Money Changer,government,14.834314,120.733557,"Pampanga, Pampanga",Pampanga,Central,(045) 961-0000 / 911,0,False,"Municipal, Civic & Landmark Building",Public Infrastructure & Community Landmark
Producers Bank,supermarket,14.832216,120.733935,"Pampanga, Pampanga",Pampanga,Central,(045) 961-0000 / 911,0,False,Commercial & Retail Supplies Hub,Commercial & Retail Establishment · atm
Rural Bank of Pandi,supermarket,14.832401,120.734405,"Pampanga, Pampanga",Pampanga,Central,(045) 961-0000 / 911,0,False,Commercial & Retail Supplies Hub,Commercial & Retail Establishment · bank
Harmony Bakeshop,supermarket,14.832073,120.734273,"Pampanga, Pampanga",Pampanga,Central,(045) 961-0000 / 911,0,False,Commercial & Retail Supplies Hub,Commercial & Retail Establishment · bakery
United Methodist Church,government,14.832444,120.734743,"Pampanga, Pampanga",Pampanga,Central,(045) 961-0000 / 911,0,False,"Municipal, Civic & Landmark Building",Public Infrastructure & Community Landmark
China Bank Savings,supermarket,14.833775,120.734368,"Mabini Street, Pampanga, Pampanga",Pampanga,Central,(045) 961-0000 / 911,0,False,Commercial & Retail Supplies Hub,Commercial & Retail Establishment · atm
Teleponinos Phone and Gadgets,supermarket,14.832264,120.734402,"Pampanga, Pampanga",Pampanga,Central,(045) 961-0000 / 911,0,False,Commercial & Retail Supplies Hub,Commercial & Retail Establishment · mobile_phone
May Mall Boutique,supermarket,14.832154,120.734461,"Pampanga, Pampanga",Pampanga,Central,(045) 961-0000 / 911,0,False,Commercial & Retail Supplies Hub,Commercial & Retail Establishment · department_store
Arnold Repair Shop,supermarket,14.831879,120.734842,"J. P. Rizal Street, Pampanga, Pampanga",Pampanga,Central,(045) 961-0000 / 911,0,False,Commercial & Retail Supplies Hub,Commercial & Retail Establishment · motorcycle
TGP,pharmacy,14.83188,120.739189,"Pampanga, Pampanga",Pampanga,Central,(045) 961-0000 / 911,0,False,Pharmacy & Medical Supplies,"First-Aid, Essential Medications & Antibiotics"
Aldous Grill and Restobar,government,14.832409,120.733829,"Pampanga, Pampanga",Pampanga,Central,(045) 961-0000 / 911,0,False,"Municipal, Civic & Landmark Building",Public Infrastructure & Community Landmark
East Coast Rural Bank of Hagonoy,supermarket,14.837272,120.735181,"Pampanga, Pampanga",Pampanga,Central,(045) 961-0000 / 911,0,False,Commercial & Retail Supplies Hub,Commercial & Retail Establishment · bank
Charhargerca Automotive Maintenance Services,supermarket,14.830818,120.733306,"Pampanga, Pampanga",Pampanga,Central,(045) 961-0000 / 911,0,False,Commercial & Retail Supplies Hub,Commercial & Retail Establishment · car_repair
Shell,gas_station,14.818965,120.7262,"Pampanga, Pampanga",Pampanga,Central,(045) 961-0000 / 911,0,False,Fuel Station,Gasoline & Diesel Fuel · Operational Fuel Point
Bayad Center,supermarket,14.837233,120.734131,"Pampanga, Pampanga",Pampanga,Central,(045) 961-0000 / 911,0,False,Commercial & Retail Supplies Hub,Commercial & Retail Establishment · bank
Cloud Hub Vape Shop,supermarket,14.839355,120.751771,"Pampanga, Pampanga",Pampanga,Central,(045) 961-0000 / 911,0,False,Commercial & Retail Supplies Hub,Commercial & Retail Establishment · electronics
Residencia de Ramirez,government,14.839091,120.73678,"Pampanga, Pampanga",Pampanga,Central,(045) 961-0000 / 911,0,False,"Municipal, Civic & Landmark Building",Public Infrastructure & Community Landmark
Hagonoy Development Credit Cooperative,supermarket,14.83618,120.732934,"Santo Niño, Pampanga, Pampanga",Pampanga,Central,(045) 961-0000 / 911,0,False,Commercial & Retail Supplies Hub,Commercial & Retail Establishment · bank
Mercury Drug,pharmacy,15.050871,120.700461,"Jose Abad Santos Avenue, Mexico, Pampanga",Mexico,Central,(045) 961-0000 / 911,0,False,Pharmacy & Medical Supplies,"First-Aid, Essential Medications & Antibiotics"
Orotel,government,15.050958,120.700631,"Jose Abad Santos Avenue, Mexico, Pampanga",Mexico,Central,(045) 961-0000 / 911,0,False,"Municipal, Civic & Landmark Building",Public Infrastructure & Community Landmark
Jeepney Terminal,government,14.881792,120.866436,"Pampanga, Pampanga",Pampanga,Central,(045) 961-0000 / 911,0,False,"Municipal, Civic & Landmark Building",Public Infrastructure & Community Landmark
Mercado Barangay Outpost,police,14.828395,120.727434,"Pampanga, Pampanga",Pampanga,Central,117 / 911,0,False,Police Station / Law Enforcement,24/7 Security & Search and Rescue Standby
7-Eleven,supermarket,14.867053,120.82115,"Mabini Street, Pampanga, Pampanga",Pampanga,Central,(045) 961-0000 / 911,0,False,Commercial & Retail Supplies Hub,Commercial & Retail Establishment · convenience
Land Bank & RCBC,supermarket,14.843687,120.811065,"Pampanga, Pampanga",Pampanga,Central,(045) 961-0000 / 911,0,False,Commercial & Retail Supplies Hub,Commercial & Retail Establishment · atm
LANDBANK,supermarket,14.836494,120.787875,"Pampanga, Pampanga",Pampanga,Central,(045) 961-0000 / 911,0,False,Commercial & Retail Supplies Hub,Commercial & Retail Establishment · atm
Russel's Electronics,supermarket,14.832463,120.734284,"Pampanga, Pampanga",Pampanga,Central,(045) 961-0000 / 911,0,False,Commercial & Retail Supplies Hub,Commercial & Retail Establishment · electronics
Handyman,supermarket,14.85044,120.823382,"Pampanga, Pampanga",Pampanga,Central,(045) 961-0000 / 911,0,False,Commercial & Retail Supplies Hub,Commercial & Retail Establishment · hardware
Brilliant Montessorians School,school,15.309946,120.911415,"Cecilio Street, Pampanga, Pampanga",Pampanga,Central,+63 927 970 7460,0,False,Evacuation Shelter / Education Facility,High-Ground Evacuation Shelter · Relief Goods Depot
Jeepney Terminal: Malolos - Paombong,government,14.843442,120.810657,"Pampanga, Pampanga",Pampanga,Central,(045) 961-0000 / 911,0,False,"Municipal, Civic & Landmark Building",Public Infrastructure & Community Landmark
ALDC Auto Supply & Gen. Merchandise,supermarket,14.840395,120.742445,"Pampanga, Pampanga",Pampanga,Central,(045) 961-0000 / 911,0,False,Commercial & Retail Supplies Hub,Commercial & Retail Establishment · car_repair
Paulina's Eatery,supermarket,14.838236,120.784553,"Pampanga, Pampanga",Pampanga,Central,(045) 961-0000 / 911,0,False,Commercial & Retail Supplies Hub,Commercial & Retail Establishment · restaurant
Zipbee Food House,supermarket,14.83486,120.789064,"Poblacion Road, Pampanga, Pampanga",Pampanga,Central,(045) 961-0000 / 911,0,False,Commercial & Retail Supplies Hub,Commercial & Retail Establishment · restaurant
Daily Bread & Sweets,supermarket,14.837022,120.789204,"Paombong Provincial Road, Pampanga, Pampanga",Pampanga,Central,(045) 961-0000 / 911,0,False,Commercial & Retail Supplies Hub,Commercial & Retail Establishment · bakery
aeropark,supermarket,15.180302,120.574376,"Pampanga, Pampanga",Pampanga,Central,(045) 961-0000 / 911,0,False,Commercial & Retail Supplies Hub,Commercial & Retail Establishment · department_store
Dongwang,government,15.181391,120.510229,"Pampanga, Pampanga",Pampanga,Central,(045) 961-0000 / 911,0,False,"Municipal, Civic & Landmark Building",Public Infrastructure & Community Landmark
chapel of dampol 2nd b,government,14.902586,120.806441,"Pampanga, Pampanga",Pampanga,Central,(045) 961-0000 / 911,0,False,"Municipal, Civic & Landmark Building",Public Infrastructure & Community Landmark
emil barbershop,supermarket,14.90299,120.808842,"Pampanga, Pampanga",Pampanga,Central,+63 922 456 2828,0,False,Commercial & Retail Supplies Hub,Commercial & Retail Establishment · chemist
basketball court,government,14.902504,120.806443,"Pampanga, Pampanga",Pampanga,Central,(045) 961-0000 / 911,0,False,"Municipal, Civic & Landmark Building",Public Infrastructure & Community Landmark
Motherdear Catering,supermarket,14.900151,120.850598,"Mabini Street, Pampanga, Pampanga",Pampanga,Central,(045) 961-0000 / 911,0,False,Commercial & Retail Supplies Hub,Commercial & Retail Establishment · restaurant
Dau Px Shoppe,supermarket,14.844514,120.811268,"Pampanga, Pampanga",Pampanga,Central,(045) 961-0000 / 911,0,False,Commercial & Retail Supplies Hub,Commercial & Retail Establishment · clothes
BPI,supermarket,14.844557,120.81104,"Pampanga, Pampanga",Pampanga,Central,(045) 961-0000 / 911,0,False,Commercial & Retail Supplies Hub,Commercial & Retail Establishment · atm
BDO,supermarket,14.845041,120.812328,"Pampanga, Pampanga",Pampanga,Central,(045) 961-0000 / 911,0,False,Commercial & Retail Supplies Hub,Commercial & Retail Establishment · atm
Mediserve,pharmacy,14.843655,120.811765,"Pampanga, Pampanga",Pampanga,Central,(045) 961-0000 / 911,0,False,Pharmacy & Medical Supplies,"First-Aid, Essential Medications & Antibiotics"
Asia United Bank,supermarket,14.843462,120.813109,"M. Crisostomo Street, Pampanga, Pampanga",Pampanga,Central,(045) 961-0000 / 911,0,False,Commercial & Retail Supplies Hub,Commercial & Retail Establishment · bank
Asian United Bank,supermarket,14.843377,120.813183,"Pampanga, Pampanga",Pampanga,Central,(045) 961-0000 / 911,0,False,Commercial & Retail Supplies Hub,Commercial & Retail Establishment · atm
Kris P100,supermarket,14.843581,120.812828,"Pampanga, Pampanga",Pampanga,Central,(045) 961-0000 / 911,0,False,Commercial & Retail Supplies Hub,Commercial & Retail Establishment · department_store
B&W Daily Bread,supermarket,14.843827,120.812939,"Pampanga, Pampanga",Pampanga,Central,(045) 961-0000 / 911,0,False,Commercial & Retail Supplies Hub,Commercial & Retail Establishment · bakery
Vanessa Money Changer,government,14.843327,120.812187,"Pampanga, Pampanga",Pampanga,Central,(045) 961-0000 / 911,0,False,"Municipal, Civic & Landmark Building",Public Infrastructure & Community Landmark
Land Bank of the Philippines,supermarket,14.843765,120.813586,"Pampanga, Pampanga",Pampanga,Central,(045) 961-0000 / 911,0,False,Commercial & Retail Supplies Hub,Commercial & Retail Establishment · bank
Carlos-Simpao Optical,supermarket,14.9747,120.526629,"Santa Maria Street, Floridablanca, Pampanga",Floridablanca,Central,+63454340885,0,False,Commercial & Retail Supplies Hub,Commercial & Retail Establishment · optician
A&S,supermarket,15.307611,120.945042,"Pampanga, Pampanga",Pampanga,Central,(045) 961-0000 / 911,0,False,Commercial & Retail Supplies Hub,Commercial & Retail Establishment · convenience
Funenaria Angelica,supermarket,15.184912,120.58555,"MacArthur Highway, Pampanga, Pampanga",Pampanga,Central,(045) 961-0000 / 911,0,False,Commercial & Retail Supplies Hub,Commercial & Retail Establishment · funeral_directors
Duri,government,15.167918,120.589889,"MacArthur Highway, Pampanga, Pampanga",Pampanga,Central,(045) 961-0000 / 911,0,False,"Municipal, Civic & Landmark Building",Public Infrastructure & Community Landmark
Sinsu,government,15.165948,120.584848,"Teodoro Street, Pampanga, Pampanga",Pampanga,Central,(045) 961-0000 / 911,0,False,"Municipal, Civic & Landmark Building",Public Infrastructure & Community Landmark
Izagon's,supermarket,14.838032,120.784516,"Pampanga, Pampanga",Pampanga,Central,(045) 961-0000 / 911,0,False,Commercial & Retail Supplies Hub,Commercial & Retail Establishment · convenience
Carlos Fitness Center,government,14.964203,120.633387,"Pampanga, Pampanga",Pampanga,Central,(045) 961-0000 / 911,0,False,"Municipal, Civic & Landmark Building",Public Infrastructure & Community Landmark
Carlos-Simpao Optical,supermarket,14.96421,120.632638,"Senator Gil Puyat Avenue, Pampanga, Pampanga",Pampanga,Central,(045) 961-0000 / 911,0,False,Commercial & Retail Supplies Hub,Commercial & Retail Establishment · optician
Carlos-Simpao Optical,supermarket,14.964314,120.633646,"Aurelio Tolentino Street, Guagua, Pampanga",Guagua,Central,(045) 961-0000 / 911,0,False,Commercial & Retail Supplies Hub,Commercial & Retail Establishment · optician
Convenience Store,supermarket,15.318722,120.868133,"Pampanga, Pampanga",Pampanga,Central,(045) 961-0000 / 911,0,False,Commercial & Retail Supplies Hub,Commercial & Retail Establishment · convenience
Convenience Store,supermarket,15.317153,120.865732,"Pampanga, Pampanga",Pampanga,Central,(045) 961-0000 / 911,0,False,Commercial & Retail Supplies Hub,Commercial & Retail Establishment · convenience
Health Center & Medical Clinic,hospital,15.31482,120.863197,"Pampanga, Pampanga",Pampanga,Central,(045) 961-0000 / 911,20,False,Primary Health Clinic / RHU,20 Beds · Hotline: (045) 961-0000 / 911
Chooks To Go,supermarket,15.307649,120.945237,"Pampanga, Pampanga",Pampanga,Central,(045) 961-0000 / 911,0,False,Commercial & Retail Supplies Hub,Commercial & Retail Establishment · fast_food
Puregold,supermarket,15.306839,120.945536,"Cagayan Valley Road, Pampanga, Pampanga",Pampanga,Central,(045) 961-0000 / 911,0,False,Commercial & Retail Supplies Hub,Commercial & Retail Establishment · supermarket
STM Drug Mart,supermarket,15.307665,120.945092,"Pampanga, Pampanga",Pampanga,Central,(045) 961-0000 / 911,0,False,Commercial & Retail Supplies Hub,Commercial & Retail Establishment · convenience
Mercury Drug,pharmacy,15.307716,120.945152,"Jose Abad Santos Avenue, Pampanga, Pampanga",Pampanga,Central,(045) 961-0000 / 911,0,False,Pharmacy & Medical Supplies,"First-Aid, Essential Medications & Antibiotics"
Megasaver,supermarket,15.304492,120.946323,"Pampanga, Pampanga",Pampanga,Central,(045) 961-0000 / 911,0,False,Commercial & Retail Supplies Hub,Commercial & Retail Establishment · electronics
Ang Dating Daan,government,15.304411,120.574164,"Pampanga, Pampanga",Pampanga,Central,(045) 961-0000 / 911,0,False,"Municipal, Civic & Landmark Building",Public Infrastructure & Community Landmark
Mayfarm Bottled Water Station,supermarket,15.305547,120.575768,"Pampanga, Pampanga",Pampanga,Central,(045) 961-0000 / 911,0,False,Commercial & Retail Supplies Hub,Commercial & Retail Establishment · water
PC Square,supermarket,15.31362,120.949956,"Pampanga, Pampanga",Pampanga,Central,(045) 961-0000 / 911,0,False,Commercial & Retail Supplies Hub,Commercial & Retail Establishment · computer
Lio-Clean Store,supermarket,14.838249,120.813467,"Kantoboy Street, Pampanga, Pampanga",Pampanga,Central,(045) 961-0000 / 911,0,False,Commercial & Retail Supplies Hub,Commercial & Retail Establishment · convenience
FERNANDO's RESIDENCES,government,14.817158,120.824264,"Tawiran - Matimbo Diversion Road, Pampanga, Pampanga",Pampanga,Central,+63447972672,0,False,"Municipal, Civic & Landmark Building",Public Infrastructure & Community Landmark
"Gat Blas F. Ople Sentro ng Kabataan, Sining at Kultura ng Bulacan",government,14.855228,120.814583,"Pampanga, Pampanga",Pampanga,Central,(045) 961-0000 / 911,0,False,"Municipal, Civic & Landmark Building",Public Infrastructure & Community Landmark
PGB Commercial Building II,government,14.856203,120.815693,"Pampanga, Pampanga",Pampanga,Central,(045) 961-0000 / 911,0,False,"Municipal, Civic & Landmark Building",Public Infrastructure & Community Landmark
PNB - Malolos,supermarket,14.842488,120.810743,"Pampanga, Pampanga",Pampanga,Central,(045) 961-0000 / 911,0,False,Commercial & Retail Supplies Hub,Commercial & Retail Establishment · atm
Lubao International Hot Air Balloon Festival,government,14.88144,120.507433,"Pampanga, Pampanga",Pampanga,Central,(045) 961-0000 / 911,0,False,"Municipal, Civic & Landmark Building",Public Infrastructure & Community Landmark
Pandayan Bookshop,supermarket,14.964793,120.633027,"Pampanga, Pampanga",Pampanga,Central,(045) 961-0000 / 911,0,False,Commercial & Retail Supplies Hub,Commercial & Retail Establishment · books
Rural Bank of Jaen,supermarket,15.341361,120.916449,"Pampanga, Pampanga",Pampanga,Central,(045) 961-0000 / 911,0,False,Commercial & Retail Supplies Hub,Commercial & Retail Establishment · bank
New Bank of San Leonardo,supermarket,15.309121,120.906608,"Jose Abad Santos Avenue, Pampanga, Pampanga",Pampanga,Central,(045) 961-0000 / 911,0,False,Commercial & Retail Supplies Hub,Commercial & Retail Establishment · bank
CMC Bakery,supermarket,15.309117,120.905764,"Jose Abad Santos Avenue, Pampanga, Pampanga",Pampanga,Central,(045) 961-0000 / 911,0,False,Commercial & Retail Supplies Hub,Commercial & Retail Establishment · bakery
Minute Burger,supermarket,15.309198,120.905973,"Pampanga, Pampanga",Pampanga,Central,(045) 961-0000 / 911,0,False,Commercial & Retail Supplies Hub,Commercial & Retail Establishment · fast_food
Simon Photobooth & Digital Photography,supermarket,14.86912,120.467108,"Pampanga, Pampanga",Pampanga,Central,(045) 961-0000 / 911,0,False,Commercial & Retail Supplies Hub,Commercial & Retail Establishment · photo
BDO,supermarket,15.235091,120.844296,"Pampanga, Pampanga",Pampanga,Central,(045) 961-0000 / 911,0,False,Commercial & Retail Supplies Hub,Commercial & Retail Establishment · atm
Photoshoppe,supermarket,14.836215,120.733683,"Pampanga, Pampanga",Pampanga,Central,(045) 961-0000 / 911,0,False,Commercial & Retail Supplies Hub,Commercial & Retail Establishment · photo
KAHU General Merchandise,supermarket,14.849933,120.804364,"Pampanga, Pampanga",Pampanga,Central,(045) 961-0000 / 911,0,False,Commercial & Retail Supplies Hub,Commercial & Retail Establishment · hardware
Señorito's Broasted Chicken,supermarket,14.856333,120.812081,"Pampanga, Pampanga",Pampanga,Central,(045) 961-0000 / 911,0,False,Commercial & Retail Supplies Hub,Commercial & Retail Establishment · restaurant
Omorfos Skylos Kennel,supermarket,14.838112,120.784665,"Tabon Street, Pampanga, Pampanga",Pampanga,Central,+63 943 916 7456,0,False,Commercial & Retail Supplies Hub,Commercial & Retail Establishment · pet
Mabalacat City Disaster Risk Reduction Management Office,government,15.242833,120.563849,"Derrick Drive, Pampanga, Pampanga",Pampanga,Central,+63 998 999 4357,0,False,"Municipal, Civic & Landmark Building",Public Infrastructure & Community Landmark
Picnic_site Facility,government,15.138256,120.549772,"Pampanga, Pampanga",Pampanga,Central,(045) 961-0000 / 911,0,False,"Municipal, Civic & Landmark Building",Public Infrastructure & Community Landmark
La Casa Prima,government,15.16482,120.602765,"Don Rosauro Street, Angeles, Pampanga",Angeles,Central,+63 977 862 1037,0,False,"Municipal, Civic & Landmark Building",Public Infrastructure & Community Landmark
Chooks To Go,supermarket,14.840206,120.740427,"Pampanga, Pampanga",Pampanga,Central,(045) 961-0000 / 911,0,False,Commercial & Retail Supplies Hub,Commercial & Retail Establishment · fast_food
Suzuki Motors,supermarket,14.838601,120.739578,"Pampanga, Pampanga",Pampanga,Central,(045) 961-0000 / 911,0,False,Commercial & Retail Supplies Hub,Commercial & Retail Establishment · motorcycle
San Juan Bautista,government,15.324409,120.892875,"Niyugan, Jaen, Pampanga",Jaen,Central,(045) 961-0000 / 911,0,False,"Municipal, Civic & Landmark Building",Public Infrastructure & Community Landmark
Golden Key Construction Supply,supermarket,15.323995,120.589813,"Pampanga, Pampanga",Pampanga,Central,(045) 961-0000 / 911,0,False,Commercial & Retail Supplies Hub,Commercial & Retail Establishment · hardware
fahad's apartment,government,15.183588,120.586425,"Pampanga, Pampanga",Pampanga,Central,(045) 961-0000 / 911,0,False,"Municipal, Civic & Landmark Building",Public Infrastructure & Community Landmark
Provincial Training Center Tesda -Malolos,school,14.848083,120.813857,"Pampanga, Pampanga",Pampanga,Central,(045) 961-0000 / 911,0,False,Evacuation Shelter / Education Facility,High-Ground Evacuation Shelter · Relief Goods Depot
Iglesia ni Cristo,government,15.251088,120.652208,"Pampanga, Pampanga",Pampanga,Central,(045) 961-0000 / 911,0,False,"Municipal, Civic & Landmark Building",Public Infrastructure & Community Landmark
Trike Magalang-Dolores Terminal,government,15.213577,120.659476,"Pampanga, Pampanga",Pampanga,Central,(045) 961-0000 / 911,0,False,"Municipal, Civic & Landmark Building",Public Infrastructure & Community Landmark
Emily Store,supermarket,15.251243,120.651833,"Pampanga, Pampanga",Pampanga,Central,(045) 961-0000 / 911,0,False,Commercial & Retail Supplies Hub,Commercial & Retail Establishment · convenience
Jeremiah United Methodist Church,government,15.251605,120.652501,"Pampanga, Pampanga",Pampanga,Central,(045) 961-0000 / 911,0,False,"Municipal, Civic & Landmark Building",Public Infrastructure & Community Landmark
Lyn Store,supermarket,15.251299,120.65193,"Pampanga, Pampanga",Pampanga,Central,(045) 961-0000 / 911,0,False,Commercial & Retail Supplies Hub,Commercial & Retail Establishment · convenience
Trike Terminal,government,15.251402,120.652055,"Pampanga, Pampanga",Pampanga,Central,(045) 961-0000 / 911,0,False,"Municipal, Civic & Landmark Building",Public Infrastructure & Community Landmark
Trike Magalang - San Miguel Terminal,government,15.213652,120.65947,"Pampanga, Pampanga",Pampanga,Central,(045) 961-0000 / 911,0,False,"Municipal, Civic & Landmark Building",Public Infrastructure & Community Landmark
Rochelven Store & Hot Pandesal,supermarket,15.213183,120.657305,"Pampanga, Pampanga",Pampanga,Central,(045) 961-0000 / 911,0,False,Commercial & Retail Supplies Hub,Commercial & Retail Establishment · bakery
Friendship United Methodist Church,school,15.162217,120.557608,"Pampanga, Pampanga",Pampanga,Central,(045) 961-0000 / 911,0,False,Evacuation Shelter / Education Facility,High-Ground Evacuation Shelter · Relief Goods Depot
Kalye Sikanan (Crossfit),government,15.144372,120.560553,"Pampanga, Pampanga",Pampanga,Central,(045) 961-0000 / 911,0,False,"Municipal, Civic & Landmark Building",Public Infrastructure & Community Landmark
Gustav,supermarket,15.046422,120.690616,"Pampanga, Pampanga",Pampanga,Central,(045) 961-0000 / 911,0,False,Commercial & Retail Supplies Hub,Commercial & Retail Establishment · restaurant
Ichiban Smokegrill and Buffet,supermarket,15.046308,120.69054,"Pampanga, Pampanga",Pampanga,Central,(045) 961-0000 / 911,0,False,Commercial & Retail Supplies Hub,Commercial & Retail Establishment · restaurant
Kannada resort,government,14.875722,120.838689,"Pampanga, Pampanga",Pampanga,Central,(045) 961-0000 / 911,0,False,"Municipal, Civic & Landmark Building",Public Infrastructure & Community Landmark
Pastry Chef,supermarket,14.893636,120.866174,"Pampanga, Pampanga",Pampanga,Central,(045) 961-0000 / 911,0,False,Commercial & Retail Supplies Hub,Commercial & Retail Establishment · restaurant
7-Eleven,supermarket,15.030976,120.714694,"North Luzon Expressway, San Fernando, Pampanga",San Fernando,Central,(045) 961-0000 / 911,0,False,Commercial & Retail Supplies Hub,Commercial & Retail Establishment · convenience
Haplos Ginhawa Spa,supermarket,14.880769,120.86063,"Tabang Local Road, Pampanga, Pampanga",Pampanga,Central,+63 975 252 0221,0,False,Commercial & Retail Supplies Hub,Commercial & Retail Establishment · massage
Legs Trading,supermarket,14.816287,120.909301,"Pampanga, Pampanga",Pampanga,Central,(045) 961-0000 / 911,0,False,Commercial & Retail Supplies Hub,Commercial & Retail Establishment · car_parts
Dr. Joyner,hospital,15.251661,120.653346,"Pampanga, Pampanga",Pampanga,Central,(045) 961-0000 / 911,20,False,Primary Health Clinic / RHU,20 Beds · Hotline: (045) 961-0000 / 911
TailG E-Bike,supermarket,15.146034,120.588844,"Angeles, Pampanga",Angeles,Central,(045) 961-0000 / 911,0,False,Commercial & Retail Supplies Hub,Commercial & Retail Establishment · bicycle
TailG E-BIKE,supermarket,15.0333,120.687994,"Pampanga, Pampanga",Pampanga,Central,(045) 961-0000 / 911,0,False,Commercial & Retail Supplies Hub,Commercial & Retail Establishment · bicycle
Tailg E-Bike,supermarket,15.175368,120.588001,"MacArthur Highway, Barangay Dau, Mabalacat, Pampanga",Mabalacat,Dau,(045) 961-0000 / 911,0,False,Commercial & Retail Supplies Hub,Commercial & Retail Establishment · bicycle
KOB Gamefarm,government,15.296245,120.849534,"Santo Cristo, San Antonio, Pampanga",San Antonio,Central,(045) 961-0000 / 911,0,False,"Municipal, Civic & Landmark Building",Public Infrastructure & Community Landmark
Gino Go Gamefarm,government,15.310289,120.84954,"San Antonio, Pampanga",San Antonio,Central,(045) 961-0000 / 911,0,False,"Municipal, Civic & Landmark Building",Public Infrastructure & Community Landmark
AB-JER Gamefarm,government,15.333165,120.906073,"Sapang, Jaen, Pampanga",Jaen,Central,(045) 961-0000 / 911,0,False,"Municipal, Civic & Landmark Building",Public Infrastructure & Community Landmark
SARC Coliseum,government,15.314213,120.842185,"Pampanga, Pampanga",Pampanga,Central,(045) 961-0000 / 911,0,False,"Municipal, Civic & Landmark Building",Public Infrastructure & Community Landmark
Sangguniang Pambarangay ng Iba-Ibayo,government,14.870309,120.771666,"Iba-Longos Road, Pampanga, Pampanga",Pampanga,Central,(045) 961-0000 / 911,0,False,"Municipal, Civic & Landmark Building",Public Infrastructure & Community Landmark
Iba Covered Court,government,14.877855,120.761638,"Pampanga, Pampanga",Pampanga,Central,(045) 961-0000 / 911,0,False,"Municipal, Civic & Landmark Building",Public Infrastructure & Community Landmark
Iba-Ibayo Health Center,hospital,14.87032,120.771709,"Pampanga, Pampanga",Pampanga,Central,(045) 961-0000 / 911,20,False,Primary Health Clinic / RHU,20 Beds · Hotline: (045) 961-0000 / 911
Metrobank,supermarket,15.179149,120.587181,"MacArthur Highway, Pampanga, Pampanga",Pampanga,Central,(045) 961-0000 / 911,0,False,Commercial & Retail Supplies Hub,Commercial & Retail Establishment · bank
St. Louie Memorial Chapel,supermarket,15.20311,120.580395,"Mabalacat, Pampanga",Mabalacat,Central,(045) 961-0000 / 911,0,False,Commercial & Retail Supplies Hub,Commercial & Retail Establishment · funeral_directors
Cabiao Municipal Hall,government,15.252518,120.859915,"Jose Abad Santos Avenue, Cabiao, Nueva Ecija, Pampanga","Cabiao, Nueva Ecija",Central,(045) 961-0000 / 911,0,False,"Municipal, Civic & Landmark Building",Public Infrastructure & Community Landmark
Hardware Store,supermarket,15.144719,120.559369,"Pampanga, Pampanga",Pampanga,Central,(045) 961-0000 / 911,0,False,Commercial & Retail Supplies Hub,Commercial & Retail Establishment · hardware
Barneys Burger,supermarket,15.130157,120.574104,"Pampanga, Pampanga",Pampanga,Central,(045) 961-0000 / 911,0,False,Commercial & Retail Supplies Hub,Commercial & Retail Establishment · cafe
La Verdad Christian School and Colleges,school,14.959367,120.759233,"Pampanga, Pampanga",Pampanga,Central,(045) 961-0000 / 911,0,False,Evacuation Shelter / Education Facility,High-Ground Evacuation Shelter · Relief Goods Depot
kwik n klin,government,14.952283,120.62804,"Pampanga, Pampanga",Pampanga,Central,(045) 961-0000 / 911,0,False,"Municipal, Civic & Landmark Building",Public Infrastructure & Community Landmark
central town,supermarket,15.129791,120.574317,"Friendship Highway, Pampanga, Pampanga",Pampanga,Central,(045) 961-0000 / 911,0,False,Commercial & Retail Supplies Hub,Commercial & Retail Establishment · restaurant
7-Eleven,supermarket,15.143662,120.559134,"Pampanga, Pampanga",Pampanga,Central,(045) 961-0000 / 911,0,False,Commercial & Retail Supplies Hub,Commercial & Retail Establishment · convenience
Saleh,government,15.165919,120.582927,"Narciso Street, Pampanga, Pampanga",Pampanga,Central,(045) 961-0000 / 911,0,False,"Municipal, Civic & Landmark Building",Public Infrastructure & Community Landmark
7-Eleven,supermarket,15.136641,120.586161,"Pampanga, Pampanga",Pampanga,Central,(045) 961-0000 / 911,0,False,Commercial & Retail Supplies Hub,Commercial & Retail Establishment · convenience
Seaoil,gas_station,14.930677,120.887423,"Pampanga, Pampanga",Pampanga,Central,(045) 961-0000 / 911,0,False,SEAOIL Station,Gasoline & Diesel Fuel · SEAOIL
South Star Drug,pharmacy,14.954568,120.900019,"Pampanga, Pampanga",Pampanga,Central,(045) 961-0000 / 911,0,False,Pharmacy & Medical Supplies,"First-Aid, Essential Medications & Antibiotics"
Pandayan Bookshop,supermarket,14.95244,120.900705,"Pampanga, Pampanga",Pampanga,Central,(045) 961-0000 / 911,0,False,Commercial & Retail Supplies Hub,Commercial & Retail Establishment · books
Mercury Drug,pharmacy,14.953983,120.901178,"Baliuag, Pampanga",Baliuag,Central,(045) 961-0000 / 911,0,False,Pharmacy & Medical Supplies,"First-Aid, Essential Medications & Antibiotics"
Pandayan Bookstore,supermarket,15.252233,120.859305,"Pampanga, Pampanga",Pampanga,Central,(045) 961-0000 / 911,0,False,Commercial & Retail Supplies Hub,Commercial & Retail Establishment · books
Andok's Manok,supermarket,15.25106,120.858677,"Pampanga, Pampanga",Pampanga,Central,(045) 961-0000 / 911,0,False,Commercial & Retail Supplies Hub,Commercial & Retail Establishment · fast_food
Mercury Drug,pharmacy,15.253464,120.86006,"Pampanga, Pampanga",Pampanga,Central,(045) 961-0000 / 911,0,False,Pharmacy & Medical Supplies,"First-Aid, Essential Medications & Antibiotics"
GM Bank Cabiao,supermarket,15.253903,120.860245,"Pampanga, Pampanga",Pampanga,Central,(045) 961-0000 / 911,0,False,Commercial & Retail Supplies Hub,Commercial & Retail Establishment · bank
Banco de Oro - Cabiao,supermarket,15.250576,120.858626,"Pampanga, Pampanga",Pampanga,Central,(045) 961-0000 / 911,0,False,Commercial & Retail Supplies Hub,Commercial & Retail Establishment · bank
Rural Bank of Jaen,supermarket,15.247101,120.85721,"Pampanga, Pampanga",Pampanga,Central,(045) 961-0000 / 911,0,False,Commercial & Retail Supplies Hub,Commercial & Retail Establishment · bank
Lacsina-Mariano,supermarket,15.245847,120.85697,"Pampanga, Pampanga",Pampanga,Central,(045) 961-0000 / 911,0,False,Commercial & Retail Supplies Hub,Commercial & Retail Establishment · hardware
G. Mercado Marketing,supermarket,15.245782,120.856684,"Pampanga, Pampanga",Pampanga,Central,(045) 961-0000 / 911,0,False,Commercial & Retail Supplies Hub,Commercial & Retail Establishment · furniture
Jeliana,pharmacy,15.247145,120.857455,"Pampanga, Pampanga",Pampanga,Central,(045) 961-0000 / 911,0,False,Pharmacy & Medical Supplies,"First-Aid, Essential Medications & Antibiotics"
Vulcanizing,supermarket,15.245731,120.856875,"Pampanga, Pampanga",Pampanga,Central,(045) 961-0000 / 911,0,False,Commercial & Retail Supplies Hub,Commercial & Retail Establishment · car_repair
Merlin - Palawan Express,supermarket,15.248207,120.857609,"Pampanga, Pampanga",Pampanga,Central,(045) 961-0000 / 911,0,False,Commercial & Retail Supplies Hub,Commercial & Retail Establishment · pawnbroker
Lotto Outlet,supermarket,15.248329,120.857655,"Pampanga, Pampanga",Pampanga,Central,(045) 961-0000 / 911,0,False,Commercial & Retail Supplies Hub,Commercial & Retail Establishment · lottery
Dulce Rose Pharmacy,pharmacy,15.248415,120.857689,"Pampanga, Pampanga",Pampanga,Central,(045) 961-0000 / 911,0,False,Pharmacy & Medical Supplies,"First-Aid, Essential Medications & Antibiotics"
Villarica,supermarket,15.24854,120.857911,"Pampanga, Pampanga",Pampanga,Central,(045) 961-0000 / 911,0,False,Commercial & Retail Supplies Hub,Commercial & Retail Establishment · pawnbroker
Goldilocks,supermarket,15.248635,120.857901,"Pampanga, Pampanga",Pampanga,Central,(045) 961-0000 / 911,0,False,Commercial & Retail Supplies Hub,Commercial & Retail Establishment · bakery
Pawnbroker Store,supermarket,15.248935,120.858013,"Pampanga, Pampanga",Pampanga,Central,(045) 961-0000 / 911,0,False,Commercial & Retail Supplies Hub,Commercial & Retail Establishment · pawnbroker
Amor Drugstore,supermarket,15.24931,120.857942,"Pampanga, Pampanga",Pampanga,Central,(045) 961-0000 / 911,0,False,Commercial & Retail Supplies Hub,Commercial & Retail Establishment · chemist
Citizens Bank,supermarket,15.250341,120.858293,"Pampanga, Pampanga",Pampanga,Central,(045) 961-0000 / 911,0,False,Commercial & Retail Supplies Hub,Commercial & Retail Establishment · bank
Ace Hardware,supermarket,15.250725,120.858687,"Pampanga, Pampanga",Pampanga,Central,(045) 961-0000 / 911,0,False,Commercial & Retail Supplies Hub,Commercial & Retail Establishment · doityourself
Chow na,supermarket,15.252936,120.859861,"Pampanga, Pampanga",Pampanga,Central,(045) 961-0000 / 911,0,False,Commercial & Retail Supplies Hub,Commercial & Retail Establishment · restaurant
R.V.D. Hardware,supermarket,15.253794,120.860434,"Pampanga, Pampanga",Pampanga,Central,(045) 961-0000 / 911,0,False,Commercial & Retail Supplies Hub,Commercial & Retail Establishment · hardware
Velasquez,supermarket,15.254222,120.860657,"Pampanga, Pampanga",Pampanga,Central,(045) 961-0000 / 911,0,False,Commercial & Retail Supplies Hub,Commercial & Retail Establishment · funeral_directors
Jeds,supermarket,15.255045,120.860723,"Pampanga, Pampanga",Pampanga,Central,(045) 961-0000 / 911,0,False,Commercial & Retail Supplies Hub,Commercial & Retail Establishment · furniture
T.P. Vergara Construction Supply,supermarket,15.256949,120.862059,"Pampanga, Pampanga",Pampanga,Central,(045) 961-0000 / 911,0,False,Commercial & Retail Supplies Hub,Commercial & Retail Establishment · hardware
ABC Pizza,supermarket,15.25957,120.864207,"Pampanga, Pampanga",Pampanga,Central,(045) 961-0000 / 911,0,False,Commercial & Retail Supplies Hub,Commercial & Retail Establishment · restaurant
Savana Inn,government,15.266163,120.86981,"Pampanga, Pampanga",Pampanga,Central,(045) 961-0000 / 911,0,False,"Municipal, Civic & Landmark Building",Public Infrastructure & Community Landmark
Doha Inn,government,15.267235,120.869968,"Pampanga, Pampanga",Pampanga,Central,(045) 961-0000 / 911,0,False,"Municipal, Civic & Landmark Building",Public Infrastructure & Community Landmark
Health Sub Center,hospital,15.27076,120.874481,"Pampanga, Pampanga",Pampanga,Central,(045) 961-0000 / 911,20,False,Primary Health Clinic / RHU,20 Beds · Hotline: (045) 961-0000 / 911
C.N.E. Hardware,supermarket,15.273276,120.876086,"Pampanga, Pampanga",Pampanga,Central,(045) 961-0000 / 911,0,False,Commercial & Retail Supplies Hub,Commercial & Retail Establishment · hardware
Fuel Gold,gas_station,15.273402,120.876283,"Pampanga, Pampanga",Pampanga,Central,(045) 961-0000 / 911,0,False,Fuel Station,Gasoline & Diesel Fuel · Operational Fuel Point
Car_repair Store,supermarket,15.266895,120.870961,"Pampanga, Pampanga",Pampanga,Central,(045) 961-0000 / 911,0,False,Commercial & Retail Supplies Hub,Commercial & Retail Establishment · car_repair
San Fernando Norte Barangay Hall,government,15.272683,120.875777,"Pampanga, Pampanga",Pampanga,Central,(045) 961-0000 / 911,0,False,"Municipal, Civic & Landmark Building",Public Infrastructure & Community Landmark
LBC,government,15.308487,120.944827,"Pampanga, Pampanga",Pampanga,Central,(045) 961-0000 / 911,0,False,"Municipal, Civic & Landmark Building",Public Infrastructure & Community Landmark
Vzen General Merchandise,supermarket,15.307916,120.945285,"Jose Abad Santos Avenue, Pampanga, Pampanga",Pampanga,Central,+63 44 333 0214,0,False,Commercial & Retail Supplies Hub,Commercial & Retail Establishment · electronics
Cebuana Lhuillier,supermarket,15.307297,120.945556,"Cagayan Valley Road, Pampanga, Pampanga",Pampanga,Central,(045) 961-0000 / 911,0,False,Commercial & Retail Supplies Hub,Commercial & Retail Establishment · pawnbroker
Patio De Liz,government,15.306486,120.94565,"Pampanga, Pampanga",Pampanga,Central,(045) 961-0000 / 911,0,False,"Municipal, Civic & Landmark Building",Public Infrastructure & Community Landmark
Jaen Police Station,police,15.337103,120.909571,"Jaen, Pampanga",Jaen,Central,117 / 911,0,False,Police Station / Law Enforcement,24/7 Security & Search and Rescue Standby
BISAYA VULCANIZING SHOP,supermarket,15.312181,120.938699,"Pampanga, Pampanga",Pampanga,Central,(045) 961-0000 / 911,0,False,Commercial & Retail Supplies Hub,Commercial & Retail Establishment · tyres
Gapan Rehabilitation Center,government,15.311226,120.949909,"Pampanga, Pampanga",Pampanga,Central,(045) 961-0000 / 911,0,False,"Municipal, Civic & Landmark Building",Public Infrastructure & Community Landmark
The Beanery,supermarket,14.859552,120.471113,"Pampanga, Pampanga",Pampanga,Central,(045) 961-0000 / 911,0,False,Commercial & Retail Supplies Hub,Commercial & Retail Establishment · cafe
Chester Sigua Photography Studio,supermarket,15.154319,120.59678,"1st Street, Pampanga, Pampanga",Pampanga,Central,+63 908 862 7850,0,False,Commercial & Retail Supplies Hub,Commercial & Retail Establishment · photo
Bytesized Technologies,supermarket,15.154385,120.596735,"1st Street, Pampanga, Pampanga",Pampanga,Central,+63 908 862 7850,0,False,Commercial & Retail Supplies Hub,Commercial & Retail Establishment · electronics
Mendoza Place,supermarket,14.840917,120.84607,"Pampanga, Pampanga",Pampanga,Central,+63 919 533 6189,0,False,Commercial & Retail Supplies Hub,Commercial & Retail Establishment · furniture
La Teresita,government,15.165188,120.584251,"Pampanga, Pampanga",Pampanga,Central,(045) 961-0000 / 911,0,False,"Municipal, Civic & Landmark Building",Public Infrastructure & Community Landmark
Bureau of Immigration - Angeles Field Office,government,15.163324,120.609109,"Pampanga, Pampanga",Pampanga,Central,(045) 961-0000 / 911,0,False,"Municipal, Civic & Landmark Building",Public Infrastructure & Community Landmark
Casa Del Roque,government,15.165064,120.58408,"Pampanga, Pampanga",Pampanga,Central,(045) 961-0000 / 911,0,False,"Municipal, Civic & Landmark Building",Public Infrastructure & Community Landmark
Juanita's,government,15.164156,120.584982,"Pampanga, Pampanga",Pampanga,Central,(045) 961-0000 / 911,0,False,"Municipal, Civic & Landmark Building",Public Infrastructure & Community Landmark
Gossip,government,15.167298,120.588705,"Pampanga, Pampanga",Pampanga,Central,(045) 961-0000 / 911,0,False,"Municipal, Civic & Landmark Building",Public Infrastructure & Community Landmark
CLUB ASIA,government,15.16731,120.58881,"Pampanga, Pampanga",Pampanga,Central,(045) 961-0000 / 911,0,False,"Municipal, Civic & Landmark Building",Public Infrastructure & Community Landmark
Bada Story,government,15.167313,120.588929,"Walking Street, Angeles City, Pampanga",Angeles City,Central,(045) 961-0000 / 911,0,False,"Municipal, Civic & Landmark Building",Public Infrastructure & Community Landmark
Bunny Ranch,government,15.167143,120.58924,"Pampanga, Pampanga",Pampanga,Central,(045) 961-0000 / 911,0,False,"Municipal, Civic & Landmark Building",Public Infrastructure & Community Landmark
Western Fields,government,15.167222,120.589321,"Pampanga, Pampanga",Pampanga,Central,(045) 961-0000 / 911,0,False,"Municipal, Civic & Landmark Building",Public Infrastructure & Community Landmark
Mix KTV,government,15.167106,120.589403,"Pampanga, Pampanga",Pampanga,Central,(045) 961-0000 / 911,0,False,"Municipal, Civic & Landmark Building",Public Infrastructure & Community Landmark
Color,government,15.167562,120.588802,"Pampanga, Pampanga",Pampanga,Central,(045) 961-0000 / 911,0,False,"Municipal, Civic & Landmark Building",Public Infrastructure & Community Landmark
Para,government,15.167503,120.588847,"Pampanga, Pampanga",Pampanga,Central,(045) 961-0000 / 911,0,False,"Municipal, Civic & Landmark Building",Public Infrastructure & Community Landmark
Hollywood,government,15.167513,120.588956,"Pampanga, Pampanga",Pampanga,Central,(045) 961-0000 / 911,0,False,"Municipal, Civic & Landmark Building",Public Infrastructure & Community Landmark
Aura,government,15.167667,120.588952,"Pampanga, Pampanga",Pampanga,Central,(045) 961-0000 / 911,0,False,"Municipal, Civic & Landmark Building",Public Infrastructure & Community Landmark
Red Wind Mill,supermarket,15.167411,120.587811,"Pampanga, Pampanga",Pampanga,Central,(045) 961-0000 / 911,0,False,Commercial & Retail Supplies Hub,Commercial & Retail Establishment · restaurant
Sea Star,government,15.167437,120.587639,"Pampanga, Pampanga",Pampanga,Central,(045) 961-0000 / 911,0,False,"Municipal, Civic & Landmark Building",Public Infrastructure & Community Landmark
Apple,government,15.167389,120.587489,"Pampanga, Pampanga",Pampanga,Central,(045) 961-0000 / 911,0,False,"Municipal, Civic & Landmark Building",Public Infrastructure & Community Landmark
Bad Boy,government,15.16743,120.587529,"Pampanga, Pampanga",Pampanga,Central,(045) 961-0000 / 911,0,False,"Municipal, Civic & Landmark Building",Public Infrastructure & Community Landmark
RA,government,15.167271,120.588405,"Pampanga, Pampanga",Pampanga,Central,(045) 961-0000 / 911,0,False,"Municipal, Civic & Landmark Building",Public Infrastructure & Community Landmark
Rob's Gastropub + Sports,government,15.166514,120.587389,"Pampanga, Pampanga",Pampanga,Central,(045) 961-0000 / 911,0,False,"Municipal, Civic & Landmark Building",Public Infrastructure & Community Landmark
Wild Aces Poker Room,government,15.166355,120.587431,"Pampanga, Pampanga",Pampanga,Central,(045) 961-0000 / 911,0,False,"Municipal, Civic & Landmark Building",Public Infrastructure & Community Landmark
Blackbeard's,government,15.16607,120.587432,"Pampanga, Pampanga",Pampanga,Central,(045) 961-0000 / 911,0,False,"Municipal, Civic & Landmark Building",Public Infrastructure & Community Landmark
Valhalla,government,15.167178,120.586855,"Pampanga, Pampanga",Pampanga,Central,(045) 961-0000 / 911,0,False,"Municipal, Civic & Landmark Building",Public Infrastructure & Community Landmark
Red,government,15.167311,120.586781,"Pampanga, Pampanga",Pampanga,Central,(045) 961-0000 / 911,0,False,"Municipal, Civic & Landmark Building",Public Infrastructure & Community Landmark
Nice & Nawty Love Shop,supermarket,15.167293,120.58664,"Pampanga, Pampanga",Pampanga,Central,(045) 961-0000 / 911,0,False,Commercial & Retail Supplies Hub,Commercial & Retail Establishment · erotic
Foot Massage,supermarket,15.167286,120.586582,"Pampanga, Pampanga",Pampanga,Central,(045) 961-0000 / 911,0,False,Commercial & Retail Supplies Hub,Commercial & Retail Establishment · massage
Mulse,government,15.166888,120.586724,"Pampanga, Pampanga",Pampanga,Central,(045) 961-0000 / 911,0,False,"Municipal, Civic & Landmark Building",Public Infrastructure & Community Landmark
PNP Station 4 Tourist Centre,police,15.16679,120.584654,"Pampanga, Pampanga",Pampanga,Central,117 / 911,0,False,Police Station / Law Enforcement,24/7 Security & Search and Rescue Standby
Landbank,supermarket,14.815176,120.949968,"Governor F. Halili Avenue, Pampanga, Pampanga",Pampanga,Central,(045) 961-0000 / 911,0,False,Commercial & Retail Supplies Hub,Commercial & Retail Establishment · bank
BIR Marilao,government,14.81509,120.949934,"Pampanga, Pampanga",Pampanga,Central,(045) 961-0000 / 911,0,False,"Municipal, Civic & Landmark Building",Public Infrastructure & Community Landmark
Meysulao Seventh Day Adventist Church and Elementary School,government,14.903961,120.736928,"Macabebe-Calumpit-Apalit Road, Pampanga, Pampanga",Pampanga,Central,(045) 961-0000 / 911,0,False,"Municipal, Civic & Landmark Building",Public Infrastructure & Community Landmark
San Rafael Fire Station,fire_station,14.982169,120.927483,"Pampanga, Pampanga",Pampanga,Central,160 / 911,0,False,Fire & Rescue Station,Fire Pumper Engines & Emergency Water Rescue
Chachago,supermarket,14.839778,120.857963,"Pampanga, Pampanga",Pampanga,Central,(045) 961-0000 / 911,0,False,Commercial & Retail Supplies Hub,Commercial & Retail Establishment · fast_food
Nueva Ecija Provincial Prosecutors Office,government,15.292615,120.947778,"Pampanga, Pampanga",Pampanga,Central,(045) 961-0000 / 911,0,False,"Municipal, Civic & Landmark Building",Public Infrastructure & Community Landmark
"Regional Trial Court Branch № 87,34,35,36",government,15.292602,120.947738,"Gapan, Pampanga",Gapan,Central,(045) 961-0000 / 911,0,False,"Municipal, Civic & Landmark Building",Public Infrastructure & Community Landmark
Gapan Theatre,government,15.311785,120.94941,"Divina Pastora Street, Pampanga, Pampanga",Pampanga,Central,(045) 961-0000 / 911,0,False,"Municipal, Civic & Landmark Building",Public Infrastructure & Community Landmark
Philippine Mediation Center,government,15.292623,120.947827,"Gapan, Pampanga",Gapan,Central,(045) 961-0000 / 911,0,False,"Municipal, Civic & Landmark Building",Public Infrastructure & Community Landmark
Municipal Trial Court in Cities,government,15.292583,120.947651,"Gapan, Pampanga",Gapan,Central,(045) 961-0000 / 911,0,False,"Municipal, Civic & Landmark Building",Public Infrastructure & Community Landmark
San Jose Parish Church,government,14.883439,120.461062,"Angeles-Porac-Floridablanca-Dinalupihan Road, Pampanga, Pampanga",Pampanga,Central,(045) 961-0000 / 911,0,False,"Municipal, Civic & Landmark Building",Public Infrastructure & Community Landmark
Phoenix,gas_station,14.970394,120.60517,"Jose Abad Santos Avenue, Pampanga, Pampanga",Pampanga,Central,(045) 961-0000 / 911,0,False,Fuel Station,Gasoline & Diesel Fuel · Operational Fuel Point
Three Tailors Tailored Clothing,supermarket,15.136643,120.58731,"Santo Rosario Street, Pampanga, Pampanga",Pampanga,Central,+63 45 888 1363,0,False,Commercial & Retail Supplies Hub,Commercial & Retail Establishment · clothes
Jollibee,supermarket,14.867035,120.465333,"Pampanga, Pampanga",Pampanga,Central,(045) 961-0000 / 911,0,False,Commercial & Retail Supplies Hub,Commercial & Retail Establishment · fast_food
Jamaica Pharmacy,pharmacy,14.869104,120.46787,"Pampanga, Pampanga",Pampanga,Central,(045) 961-0000 / 911,0,False,Pharmacy & Medical Supplies,"First-Aid, Essential Medications & Antibiotics"
Cuevas Bakery,supermarket,14.84188,120.861246,"Pampanga, Pampanga",Pampanga,Central,(045) 961-0000 / 911,0,False,Commercial & Retail Supplies Hub,Commercial & Retail Establishment · bakery
Landbank,supermarket,15.302322,120.946865,"Pampanga, Pampanga",Pampanga,Central,(045) 961-0000 / 911,0,False,Commercial & Retail Supplies Hub,Commercial & Retail Establishment · atm
Lab Seventeen And Clinic,hospital,15.309667,120.946746,"Pampanga, Pampanga",Pampanga,Central,(045) 961-0000 / 911,20,False,Primary Health Clinic / RHU,20 Beds · Hotline: (045) 961-0000 / 911
Joson Clinic,hospital,15.310346,120.94755,"Pampanga, Pampanga",Pampanga,Central,(045) 961-0000 / 911,20,False,Primary Health Clinic / RHU,20 Beds · Hotline: (045) 961-0000 / 911
FISH AND MEAT SECTION,supermarket,15.024989,120.701534,"Pampanga, Pampanga",Pampanga,Central,(045) 961-0000 / 911,0,False,Commercial & Retail Supplies Hub,Commercial & Retail Establishment · seafood
Cleantech,gas_station,15.27668,120.948739,"Pampanga, Pampanga",Pampanga,Central,(045) 961-0000 / 911,0,False,Fuel Station,Gasoline & Diesel Fuel · Operational Fuel Point
Department of Education,government,15.307765,120.94654,"Don Simeon Street, Pampanga, Pampanga",Pampanga,Central,(045) 961-0000 / 911,0,False,"Municipal, Civic & Landmark Building",Public Infrastructure & Community Landmark
First Bakery,supermarket,15.309956,120.946234,"Pampanga, Pampanga",Pampanga,Central,(045) 961-0000 / 911,0,False,Commercial & Retail Supplies Hub,Commercial & Retail Establishment · bakery
"San Fernando District Jail, Male Dormitory Unit",government,15.023413,120.68589,"San Fernando, Pampanga",San Fernando,Central,(045) 961-0000 / 911,0,False,"Municipal, Civic & Landmark Building",Public Infrastructure & Community Landmark
ACG Auto Service Center,supermarket,15.30543,120.943877,"Consuelo Street, Pampanga, Pampanga",Pampanga,Central,(045) 961-0000 / 911,0,False,Commercial & Retail Supplies Hub,Commercial & Retail Establishment · car_parts
Mercury Drug,pharmacy,15.308221,120.945553,"Tinio Street, Pampanga, Pampanga",Pampanga,Central,(045) 961-0000 / 911,0,False,Pharmacy & Medical Supplies,"First-Aid, Essential Medications & Antibiotics"
Duque Clinic,hospital,15.311098,120.94814,"Pampanga, Pampanga",Pampanga,Central,(045) 961-0000 / 911,20,False,Primary Health Clinic / RHU,20 Beds · Hotline: (045) 961-0000 / 911
PUTI CAR PARTS AND ACCESSORIES,supermarket,15.306016,120.943913,"Pampanga, Pampanga",Pampanga,Central,(045) 961-0000 / 911,0,False,Commercial & Retail Supplies Hub,Commercial & Retail Establishment · car_parts
KYOTO,government,15.303105,120.94369,"Pampanga, Pampanga",Pampanga,Central,(045) 961-0000 / 911,0,False,"Municipal, Civic & Landmark Building",Public Infrastructure & Community Landmark
Jhepoy Lapaz Club,government,14.82968,120.733964,"Pampanga, Pampanga",Pampanga,Central,(045) 961-0000 / 911,0,False,"Municipal, Civic & Landmark Building",Public Infrastructure & Community Landmark
Pagibig fund,supermarket,14.850731,120.82085,"Pampanga, Pampanga",Pampanga,Central,(045) 961-0000 / 911,0,False,Commercial & Retail Supplies Hub,Commercial & Retail Establishment · bank
Guest_house Facility,government,15.29964,120.949229,"Pampanga, Pampanga",Pampanga,Central,(045) 961-0000 / 911,0,False,"Municipal, Civic & Landmark Building",Public Infrastructure & Community Landmark
Petron,gas_station,15.162258,120.58399,"Pampanga, Pampanga",Pampanga,Central,(045) 961-0000 / 911,0,False,Fuel Station,Gasoline & Diesel Fuel · Operational Fuel Point
ACABAR marketing,supermarket,15.040917,120.678693,"Pampanga, Pampanga",Pampanga,Central,(045) 961-0000 / 911,0,False,Commercial & Retail Supplies Hub,Commercial & Retail Establishment · travel_agency
Titojheng General Merchandise,supermarket,15.222589,120.574771,"MacArthur Highway, Pampanga, Pampanga",Pampanga,Central,+63 45 458 3977,0,False,Commercial & Retail Supplies Hub,Commercial & Retail Establishment · convenience
Guest_house Facility,government,15.304051,120.944293,"Pampanga, Pampanga",Pampanga,Central,(045) 961-0000 / 911,0,False,"Municipal, Civic & Landmark Building",Public Infrastructure & Community Landmark
Kuya Vic,supermarket,15.083823,120.664131,"Pampanga, Pampanga",Pampanga,Central,(045) 961-0000 / 911,0,False,Commercial & Retail Supplies Hub,Commercial & Retail Establishment · beverages
Petron,gas_station,15.161086,120.615342,"Magalang-Angeles Road, Pampanga, Pampanga",Pampanga,Central,(045) 961-0000 / 911,0,False,Petron Station,Gasoline & Diesel Fuel · Petron
Petron,gas_station,14.890998,120.702309,"Barangay San Isidro Matua, Masantol, Pampanga",Masantol,San Isidro Matua,(045) 961-0000 / 911,0,False,Petron Station,Gasoline & Diesel Fuel · Petron
Advent School Foundation,school,15.222047,120.861813,"Brgy. Sinipit, Pampanga, Pampanga",Pampanga,Central,(045) 961-0000 / 911,0,False,Evacuation Shelter / Education Facility,High-Ground Evacuation Shelter · Relief Goods Depot
Petron,gas_station,14.977881,120.533896,"Floridablanca Road, Pampanga, Pampanga",Pampanga,Central,(045) 961-0000 / 911,0,False,Petron Station,Gasoline & Diesel Fuel · Petron
USSC,government,14.862821,120.93784,"Balagtas-Pandi Road, Pampanga, Pampanga",Pampanga,Central,+639423818743,0,False,"Municipal, Civic & Landmark Building",Public Infrastructure & Community Landmark
Western Union,government,14.819947,120.904492,"MacArthur Highway, Pampanga, Pampanga",Pampanga,Central,(045) 961-0000 / 911,0,False,"Municipal, Civic & Landmark Building",Public Infrastructure & Community Landmark
St. Peter College of Technology,school,15.341493,120.5944,"Pampanga, Pampanga",Pampanga,Central,(045) 961-0000 / 911,0,False,Evacuation Shelter / Education Facility,High-Ground Evacuation Shelter · Relief Goods Depot
Capas Baptist Church,government,15.341644,120.594435,"Pampanga, Pampanga",Pampanga,Central,(045) 961-0000 / 911,0,False,"Municipal, Civic & Landmark Building",Public Infrastructure & Community Landmark
Sinipit Barangay Hall,government,15.219516,120.86123,"Pampanga, Pampanga",Pampanga,Central,(045) 961-0000 / 911,0,False,"Municipal, Civic & Landmark Building",Public Infrastructure & Community Landmark
Spiral Cafe,government,15.342082,120.593656,"MacArthur Highway, Pampanga, Pampanga",Pampanga,Central,(045) 961-0000 / 911,0,False,"Municipal, Civic & Landmark Building",Public Infrastructure & Community Landmark
National Irrigation Administration,government,14.865574,120.461514,"Pampanga, Pampanga",Pampanga,Central,(045) 961-0000 / 911,0,False,"Municipal, Civic & Landmark Building",Public Infrastructure & Community Landmark
The Country Garden,supermarket,15.091776,120.631091,"Pampanga, Pampanga",Pampanga,Central,(045) 961-0000 / 911,0,False,Commercial & Retail Supplies Hub,Commercial & Retail Establishment · restaurant
SM Supermarket,supermarket,15.05242,120.699003,"Pampanga, Pampanga",Pampanga,Central,(045) 961-0000 / 911,0,False,Commercial & Retail Supplies Hub,Commercial & Retail Establishment · supermarket
SM Cinema,government,15.05268,120.698105,"Pampanga, Pampanga",Pampanga,Central,(045) 961-0000 / 911,0,False,"Municipal, Civic & Landmark Building",Public Infrastructure & Community Landmark
YATU,supermarket,15.04133,120.677919,"Pampanga, Pampanga",Pampanga,Central,(045) 961-0000 / 911,0,False,Commercial & Retail Supplies Hub,Commercial & Retail Establishment · restaurant
Balicanta Surveying & Engineering Services,supermarket,14.960956,120.900745,"Pampanga, Pampanga",Pampanga,Central,(045) 961-0000 / 911,0,False,Commercial & Retail Supplies Hub,Commercial & Retail Establishment · computer
Nike Factory Outlet,supermarket,15.030693,120.714874,"North Luzon Expressway, San Fernando, Pampanga",San Fernando,Central,(045) 961-0000 / 911,0,False,Commercial & Retail Supplies Hub,Commercial & Retail Establishment · clothes
Predator & Scooter Parts,supermarket,14.808454,120.942124,"Pampanga, Pampanga",Pampanga,Central,(045) 961-0000 / 911,0,False,Commercial & Retail Supplies Hub,Commercial & Retail Establishment · motorcycle
Bicycle Store,supermarket,15.190491,120.531832,"Pampanga, Pampanga",Pampanga,Central,(045) 961-0000 / 911,0,False,Commercial & Retail Supplies Hub,Commercial & Retail Establishment · bicycle
Herdoza fitness gym,government,14.950977,120.891336,"Pampanga, Pampanga",Pampanga,Central,(045) 961-0000 / 911,0,False,"Municipal, Civic & Landmark Building",Public Infrastructure & Community Landmark
7-Eleven,supermarket,15.323113,120.653029,"L. Cortez Street, Concepcion, Pampanga",Concepcion,Central,(045) 961-0000 / 911,0,False,Commercial & Retail Supplies Hub,Commercial & Retail Establishment · convenience
LANDBANK,supermarket,15.323855,120.655326,"F. Timbol Street, Concepcion, Pampanga",Concepcion,Central,(045) 961-0000 / 911,0,False,Commercial & Retail Supplies Hub,Commercial & Retail Establishment · atm
BDO,supermarket,15.323348,120.653008,"G. L. Jaena Street, Concepcion, Pampanga",Concepcion,Central,(045) 961-0000 / 911,0,False,Commercial & Retail Supplies Hub,Commercial & Retail Establishment · bank
Metrobank,supermarket,15.323168,120.656217,"L. Cortez Street, Concepcion, Pampanga",Concepcion,Central,(045) 961-0000 / 911,0,False,Commercial & Retail Supplies Hub,Commercial & Retail Establishment · bank
Dragon's Lair Boxing Gym,government,15.146331,120.596228,"Pampanga, Pampanga",Pampanga,Central,(045) 961-0000 / 911,0,False,"Municipal, Civic & Landmark Building",Public Infrastructure & Community Landmark
Verdant Garden,government,15.154443,120.596786,"Pampanga, Pampanga",Pampanga,Central,(045) 961-0000 / 911,0,False,"Municipal, Civic & Landmark Building",Public Infrastructure & Community Landmark
Guest_house Facility,government,14.970047,120.860683,"Pampanga, Pampanga",Pampanga,Central,(045) 961-0000 / 911,0,False,"Municipal, Civic & Landmark Building",Public Infrastructure & Community Landmark
Frida Gigante,government,14.861889,120.446146,"Barangay Road, Pampanga, Pampanga",Pampanga,Central,(045) 961-0000 / 911,0,False,"Municipal, Civic & Landmark Building",Public Infrastructure & Community Landmark
Guest_house Facility,government,14.864,120.443548,"Pampanga, Pampanga",Pampanga,Central,(045) 961-0000 / 911,0,False,"Municipal, Civic & Landmark Building",Public Infrastructure & Community Landmark
Amira Dequito,government,14.862341,120.445085,"Pampanga, Pampanga",Pampanga,Central,(045) 961-0000 / 911,0,False,"Municipal, Civic & Landmark Building",Public Infrastructure & Community Landmark
Healthmark Medical Clinic,hospital,15.323395,120.656697,"L. Cortez Street, Concepcion, Pampanga",Concepcion,Central,+63 45 456 1297,20,False,Primary Health Clinic / RHU,20 Beds · Hotline: +63 45 456 1297
Gas's,gas_station,14.906146,120.793078,"Pampanga, Pampanga",Pampanga,Central,(045) 961-0000 / 911,0,False,Fuel Station,Gasoline & Diesel Fuel · Operational Fuel Point
Paula Aquino,government,14.867477,120.433624,"Barangay Road, J.C. Payumo Jr.,, Pampanga, Pampanga",Pampanga,Central,(045) 961-0000 / 911,0,False,"Municipal, Civic & Landmark Building",Public Infrastructure & Community Landmark
BMD Hardware,supermarket,15.046136,120.524261,"Pampanga, Pampanga",Pampanga,Central,(045) 961-0000 / 911,0,False,Commercial & Retail Supplies Hub,Commercial & Retail Establishment · hardware
594 Ice Bucket Sale,supermarket,15.139755,120.77433,"Pampanga, Pampanga",Pampanga,Central,(045) 961-0000 / 911,0,False,Commercial & Retail Supplies Hub,Commercial & Retail Establishment · beverages
Octoboy,supermarket,14.831066,120.908708,"Pampanga, Pampanga",Pampanga,Central,(045) 961-0000 / 911,0,False,Commercial & Retail Supplies Hub,Commercial & Retail Establishment · fast_food
R. Lapids Chicharon & BBQ,supermarket,14.831142,120.908681,"Pampanga, Pampanga",Pampanga,Central,(045) 961-0000 / 911,0,False,Commercial & Retail Supplies Hub,Commercial & Retail Establishment · fast_food
Seventh-day Adventist Church,government,15.244345,120.85513,"Jose Abad Santos Avenue, Pampanga, Pampanga",Pampanga,Central,(045) 961-0000 / 911,0,False,"Municipal, Civic & Landmark Building",Public Infrastructure & Community Landmark
Marinel Store,supermarket,15.072736,120.949759,"Pampanga, Pampanga",Pampanga,Central,(045) 961-0000 / 911,0,False,Commercial & Retail Supplies Hub,Commercial & Retail Establishment · supermarket
Caruha Wynns Oxygen,supermarket,15.072768,120.949718,"Pampanga, Pampanga",Pampanga,Central,(045) 961-0000 / 911,0,False,Commercial & Retail Supplies Hub,Commercial & Retail Establishment · supermarket
Regional Rehabilitation Center for Youth,government,15.225328,120.70617,"Pampanga, Pampanga",Pampanga,Central,(045) 961-0000 / 911,0,False,"Municipal, Civic & Landmark Building",Public Infrastructure & Community Landmark
Brgy.San Roque Chapel,government,15.333746,120.919851,"brgy san roque, jaen, nueva ecija, Pampanga, Pampanga",Pampanga,Central,(045) 961-0000 / 911,0,False,"Municipal, Civic & Landmark Building",Public Infrastructure & Community Landmark
Varon Store and Restaurant,supermarket,15.33749,120.91199,"Pampanga, Pampanga",Pampanga,Central,(045) 961-0000 / 911,0,False,Commercial & Retail Supplies Hub,Commercial & Retail Establishment · restaurant
Prince Amore,government,15.165725,120.591124,"R. V. Ponce, Sr. Street, Pampanga, Pampanga",Pampanga,Central,+639395076417,0,False,"Municipal, Civic & Landmark Building",Public Infrastructure & Community Landmark
Uncle John's,supermarket,15.166376,120.590547,"T. Aguas Street, Pampanga, Pampanga",Pampanga,Central,(045) 961-0000 / 911,0,False,Commercial & Retail Supplies Hub,Commercial & Retail Establishment · convenience
Yamatrans Tranding Inc.,supermarket,15.13892,120.694122,"Mexico-Arayat Road, Pampanga, Pampanga",Pampanga,Central,+63 45 308 1317,0,False,Commercial & Retail Supplies Hub,Commercial & Retail Establishment · car_parts
4 A's Baloons and Party Needs,supermarket,15.084126,120.664827,"Pampanga, Pampanga",Pampanga,Central,(045) 961-0000 / 911,0,False,Commercial & Retail Supplies Hub,Commercial & Retail Establishment · party
REDSUN Barber Shop,supermarket,15.081372,120.66257,"Pampanga, Pampanga",Pampanga,Central,(045) 961-0000 / 911,0,False,Commercial & Retail Supplies Hub,Commercial & Retail Establishment · hairdresser
Aqua 141 Water Station,supermarket,15.0797,120.663011,"Pampanga, Pampanga",Pampanga,Central,(045) 961-0000 / 911,0,False,Commercial & Retail Supplies Hub,Commercial & Retail Establishment · water
Victa Mart,supermarket,15.179088,120.643948,"Pampanga, Pampanga",Pampanga,Central,(045) 961-0000 / 911,0,False,Commercial & Retail Supplies Hub,Commercial & Retail Establishment · supermarket
Print Head Digital Printing,supermarket,15.13234,120.597409,"MacArthur Highway, Pampanga, Pampanga",Pampanga,Central,(045) 961-0000 / 911,0,False,Commercial & Retail Supplies Hub,Commercial & Retail Establishment · clothes
Neth,supermarket,14.976445,120.576502,"Pampanga, Pampanga",Pampanga,Central,(045) 961-0000 / 911,0,False,Commercial & Retail Supplies Hub,Commercial & Retail Establishment · convenience
Minda,supermarket,14.97436,120.584654,"Pampanga, Pampanga",Pampanga,Central,(045) 961-0000 / 911,0,False,Commercial & Retail Supplies Hub,Commercial & Retail Establishment · convenience
Jaru,supermarket,14.974195,120.590822,"Pampanga, Pampanga",Pampanga,Central,(045) 961-0000 / 911,0,False,Commercial & Retail Supplies Hub,Commercial & Retail Establishment · convenience
Marie,supermarket,14.972634,120.509348,"Pampanga, Pampanga",Pampanga,Central,(045) 961-0000 / 911,0,False,Commercial & Retail Supplies Hub,Commercial & Retail Establishment · convenience
Escano,supermarket,14.970239,120.51272,"Pampanga, Pampanga",Pampanga,Central,(045) 961-0000 / 911,0,False,Commercial & Retail Supplies Hub,Commercial & Retail Establishment · convenience
Petel,supermarket,14.970266,120.5275,"Pampanga, Pampanga",Pampanga,Central,(045) 961-0000 / 911,0,False,Commercial & Retail Supplies Hub,Commercial & Retail Establishment · convenience
Nickarl,supermarket,14.969858,120.5273,"Pampanga, Pampanga",Pampanga,Central,(045) 961-0000 / 911,0,False,Commercial & Retail Supplies Hub,Commercial & Retail Establishment · convenience
Manang cj,supermarket,14.950093,120.567541,"Pampanga, Pampanga",Pampanga,Central,(045) 961-0000 / 911,0,False,Commercial & Retail Supplies Hub,Commercial & Retail Establishment · convenience
Marilou,supermarket,14.999641,120.45307,"Pampanga, Pampanga",Pampanga,Central,(045) 961-0000 / 911,0,False,Commercial & Retail Supplies Hub,Commercial & Retail Establishment · convenience
Full house,supermarket,14.936037,120.477576,"Pampanga, Pampanga",Pampanga,Central,(045) 961-0000 / 911,0,False,Commercial & Retail Supplies Hub,Commercial & Retail Establishment · convenience
Katkat,supermarket,14.95146,120.511525,"Pampanga, Pampanga",Pampanga,Central,(045) 961-0000 / 911,0,False,Commercial & Retail Supplies Hub,Commercial & Retail Establishment · convenience
Josie,supermarket,14.938817,120.547697,"Pampanga, Pampanga",Pampanga,Central,(045) 961-0000 / 911,0,False,Commercial & Retail Supplies Hub,Commercial & Retail Establishment · convenience
Delacruz,supermarket,14.964809,120.5579,"Pampanga, Pampanga",Pampanga,Central,(045) 961-0000 / 911,0,False,Commercial & Retail Supplies Hub,Commercial & Retail Establishment · convenience
Hazel,supermarket,14.904812,120.510416,"Pampanga, Pampanga",Pampanga,Central,+63 919 507 2536,0,False,Commercial & Retail Supplies Hub,Commercial & Retail Establishment · convenience
lorlys,supermarket,15.001954,120.496682,"Pampanga, Pampanga",Pampanga,Central,(045) 961-0000 / 911,0,False,Commercial & Retail Supplies Hub,Commercial & Retail Establishment · convenience
anita,supermarket,14.92611,120.555555,"Pampanga, Pampanga",Pampanga,Central,(045) 961-0000 / 911,0,False,Commercial & Retail Supplies Hub,Commercial & Retail Establishment · convenience
frances,supermarket,14.946742,120.579816,"Pampanga, Pampanga",Pampanga,Central,(045) 961-0000 / 911,0,False,Commercial & Retail Supplies Hub,Commercial & Retail Establishment · convenience
Aloha,supermarket,14.970609,120.507592,"Pampanga, Pampanga",Pampanga,Central,+63 939 876 1219,0,False,Commercial & Retail Supplies Hub,Commercial & Retail Establishment · convenience
sayung,supermarket,14.945425,120.575059,"Pampanga, Pampanga",Pampanga,Central,(045) 961-0000 / 911,0,False,Commercial & Retail Supplies Hub,Commercial & Retail Establishment · convenience
Ricamae,supermarket,14.970771,120.50748,"Pampanga, Pampanga",Pampanga,Central,(045) 961-0000 / 911,0,False,Commercial & Retail Supplies Hub,Commercial & Retail Establishment · convenience
Sophia,supermarket,14.973384,120.509489,"Pampanga, Pampanga",Pampanga,Central,(045) 961-0000 / 911,0,False,Commercial & Retail Supplies Hub,Commercial & Retail Establishment · convenience
Lily,supermarket,14.971671,120.51195,"Pampanga, Pampanga",Pampanga,Central,(045) 961-0000 / 911,0,False,Commercial & Retail Supplies Hub,Commercial & Retail Establishment · convenience
Cueva residence,government,15.072266,120.64445,"Pampanga, Pampanga",Pampanga,Central,(045) 961-0000 / 911,0,False,"Municipal, Civic & Landmark Building",Public Infrastructure & Community Landmark
Irene,supermarket,14.971689,120.531,"Pampanga, Pampanga",Pampanga,Central,(045) 961-0000 / 911,0,False,Commercial & Retail Supplies Hub,Commercial & Retail Establishment · convenience
Mary,supermarket,14.936175,120.47758,"Pampanga, Pampanga",Pampanga,Central,(045) 961-0000 / 911,0,False,Commercial & Retail Supplies Hub,Commercial & Retail Establishment · convenience
jennifer nabong,supermarket,14.992156,120.468202,"Pampanga, Pampanga",Pampanga,Central,+63 950 508 1565,0,False,Commercial & Retail Supplies Hub,Commercial & Retail Establishment · convenience
MEREN,supermarket,15.030779,120.515427,"Pampanga, Pampanga",Pampanga,Central,(045) 961-0000 / 911,0,False,Commercial & Retail Supplies Hub,Commercial & Retail Establishment · convenience
raquen canlas,supermarket,15.002257,120.496861,"Pampanga, Pampanga",Pampanga,Central,(045) 961-0000 / 911,0,False,Commercial & Retail Supplies Hub,Commercial & Retail Establishment · convenience
Benjoe David,supermarket,15.327981,120.624547,"Pampanga, Pampanga",Pampanga,Central,(045) 961-0000 / 911,0,False,Commercial & Retail Supplies Hub,Commercial & Retail Establishment · furniture
MC3,supermarket,14.981172,120.48156,"Pampanga, Pampanga",Pampanga,Central,(045) 961-0000 / 911,0,False,Commercial & Retail Supplies Hub,Commercial & Retail Establishment · convenience
Gemmalyn,supermarket,14.978366,120.48375,"Pampanga, Pampanga",Pampanga,Central,(045) 961-0000 / 911,0,False,Commercial & Retail Supplies Hub,Commercial & Retail Establishment · convenience
adring,supermarket,15.002176,120.495371,"Pampanga, Pampanga",Pampanga,Central,(045) 961-0000 / 911,0,False,Commercial & Retail Supplies Hub,Commercial & Retail Establishment · convenience
Dey Manuel,supermarket,14.945248,120.592836,"Pampanga, Pampanga",Pampanga,Central,(045) 961-0000 / 911,0,False,Commercial & Retail Supplies Hub,Commercial & Retail Establishment · convenience
Ocampo,supermarket,14.991588,120.46841,"Pampanga, Pampanga",Pampanga,Central,(045) 961-0000 / 911,0,False,Commercial & Retail Supplies Hub,Commercial & Retail Establishment · convenience
Wilson,supermarket,14.977326,120.575353,"Pampanga, Pampanga",Pampanga,Central,(045) 961-0000 / 911,0,False,Commercial & Retail Supplies Hub,Commercial & Retail Establishment · convenience
Fe dabu,supermarket,14.927163,120.592555,"Pampanga, Pampanga",Pampanga,Central,(045) 961-0000 / 911,0,False,Commercial & Retail Supplies Hub,Commercial & Retail Establishment · convenience
Zahara,supermarket,14.985062,120.479369,"Pampanga, Pampanga",Pampanga,Central,(045) 961-0000 / 911,0,False,Commercial & Retail Supplies Hub,Commercial & Retail Establishment · convenience
Maritess,supermarket,14.986155,120.48438,"Pampanga, Pampanga",Pampanga,Central,(045) 961-0000 / 911,0,False,Commercial & Retail Supplies Hub,Commercial & Retail Establishment · convenience
Alden,supermarket,14.985644,120.485484,"Pampanga, Pampanga",Pampanga,Central,(045) 961-0000 / 911,0,False,Commercial & Retail Supplies Hub,Commercial & Retail Establishment · convenience
RGR,supermarket,14.986256,120.52065,"Pampanga, Pampanga",Pampanga,Central,+63 920 823 4960,0,False,Commercial & Retail Supplies Hub,Commercial & Retail Establishment · convenience
Rose,supermarket,14.970621,120.531016,"Pampanga, Pampanga",Pampanga,Central,(045) 961-0000 / 911,0,False,Commercial & Retail Supplies Hub,Commercial & Retail Establishment · convenience
Praxides,supermarket,14.9716,120.489809,"Pampanga, Pampanga",Pampanga,Central,(045) 961-0000 / 911,0,False,Commercial & Retail Supplies Hub,Commercial & Retail Establishment · convenience
Convenience Store,supermarket,14.94835,120.56822,"Pampanga, Pampanga",Pampanga,Central,(045) 961-0000 / 911,0,False,Commercial & Retail Supplies Hub,Commercial & Retail Establishment · convenience
Michelle,supermarket,14.976647,120.576305,"Pampanga, Pampanga",Pampanga,Central,(045) 961-0000 / 911,0,False,Commercial & Retail Supplies Hub,Commercial & Retail Establishment · convenience
joy,supermarket,15.002232,120.495071,"Pampanga, Pampanga",Pampanga,Central,(045) 961-0000 / 911,0,False,Commercial & Retail Supplies Hub,Commercial & Retail Establishment · convenience
Mae,supermarket,14.948404,120.584721,"Pampanga, Pampanga",Pampanga,Central,(045) 961-0000 / 911,0,False,Commercial & Retail Supplies Hub,Commercial & Retail Establishment · convenience
Morales,supermarket,15.005396,120.45188,"Pampanga, Pampanga",Pampanga,Central,(045) 961-0000 / 911,0,False,Commercial & Retail Supplies Hub,Commercial & Retail Establishment · convenience
Joe grace,supermarket,14.933354,120.477786,"Pampanga, Pampanga",Pampanga,Central,(045) 961-0000 / 911,0,False,Commercial & Retail Supplies Hub,Commercial & Retail Establishment · convenience
Maylingad,supermarket,14.99851,120.45241,"Pampanga, Pampanga",Pampanga,Central,(045) 961-0000 / 911,0,False,Commercial & Retail Supplies Hub,Commercial & Retail Establishment · convenience
Family,supermarket,14.894966,120.529766,"Pampanga, Pampanga",Pampanga,Central,(045) 961-0000 / 911,0,False,Commercial & Retail Supplies Hub,Commercial & Retail Establishment · convenience
Dianne,supermarket,14.977252,120.50618,"Pampanga, Pampanga",Pampanga,Central,(045) 961-0000 / 911,0,False,Commercial & Retail Supplies Hub,Commercial & Retail Establishment · convenience
Eugi,supermarket,14.946414,120.572443,"Pampanga, Pampanga",Pampanga,Central,(045) 961-0000 / 911,0,False,Commercial & Retail Supplies Hub,Commercial & Retail Establishment · convenience
Capulong,supermarket,14.984433,120.479344,"Pampanga, Pampanga",Pampanga,Central,(045) 961-0000 / 911,0,False,Commercial & Retail Supplies Hub,Commercial & Retail Establishment · convenience
Shalina,supermarket,14.991278,120.468031,"Pampanga, Pampanga",Pampanga,Central,(045) 961-0000 / 911,0,False,Commercial & Retail Supplies Hub,Commercial & Retail Establishment · convenience
Javier,supermarket,14.969508,120.471037,"Pampanga, Pampanga",Pampanga,Central,(045) 961-0000 / 911,0,False,Commercial & Retail Supplies Hub,Commercial & Retail Establishment · convenience
Shiela,supermarket,14.956064,120.556268,"Pampanga, Pampanga",Pampanga,Central,(045) 961-0000 / 911,0,False,Commercial & Retail Supplies Hub,Commercial & Retail Establishment · convenience
Quinto,supermarket,14.956248,120.558232,"Pampanga, Pampanga",Pampanga,Central,(045) 961-0000 / 911,0,False,Commercial & Retail Supplies Hub,Commercial & Retail Establishment · convenience
Diesel Dela Rosa,supermarket,14.982198,120.500476,"Pampanga, Pampanga",Pampanga,Central,(045) 961-0000 / 911,0,False,Commercial & Retail Supplies Hub,Commercial & Retail Establishment · convenience
EJ,supermarket,14.871849,120.50206,"Pampanga, Pampanga",Pampanga,Central,(045) 961-0000 / 911,0,False,Commercial & Retail Supplies Hub,Commercial & Retail Establishment · convenience
Janyen,supermarket,14.893019,120.53508,"Pampanga, Pampanga",Pampanga,Central,(045) 961-0000 / 911,0,False,Commercial & Retail Supplies Hub,Commercial & Retail Establishment · convenience
Sunglao,supermarket,14.978162,120.519495,"Pampanga, Pampanga",Pampanga,Central,+63 908 691 7512,0,False,Commercial & Retail Supplies Hub,Commercial & Retail Establishment · convenience
carol,supermarket,14.971902,120.530599,"Pampanga, Pampanga",Pampanga,Central,(045) 961-0000 / 911,0,False,Commercial & Retail Supplies Hub,Commercial & Retail Establishment · convenience
ashlyn,supermarket,14.891647,120.5333,"Pampanga, Pampanga",Pampanga,Central,(045) 961-0000 / 911,0,False,Commercial & Retail Supplies Hub,Commercial & Retail Establishment · convenience
yolly,supermarket,15.003604,120.49414,"Pampanga, Pampanga",Pampanga,Central,(045) 961-0000 / 911,0,False,Commercial & Retail Supplies Hub,Commercial & Retail Establishment · convenience
Belly,supermarket,14.983511,120.518145,"Pampanga, Pampanga",Pampanga,Central,(045) 961-0000 / 911,0,False,Commercial & Retail Supplies Hub,Commercial & Retail Establishment · convenience
gomez,supermarket,15.008694,120.528398,"Pampanga, Pampanga",Pampanga,Central,+63 912 109 5999,0,False,Commercial & Retail Supplies Hub,Commercial & Retail Establishment · convenience
Aileen,supermarket,14.976977,120.575977,"Pampanga, Pampanga",Pampanga,Central,(045) 961-0000 / 911,0,False,Commercial & Retail Supplies Hub,Commercial & Retail Establishment · convenience
Elisa,supermarket,14.971897,120.51176,"Pampanga, Pampanga",Pampanga,Central,(045) 961-0000 / 911,0,False,Commercial & Retail Supplies Hub,Commercial & Retail Establishment · convenience
Maricel,supermarket,14.946042,120.579373,"Pampanga, Pampanga",Pampanga,Central,(045) 961-0000 / 911,0,False,Commercial & Retail Supplies Hub,Commercial & Retail Establishment · convenience
Marissa,supermarket,15.002077,120.453025,"Pampanga, Pampanga",Pampanga,Central,(045) 961-0000 / 911,0,False,Commercial & Retail Supplies Hub,Commercial & Retail Establishment · convenience
Leng,supermarket,14.999096,120.45315,"Pampanga, Pampanga",Pampanga,Central,(045) 961-0000 / 911,0,False,Commercial & Retail Supplies Hub,Commercial & Retail Establishment · convenience
Yolly,supermarket,15.010197,120.625938,"Libutad Street, Pampanga, Pampanga",Pampanga,Central,(045) 961-0000 / 911,0,False,Commercial & Retail Supplies Hub,Commercial & Retail Establishment · convenience
alma,supermarket,14.970245,120.531701,"Pampanga, Pampanga",Pampanga,Central,(045) 961-0000 / 911,0,False,Commercial & Retail Supplies Hub,Commercial & Retail Establishment · convenience
linda,supermarket,15.00202,120.49545,"Pampanga, Pampanga",Pampanga,Central,(045) 961-0000 / 911,0,False,Commercial & Retail Supplies Hub,Commercial & Retail Establishment · convenience
Remedios,supermarket,14.986352,120.508692,"Pampanga, Pampanga",Pampanga,Central,(045) 961-0000 / 911,0,False,Commercial & Retail Supplies Hub,Commercial & Retail Establishment · convenience
Minyang,supermarket,14.930723,120.594143,"Pampanga, Pampanga",Pampanga,Central,(045) 961-0000 / 911,0,False,Commercial & Retail Supplies Hub,Commercial & Retail Establishment · convenience
Loisa,supermarket,14.991881,120.46733,"Pampanga, Pampanga",Pampanga,Central,(045) 961-0000 / 911,0,False,Commercial & Retail Supplies Hub,Commercial & Retail Establishment · convenience
Elma,supermarket,14.965665,120.49586,"Pampanga, Pampanga",Pampanga,Central,(045) 961-0000 / 911,0,False,Commercial & Retail Supplies Hub,Commercial & Retail Establishment · convenience
Janet,supermarket,15.018155,120.517758,"Pampanga, Pampanga",Pampanga,Central,(045) 961-0000 / 911,0,False,Commercial & Retail Supplies Hub,Commercial & Retail Establishment · convenience
Shiela,supermarket,14.936616,120.521756,"Pampanga, Pampanga",Pampanga,Central,(045) 961-0000 / 911,0,False,Commercial & Retail Supplies Hub,Commercial & Retail Establishment · convenience
Tintin,supermarket,14.936864,120.47535,"Pampanga, Pampanga",Pampanga,Central,(045) 961-0000 / 911,0,False,Commercial & Retail Supplies Hub,Commercial & Retail Establishment · convenience
Orchard Valley Resort,government,15.328333,120.667414,"Concepcion-La Paz Road, Pampanga, Pampanga",Pampanga,Central,(045) 961-0000 / 911,0,False,"Municipal, Civic & Landmark Building",Public Infrastructure & Community Landmark
remy,supermarket,14.981997,120.484036,"Pampanga, Pampanga",Pampanga,Central,(045) 961-0000 / 911,0,False,Commercial & Retail Supplies Hub,Commercial & Retail Establishment · convenience
Uncle John's,supermarket,15.025294,120.933894,"Cagayan Valley Road, Pampanga, Pampanga",Pampanga,Central,(045) 961-0000 / 911,0,False,Commercial & Retail Supplies Hub,Commercial & Retail Establishment · convenience
PNB,supermarket,15.025181,120.933883,"Cagayan Valley Road, Pampanga, Pampanga",Pampanga,Central,(045) 961-0000 / 911,0,False,Commercial & Retail Supplies Hub,Commercial & Retail Establishment · bank
Tom's Lumber,supermarket,14.839372,120.73982,"Hagonoy-Calumpit Road, Pampanga, Pampanga",Pampanga,Central,(045) 961-0000 / 911,0,False,Commercial & Retail Supplies Hub,Commercial & Retail Establishment · hardware
Lumber Bethina,supermarket,14.839189,120.767514,"Hagonoy-Paombong Road, Pampanga, Pampanga",Pampanga,Central,(045) 961-0000 / 911,0,False,Commercial & Retail Supplies Hub,Commercial & Retail Establishment · hardware
DelishCheese Dough,supermarket,15.222708,120.573399,"Gil Puyat Avenue, Mabalacat City, Pampanga",Mabalacat City,Central,(045) 961-0000 / 911,0,False,Commercial & Retail Supplies Hub,Commercial & Retail Establishment · restaurant
Barangay / Municipal Government Office,government,14.985677,120.547877,"Pampanga, Pampanga",Pampanga,Central,(045) 961-0000 / 911,0,False,"Municipal, Civic & Landmark Building",Public Infrastructure & Community Landmark
Herlyn's Burger House,supermarket,14.991071,120.582503,"Pulungmasle - Lambac Road, Pampanga, Pampanga",Pampanga,Central,(045) 961-0000 / 911,0,False,Commercial & Retail Supplies Hub,Commercial & Retail Establishment · convenience
She'ed Store,supermarket,14.86011,120.80195,"Pampanga, Pampanga",Pampanga,Central,(045) 961-0000 / 911,0,False,Commercial & Retail Supplies Hub,Commercial & Retail Establishment · convenience
City Life Style Apartment,government,14.977163,120.575197,"M. Baustita Street, Pampanga, Pampanga",Pampanga,Central,+63 905 355 2675;+63 45 497 0793,0,False,"Municipal, Civic & Landmark Building",Public Infrastructure & Community Landmark
R n J Unli sarap,supermarket,14.860486,120.891218,"Pampanga, Pampanga",Pampanga,Central,(045) 961-0000 / 911,0,False,Commercial & Retail Supplies Hub,Commercial & Retail Establishment · fast_food
Gustav's,supermarket,15.127168,120.597357,"Pampanga, Pampanga",Pampanga,Central,(045) 961-0000 / 911,0,False,Commercial & Retail Supplies Hub,Commercial & Retail Establishment · cafe
Metrobank,supermarket,15.127038,120.59684,"Pampanga, Pampanga",Pampanga,Central,(045) 961-0000 / 911,0,False,Commercial & Retail Supplies Hub,Commercial & Retail Establishment · bank
Nham Cha Thai Milk Tea,supermarket,15.126959,120.596886,"Pampanga, Pampanga",Pampanga,Central,(045) 961-0000 / 911,0,False,Commercial & Retail Supplies Hub,Commercial & Retail Establishment · fast_food
Dianes Breads & Treats,supermarket,15.304016,120.89267,"Pampanga, Pampanga",Pampanga,Central,(045) 961-0000 / 911,0,False,Commercial & Retail Supplies Hub,Commercial & Retail Establishment · bakery
Diannes Bread & Treats,supermarket,15.304082,120.892309,"Jose Abad Santos Avenue, Pampanga, Pampanga",Pampanga,Central,(045) 961-0000 / 911,0,False,Commercial & Retail Supplies Hub,Commercial & Retail Establishment · bakery
Fresh Options,supermarket,15.123917,120.597619,"Pampanga, Pampanga",Pampanga,Central,(045) 961-0000 / 911,0,False,Commercial & Retail Supplies Hub,Commercial & Retail Establishment · butcher
Angeles City Blood Bank,hospital,15.149445,120.584313,"San Francisco Street, driveway, Pampanga",driveway,Central,(045) 961-0000 / 911,20,False,Primary Health Clinic / RHU,20 Beds · Hotline: (045) 961-0000 / 911
PVM 1 Trading,supermarket,15.151671,120.7685,"Jose Abad Santos Avenue, Pampanga, Pampanga",Pampanga,Central,(045) 961-0000 / 911,0,False,Commercial & Retail Supplies Hub,Commercial & Retail Establishment · furniture
Fresh Options Meatshop,supermarket,15.071518,120.543261,"Pampanga, Pampanga",Pampanga,Central,(045) 961-0000 / 911,0,False,Commercial & Retail Supplies Hub,Commercial & Retail Establishment · butcher
7-Eleven,supermarket,15.071549,120.543233,"Pampanga, Pampanga",Pampanga,Central,(045) 961-0000 / 911,0,False,Commercial & Retail Supplies Hub,Commercial & Retail Establishment · convenience
Spillway,supermarket,15.068186,120.540438,"Pampanga, Pampanga",Pampanga,Central,(045) 961-0000 / 911,0,False,Commercial & Retail Supplies Hub,Commercial & Retail Establishment · cafe
Jaen Water District,government,15.337338,120.909664,"Jaen, Pampanga",Jaen,Central,(045) 961-0000 / 911,0,False,"Municipal, Civic & Landmark Building",Public Infrastructure & Community Landmark
Jaen Municipal Trial Court,government,15.336932,120.909171,"Jaen, Pampanga",Jaen,Central,(045) 961-0000 / 911,0,False,"Municipal, Civic & Landmark Building",Public Infrastructure & Community Landmark
7-Eleven,supermarket,15.181499,120.545206,"Pampanga, Pampanga",Pampanga,Central,(045) 961-0000 / 911,0,False,Commercial & Retail Supplies Hub,Commercial & Retail Establishment · convenience
Amoremio,supermarket,15.165685,120.572334,"Pampanga, Pampanga",Pampanga,Central,(045) 961-0000 / 911,0,False,Commercial & Retail Supplies Hub,Commercial & Retail Establishment · restaurant
Apung Diung,supermarket,14.965754,120.633499,"Pampanga, Pampanga",Pampanga,Central,(045) 961-0000 / 911,0,False,Commercial & Retail Supplies Hub,Commercial & Retail Establishment · bakery
San Ignacio Chapel,government,15.1464,120.604467,"San Pablo Street, Pampanga, Pampanga",Pampanga,Central,(045) 961-0000 / 911,0,False,"Municipal, Civic & Landmark Building",Public Infrastructure & Community Landmark
Convenience Store,supermarket,14.977062,120.581213,"Pampanga, Pampanga",Pampanga,Central,(045) 961-0000 / 911,0,False,Commercial & Retail Supplies Hub,Commercial & Retail Establishment · convenience
Mr. JJ Coca Cola,supermarket,15.164942,120.582567,"Sofia Street, Pampanga, Pampanga",Pampanga,Central,(045) 961-0000 / 911,0,False,Commercial & Retail Supplies Hub,Commercial & Retail Establishment · beverages
Santouka,supermarket,15.169847,120.58045,"Pampanga, Pampanga",Pampanga,Central,(045) 961-0000 / 911,0,False,Commercial & Retail Supplies Hub,Commercial & Retail Establishment · restaurant
Yellow Cab Pizza,supermarket,15.167862,120.579523,"Manuel A. Roxas Highway, Pampanga, Pampanga",Pampanga,Central,(045) 961-0000 / 911,0,False,Commercial & Retail Supplies Hub,Commercial & Retail Establishment · fast_food
Ningnangan,supermarket,14.905997,120.869301,"Pampanga, Pampanga",Pampanga,Central,(045) 961-0000 / 911,0,False,Commercial & Retail Supplies Hub,Commercial & Retail Establishment · restaurant
Fabros Barketing Bayad Center,government,15.244689,120.558176,"Cherryl Street, Pampanga, Pampanga",Pampanga,Central,+63 918 493 9836,0,False,"Municipal, Civic & Landmark Building",Public Infrastructure & Community Landmark
A Touchof Love Cakes &Pastries,supermarket,15.145612,120.597801,"Pampanga, Pampanga",Pampanga,Central,(045) 961-0000 / 911,0,False,Commercial & Retail Supplies Hub,Commercial & Retail Establishment · cafe
301 place telebastagan,government,15.115072,120.61164,"Pampanga, Pampanga",Pampanga,Central,(045) 961-0000 / 911,0,False,"Municipal, Civic & Landmark Building",Public Infrastructure & Community Landmark
Security Bank,supermarket,15.178927,120.57243,"Pampanga, Pampanga",Pampanga,Central,(045) 961-0000 / 911,0,False,Commercial & Retail Supplies Hub,Commercial & Retail Establishment · bank
Rollings,supermarket,15.272696,120.561647,"Pampanga, Pampanga",Pampanga,Central,(045) 961-0000 / 911,0,False,Commercial & Retail Supplies Hub,Commercial & Retail Establishment · hardware
SacobiaNET,supermarket,15.232577,120.527545,"Pampanga, Pampanga",Pampanga,Central,(045) 961-0000 / 911,0,False,Commercial & Retail Supplies Hub,Commercial & Retail Establishment · cafe
Jemsgray Auction,supermarket,14.877999,120.86439,"Pampanga, Pampanga",Pampanga,Central,(045) 961-0000 / 911,0,False,Commercial & Retail Supplies Hub,Commercial & Retail Establishment · auction
Guest house vill,government,15.053677,120.941172,"Pampanga, Pampanga",Pampanga,Central,(045) 961-0000 / 911,0,False,"Municipal, Civic & Landmark Building",Public Infrastructure & Community Landmark
Helena's Closet,supermarket,14.856778,120.812832,"Pampanga, Pampanga",Pampanga,Central,(045) 961-0000 / 911,0,False,Commercial & Retail Supplies Hub,Commercial & Retail Establishment · clothes
St. Therese Eng. Works,government,15.158433,120.558961,"Pampanga, Pampanga",Pampanga,Central,(045) 961-0000 / 911,0,False,"Municipal, Civic & Landmark Building",Public Infrastructure & Community Landmark
MDCS Mechanical Design and Control System,supermarket,14.947058,120.891385,"Aldama Street, Pampanga, Pampanga",Pampanga,Central,+63 44 797 8729,0,False,Commercial & Retail Supplies Hub,Commercial & Retail Establishment · electronics
twin hearts memorial services,supermarket,14.892634,120.78015,"MacArthur Highway, Pampanga, Pampanga",Pampanga,Central,(045) 961-0000 / 911,0,False,Commercial & Retail Supplies Hub,Commercial & Retail Establishment · funeral_directors
IJK Apartments,government,15.039024,120.675995,"Orchid Street, Pampanga, Pampanga",Pampanga,Central,(045) 961-0000 / 911,0,False,"Municipal, Civic & Landmark Building",Public Infrastructure & Community Landmark
Kia Baliuag,supermarket,14.960067,120.892209,"Pampanga, Pampanga",Pampanga,Central,(045) 961-0000 / 911,0,False,Commercial & Retail Supplies Hub,Commercial & Retail Establishment · car
Ang Dating Daan Tarcan,government,14.932509,120.877878,"Pampanga, Pampanga",Pampanga,Central,(045) 961-0000 / 911,0,False,"Municipal, Civic & Landmark Building",Public Infrastructure & Community Landmark
Haima Cars Baliuag,supermarket,14.960204,120.892391,"Pampanga, Pampanga",Pampanga,Central,(045) 961-0000 / 911,0,False,Commercial & Retail Supplies Hub,Commercial & Retail Establishment · car
Café DeApati,supermarket,14.91376,120.884246,"Old Cagayan Valley Road, Pampanga, Pampanga",Pampanga,Central,(045) 961-0000 / 911,0,False,Commercial & Retail Supplies Hub,Commercial & Retail Establishment · cafe
Alfamart,supermarket,14.959105,120.890775,"Pampanga, Pampanga",Pampanga,Central,(045) 961-0000 / 911,0,False,Commercial & Retail Supplies Hub,Commercial & Retail Establishment · convenience
7-Eleven,supermarket,14.963109,120.897475,"Pampanga, Pampanga",Pampanga,Central,(045) 961-0000 / 911,0,False,Commercial & Retail Supplies Hub,Commercial & Retail Establishment · convenience
Sweet Escakes,supermarket,14.960599,120.890923,"Pampanga, Pampanga",Pampanga,Central,(045) 961-0000 / 911,0,False,Commercial & Retail Supplies Hub,Commercial & Retail Establishment · bakery
IPSTAR Gateway,supermarket,15.114319,120.601296,"Pampanga, Pampanga",Pampanga,Central,(045) 961-0000 / 911,0,False,Commercial & Retail Supplies Hub,Commercial & Retail Establishment · electronics
Chris Lopez,government,14.835157,120.887676,"Villavicencio Street, Pampanga, Pampanga",Pampanga,Central,+63 923 424 3111,0,False,"Municipal, Civic & Landmark Building",Public Infrastructure & Community Landmark
Sweet safari,supermarket,15.161025,120.592167,"Pampanga, Pampanga",Pampanga,Central,(045) 961-0000 / 911,0,False,Commercial & Retail Supplies Hub,Commercial & Retail Establishment · fast_food
Joanne's Store,supermarket,15.101464,120.940064,"Cagayan Valley Road, Pampanga, Pampanga",Pampanga,Central,(045) 961-0000 / 911,0,False,Commercial & Retail Supplies Hub,Commercial & Retail Establishment · convenience
Apalit resettlement,government,14.982749,120.482225,"Pampanga, Pampanga",Pampanga,Central,(045) 961-0000 / 911,0,False,"Municipal, Civic & Landmark Building",Public Infrastructure & Community Landmark
NGCP Mexico SS,government,15.054138,120.716023,"Pampanga, Pampanga",Pampanga,Central,(045) 961-0000 / 911,0,False,"Municipal, Civic & Landmark Building",Public Infrastructure & Community Landmark
RBO Group Financing Corporation,supermarket,15.148956,120.593332,"MacArthur Highway, Pampanga, Pampanga",Pampanga,Central,(045) 961-0000 / 911,0,False,Commercial & Retail Supplies Hub,Commercial & Retail Establishment · money_lender
Arbat's Internet Cafe,government,14.831081,120.86331,"Tabang Road, Pampanga, Pampanga",Pampanga,Central,(045) 961-0000 / 911,0,False,"Municipal, Civic & Landmark Building",Public Infrastructure & Community Landmark
Jamierla Computer Shop,government,14.909187,120.827975,"Pulilan Regional Road, Pampanga, Pampanga",Pampanga,Central,(045) 961-0000 / 911,0,False,"Municipal, Civic & Landmark Building",Public Infrastructure & Community Landmark
RUMPA,supermarket,15.165162,120.589548,"Pampanga, Pampanga",Pampanga,Central,(045) 961-0000 / 911,0,False,Commercial & Retail Supplies Hub,Commercial & Retail Establishment · restaurant
Foss coffee,supermarket,15.163112,120.59124,"Pampanga, Pampanga",Pampanga,Central,(045) 961-0000 / 911,0,False,Commercial & Retail Supplies Hub,Commercial & Retail Establishment · cafe
Centrium Condominum,government,15.163436,120.557958,"Pampanga, Pampanga",Pampanga,Central,(045) 961-0000 / 911,0,False,"Municipal, Civic & Landmark Building",Public Infrastructure & Community Landmark
JNZ Computer Shop,government,15.058118,120.717919,"Pampanga, Pampanga",Pampanga,Central,(045) 961-0000 / 911,0,False,"Municipal, Civic & Landmark Building",Public Infrastructure & Community Landmark
San Antonio Rural Health Unit,hospital,15.307533,120.856899,"Pampanga, Pampanga",Pampanga,Central,(045) 961-0000 / 911,20,False,Primary Health Clinic / RHU,20 Beds · Hotline: (045) 961-0000 / 911
San Antonio Fire Station,fire_station,15.307484,120.856864,"Pampanga, Pampanga",Pampanga,Central,160 / 911,0,False,Fire & Rescue Station,Fire Pumper Engines & Emergency Water Rescue
Vangie's Kambingan,supermarket,15.348472,120.93931,"Pampanga, Pampanga",Pampanga,Central,(045) 961-0000 / 911,0,False,Commercial & Retail Supplies Hub,Commercial & Retail Establishment · restaurant
Kandi Fitness Sky Gym,government,15.163051,120.582751,"Savino Drive, Angeles City, Pampanga",Angeles City,Central,(045) 961-0000 / 911,0,False,"Municipal, Civic & Landmark Building",Public Infrastructure & Community Landmark
Prime Water Jaen,government,15.337253,120.909734,"Jaen, Pampanga",Jaen,Central,(045) 961-0000 / 911,0,False,"Municipal, Civic & Landmark Building",Public Infrastructure & Community Landmark
Tatz tattoo,supermarket,14.896252,120.722823,"Pampanga, Pampanga",Pampanga,Central,(045) 961-0000 / 911,0,False,Commercial & Retail Supplies Hub,Commercial & Retail Establishment · tattoo
Malibong Bata Barangay Hall,government,14.841148,120.929688,"Pampanga, Pampanga",Pampanga,Central,(045) 961-0000 / 911,0,False,"Municipal, Civic & Landmark Building",Public Infrastructure & Community Landmark
Jesus Is Lord,government,14.832107,120.942883,"Salvador Street, Pampanga, Pampanga",Pampanga,Central,(045) 961-0000 / 911,0,False,"Municipal, Civic & Landmark Building",Public Infrastructure & Community Landmark
Virgilio Car Mechanics,supermarket,14.837023,120.936696,"Duclap Street, Pampanga, Pampanga",Pampanga,Central,(045) 961-0000 / 911,0,False,Commercial & Retail Supplies Hub,Commercial & Retail Establishment · car_repair
Kingdom Hall of Jehovah's Witnesses,government,14.834456,120.942009,"Pampanga, Pampanga",Pampanga,Central,(045) 961-0000 / 911,0,False,"Municipal, Civic & Landmark Building",Public Infrastructure & Community Landmark
Batia Baptist's Church,government,14.834152,120.942164,"Pampanga, Pampanga",Pampanga,Central,(045) 961-0000 / 911,0,False,"Municipal, Civic & Landmark Building",Public Infrastructure & Community Landmark
Malibong Matanda Barangay Hall,government,14.848412,120.939255,"Barangay Malibong Matanda, Pampanga, Pampanga",Pampanga,Malibong Matanda,(045) 961-0000 / 911,0,False,"Municipal, Civic & Landmark Building",Public Infrastructure & Community Landmark
Iglesia ni Cristo,government,14.831361,120.943461,"Salvador Street, Pampanga, Pampanga",Pampanga,Central,(045) 961-0000 / 911,0,False,"Municipal, Civic & Landmark Building",Public Infrastructure & Community Landmark
Santo Cristo Chapel,government,14.846016,120.938091,"Pampanga, Pampanga",Pampanga,Central,(045) 961-0000 / 911,0,False,"Municipal, Civic & Landmark Building",Public Infrastructure & Community Landmark
Montesori Academy of Malibu,school,14.85903,120.940002,"Pampanga, Pampanga",Pampanga,Central,(045) 961-0000 / 911,0,False,Evacuation Shelter / Education Facility,High-Ground Evacuation Shelter · Relief Goods Depot
Cora's Minimart,supermarket,14.831834,120.942803,"Pampanga, Pampanga",Pampanga,Central,(045) 961-0000 / 911,0,False,Commercial & Retail Supplies Hub,Commercial & Retail Establishment · convenience
Kingdom Hall of Jehovah's Witnesses,government,14.821447,120.90582,"Pampanga, Pampanga",Pampanga,Central,(045) 961-0000 / 911,0,False,"Municipal, Civic & Landmark Building",Public Infrastructure & Community Landmark
INC Church,government,15.242049,120.851055,"Pampanga, Pampanga",Pampanga,Central,(045) 961-0000 / 911,0,False,"Municipal, Civic & Landmark Building",Public Infrastructure & Community Landmark
Project Grill,supermarket,15.152757,120.592534,"Pampanga, Pampanga",Pampanga,Central,(045) 961-0000 / 911,0,False,Commercial & Retail Supplies Hub,Commercial & Retail Establishment · restaurant
INC Church Lokal ng Pandacaqui,government,15.174877,120.644997,"Pampanga, Pampanga",Pampanga,Central,(045) 961-0000 / 911,0,False,"Municipal, Civic & Landmark Building",Public Infrastructure & Community Landmark
CyJen Cyber Hub,supermarket,15.14621,120.594664,"MacArthur Highway, Pampanga, Pampanga",Pampanga,Central,(045) 961-0000 / 911,0,False,Commercial & Retail Supplies Hub,Commercial & Retail Establishment · computer
EXACT COLLEGE,school,15.175221,120.799066,"Pampanga, Pampanga",Pampanga,Central,(045) 961-0000 / 911,0,False,Evacuation Shelter / Education Facility,High-Ground Evacuation Shelter · Relief Goods Depot
Casa Simpauco,government,14.92715,120.723703,"Pampanga, Pampanga",Pampanga,Central,(045) 961-0000 / 911,0,False,"Municipal, Civic & Landmark Building",Public Infrastructure & Community Landmark
Subic Barangay Hall,government,14.96089,120.904392,"L. M. Guerrero Street, Pampanga, Pampanga",Pampanga,Central,(045) 961-0000 / 911,0,False,"Municipal, Civic & Landmark Building",Public Infrastructure & Community Landmark
7-Eleven,supermarket,14.844508,120.473004,"Pampanga, Pampanga",Pampanga,Central,(045) 961-0000 / 911,0,False,Commercial & Retail Supplies Hub,Commercial & Retail Establishment · convenience
Jun Santos Custom Cue,supermarket,14.967996,120.617406,"Pampanga, Pampanga",Pampanga,Central,(045) 961-0000 / 911,0,False,Commercial & Retail Supplies Hub,Commercial & Retail Establishment · sports
Viewpoint Facility,government,15.020195,120.862844,"Pampanga, Pampanga",Pampanga,Central,(045) 961-0000 / 911,0,False,"Municipal, Civic & Landmark Building",Public Infrastructure & Community Landmark
TGP,pharmacy,14.954697,120.900312,"Baliuag, Pampanga",Baliuag,Central,(045) 961-0000 / 911,0,False,Pharmacy & Medical Supplies,"First-Aid, Essential Medications & Antibiotics"
Kambal Pandesal,supermarket,14.95979,120.891417,"Pampanga, Pampanga",Pampanga,Central,(045) 961-0000 / 911,0,False,Commercial & Retail Supplies Hub,Commercial & Retail Establishment · bakery
South Star Drug,pharmacy,14.952461,120.900239,"Pampanga, Pampanga",Pampanga,Central,(045) 961-0000 / 911,0,False,Pharmacy & Medical Supplies,"First-Aid, Essential Medications & Antibiotics"
Ferona Hardware & Construction Supply,supermarket,14.873015,120.861896,"Pampanga, Pampanga",Pampanga,Central,(045) 961-0000 / 911,0,False,Commercial & Retail Supplies Hub,Commercial & Retail Establishment · trade
Auto Supply,supermarket,14.945455,120.892258,"Pampanga, Pampanga",Pampanga,Central,(045) 961-0000 / 911,0,False,Commercial & Retail Supplies Hub,Commercial & Retail Establishment · car_parts
Watsons,pharmacy,14.95449,120.900302,"Baliuag, Pampanga",Baliuag,Central,(045) 961-0000 / 911,0,False,Pharmacy & Medical Supplies,"First-Aid, Essential Medications & Antibiotics"
San Mei,supermarket,14.913735,120.884314,"Pampanga, Pampanga",Pampanga,Central,(045) 961-0000 / 911,0,False,Commercial & Retail Supplies Hub,Commercial & Retail Establishment · bakery
Mang Inasal,supermarket,14.882099,120.865992,"Pampanga, Pampanga",Pampanga,Central,(045) 961-0000 / 911,0,False,Commercial & Retail Supplies Hub,Commercial & Retail Establishment · fast_food
Watsons,supermarket,14.954551,120.901275,"Pampanga, Pampanga",Pampanga,Central,(045) 961-0000 / 911,0,False,Commercial & Retail Supplies Hub,Commercial & Retail Establishment · chemist
Expressions,supermarket,14.954462,120.900319,"Baliuag, Pampanga",Baliuag,Central,(045) 961-0000 / 911,0,False,Commercial & Retail Supplies Hub,Commercial & Retail Establishment · books
Total,gas_station,14.94259,120.88119,"Pampanga, Pampanga",Pampanga,Central,(045) 961-0000 / 911,0,False,Total Station,Gasoline & Diesel Fuel · Total
Camella Baliuag,government,14.965881,120.892903,"Pampanga, Pampanga",Pampanga,Central,(045) 961-0000 / 911,0,False,"Municipal, Civic & Landmark Building",Public Infrastructure & Community Landmark
Lin-Mer's Bakeshop,supermarket,14.956815,120.904279,"Pampanga, Pampanga",Pampanga,Central,(045) 961-0000 / 911,0,False,Commercial & Retail Supplies Hub,Commercial & Retail Establishment · bakery
Botika,pharmacy,14.913656,120.884175,"Pampanga, Pampanga",Pampanga,Central,(045) 961-0000 / 911,0,False,Pharmacy & Medical Supplies,"First-Aid, Essential Medications & Antibiotics"
Café Avelina,supermarket,14.944947,120.892289,"Pampanga, Pampanga",Pampanga,Central,(045) 961-0000 / 911,0,False,Commercial & Retail Supplies Hub,Commercial & Retail Establishment · cafe
CONVERGE,government,14.955409,120.886883,"Pampanga, Pampanga",Pampanga,Central,(045) 961-0000 / 911,0,False,"Municipal, Civic & Landmark Building",Public Infrastructure & Community Landmark
PLDT San Fernando Pampanga,supermarket,15.025929,120.690004,"S. Lazatin Street, Pampanga, Pampanga",Pampanga,Central,(045) 961-0000 / 911,0,False,Commercial & Retail Supplies Hub,Commercial & Retail Establishment · computer
Mr. JJ Supermart,supermarket,15.166458,120.583739,"Pampanga, Pampanga",Pampanga,Central,(045) 961-0000 / 911,0,False,Commercial & Retail Supplies Hub,Commercial & Retail Establishment · supermarket
RBI Steak House,supermarket,15.166374,120.585776,"Pampanga, Pampanga",Pampanga,Central,(045) 961-0000 / 911,0,False,Commercial & Retail Supplies Hub,Commercial & Retail Establishment · restaurant
DM Inns,government,15.164337,120.583929,"Pampanga, Pampanga",Pampanga,Central,(045) 961-0000 / 911,0,False,"Municipal, Civic & Landmark Building",Public Infrastructure & Community Landmark
Suya Haeundae Restaurant,supermarket,15.165874,120.585904,"Pampanga, Pampanga",Pampanga,Central,(045) 961-0000 / 911,0,False,Commercial & Retail Supplies Hub,Commercial & Retail Establishment · restaurant
McDonald's,supermarket,15.167913,120.579387,"Pampanga, Pampanga",Pampanga,Central,(045) 961-0000 / 911,0,False,Commercial & Retail Supplies Hub,Commercial & Retail Establishment · fast_food
2MJ Motorbike,government,15.167032,120.585562,"Fields Avenue, Pampanga, Pampanga",Pampanga,Central,+63(917)801 9617;+63(918)477 7748,0,False,"Municipal, Civic & Landmark Building",Public Infrastructure & Community Landmark
Jeepney: Main Gate - Friendship Terminal,government,15.166592,120.583191,"Pampanga, Pampanga",Pampanga,Central,(045) 961-0000 / 911,0,False,"Municipal, Civic & Landmark Building",Public Infrastructure & Community Landmark
Delcam,government,15.166291,120.582872,"Pampanga, Pampanga",Pampanga,Central,(045) 961-0000 / 911,0,False,"Municipal, Civic & Landmark Building",Public Infrastructure & Community Landmark
Mister Donut,supermarket,15.167906,120.581683,"Pampanga, Pampanga",Pampanga,Central,(045) 961-0000 / 911,0,False,Commercial & Retail Supplies Hub,Commercial & Retail Establishment · fast_food
KFC,supermarket,15.167908,120.581424,"Pampanga, Pampanga",Pampanga,Central,(045) 961-0000 / 911,0,False,Commercial & Retail Supplies Hub,Commercial & Retail Establishment · fast_food
Shakey's,supermarket,15.167906,120.580975,"Pampanga, Pampanga",Pampanga,Central,(045) 961-0000 / 911,0,False,Commercial & Retail Supplies Hub,Commercial & Retail Establishment · restaurant
Wendy's - SM City Clark,supermarket,15.167904,120.581723,"Manuel A. Roxas Highway, Clark Freeport Zone, Pampanga",Clark Freeport Zone,Central,+63 917 847 9290,0,False,Commercial & Retail Supplies Hub,Commercial & Retail Establishment · fast_food
Mother India,supermarket,15.166806,120.586072,"Raymond Street, Angeles City, Pampanga",Angeles City,Central,+63 999 761 7796,0,False,Commercial & Retail Supplies Hub,Commercial & Retail Establishment · restaurant
Rjen Computer Shop,supermarket,15.077488,120.942587,"Pampanga, Pampanga",Pampanga,Central,(045) 961-0000 / 911,0,False,Commercial & Retail Supplies Hub,Commercial & Retail Establishment · computer
PC Tools,supermarket,15.077218,120.942092,"Pampanga, Pampanga",Pampanga,Central,(045) 961-0000 / 911,0,False,Commercial & Retail Supplies Hub,Commercial & Retail Establishment · computer
May Computer Shop,government,15.081034,120.939934,"Cagayan Valley Road, Pampanga, Pampanga",Pampanga,Central,(045) 961-0000 / 911,0,False,"Municipal, Civic & Landmark Building",Public Infrastructure & Community Landmark
Picnic_site Facility,government,15.29982,120.930927,"Pampanga, Pampanga",Pampanga,Central,(045) 961-0000 / 911,0,False,"Municipal, Civic & Landmark Building",Public Infrastructure & Community Landmark
marlyn,supermarket,14.924846,120.572185,"Pampanga, Pampanga",Pampanga,Central,(045) 961-0000 / 911,0,False,Commercial & Retail Supplies Hub,Commercial & Retail Establishment · convenience
GDay's Internetshop,supermarket,14.886161,120.866912,"Pampanga, Pampanga",Pampanga,Central,(045) 961-0000 / 911,0,False,Commercial & Retail Supplies Hub,Commercial & Retail Establishment · computer
Cafe Shandy Internet Cafe,supermarket,14.887259,120.867444,"Pampanga, Pampanga",Pampanga,Central,(045) 961-0000 / 911,0,False,Commercial & Retail Supplies Hub,Commercial & Retail Establishment · computer
Sey' Kitchenette,supermarket,15.083182,120.633792,"San Fernando, Pampanga",San Fernando,Central,(045) 961-0000 / 911,0,False,Commercial & Retail Supplies Hub,Commercial & Retail Establishment · fast_food
josie,supermarket,14.916244,120.495549,"Pampanga, Pampanga",Pampanga,Central,(045) 961-0000 / 911,0,False,Commercial & Retail Supplies Hub,Commercial & Retail Establishment · convenience
SPAKBPI Cooperative Inc.,supermarket,14.809033,120.927038,"Pampanga, Pampanga",Pampanga,Central,(045) 961-0000 / 911,0,False,Commercial & Retail Supplies Hub,Commercial & Retail Establishment · bank
"Iglesia ni Cristo, Lokal ng San Isidro Apunan",government,15.28029,120.688878,"Pampanga, Pampanga",Pampanga,Central,(045) 961-0000 / 911,0,False,"Municipal, Civic & Landmark Building",Public Infrastructure & Community Landmark
Police Outpost,police,15.307841,120.665763,"Pampanga, Pampanga",Pampanga,Central,117 / 911,0,False,Police Station / Law Enforcement,24/7 Security & Search and Rescue Standby
RCS 2,supermarket,15.322637,120.652143,"Pampanga, Pampanga",Pampanga,Central,(045) 961-0000 / 911,0,False,Commercial & Retail Supplies Hub,Commercial & Retail Establishment · supermarket
RCS Supermart 1,supermarket,15.323869,120.65294,"Pampanga, Pampanga",Pampanga,Central,(045) 961-0000 / 911,0,False,Commercial & Retail Supplies Hub,Commercial & Retail Establishment · supermarket
"Iglesia ni Cristo, Lokal ng Balutu",government,15.303915,120.697087,"Pampanga, Pampanga",Pampanga,Central,(045) 961-0000 / 911,0,False,"Municipal, Civic & Landmark Building",Public Infrastructure & Community Landmark
"Iglesia ni Cristo, Lokal ng Alfonso",government,15.332675,120.640326,"Pampanga, Pampanga",Pampanga,Central,(045) 961-0000 / 911,0,False,"Municipal, Civic & Landmark Building",Public Infrastructure & Community Landmark
A. J. Health Care Drugstore,pharmacy,15.323172,120.655939,"L. Cortez Street, Concepcion, Pampanga",Concepcion,Central,(045) 961-0000 / 911,0,False,Pharmacy & Medical Supplies,"First-Aid, Essential Medications & Antibiotics"
Mercury Drug,pharmacy,15.323038,120.652212,"Juan Luna Street, Concepcion, Pampanga",Concepcion,Central,(045) 961-0000 / 911,0,False,Pharmacy & Medical Supplies,"First-Aid, Essential Medications & Antibiotics"
Church Landmark Building,government,15.288004,120.671814,"Pampanga, Pampanga",Pampanga,Central,(045) 961-0000 / 911,0,False,"Municipal, Civic & Landmark Building",Public Infrastructure & Community Landmark
Napeñas Hospital,hospital,15.320259,120.657711,"Pampanga, Pampanga",Pampanga,Central,(045) 961-0000 / 911,20,False,Primary Health Clinic / RHU,20 Beds · Hotline: (045) 961-0000 / 911
"Iglesia ni Cristo, Lokal ng Calius",government,15.293345,120.707934,"Pampanga, Pampanga",Pampanga,Central,(045) 961-0000 / 911,0,False,"Municipal, Civic & Landmark Building",Public Infrastructure & Community Landmark
Iglesia ni Cristo Lokal ng Magao,government,15.313366,120.73309,"Pampanga, Pampanga",Pampanga,Central,(045) 961-0000 / 911,0,False,"Municipal, Civic & Landmark Building",Public Infrastructure & Community Landmark
Uncle John's,supermarket,15.32484,120.650232,"Pampanga, Pampanga",Pampanga,Central,(045) 961-0000 / 911,0,False,Commercial & Retail Supplies Hub,Commercial & Retail Establishment · convenience
San Nicolas,government,15.293016,120.654082,"Pampanga, Pampanga",Pampanga,Central,(045) 961-0000 / 911,0,False,"Municipal, Civic & Landmark Building",Public Infrastructure & Community Landmark
Lugtu's Snack Haus,supermarket,15.324487,120.653483,"A. Mabini Street, Pampanga, Pampanga",Pampanga,Central,(045) 961-0000 / 911,0,False,Commercial & Retail Supplies Hub,Commercial & Retail Establishment · fast_food
Rural Bank of Angeles - Head Office,supermarket,15.135962,120.59165,"Miranda Street, Pampanga, Pampanga",Pampanga,Central,(045) 961-0000 / 911,0,False,Commercial & Retail Supplies Hub,Commercial & Retail Establishment · bank
RBA,supermarket,15.308824,120.946039,"Tinio Street, Pampanga, Pampanga",Pampanga,Central,(045) 961-0000 / 911,0,False,Commercial & Retail Supplies Hub,Commercial & Retail Establishment · bank
Galaxia Internet,supermarket,14.977986,120.891223,"Pampanga, Pampanga",Pampanga,Central,(045) 961-0000 / 911,0,False,Commercial & Retail Supplies Hub,Commercial & Retail Establishment · computer
Marvelous.net,supermarket,14.976571,120.892066,"Pampanga, Pampanga",Pampanga,Central,(045) 961-0000 / 911,0,False,Commercial & Retail Supplies Hub,Commercial & Retail Establishment · computer
Kurt Pisonet,supermarket,14.97961,120.889699,"Pampanga, Pampanga",Pampanga,Central,(045) 961-0000 / 911,0,False,Commercial & Retail Supplies Hub,Commercial & Retail Establishment · computer
princess,supermarket,15.008517,120.527318,"Pampanga, Pampanga",Pampanga,Central,(045) 961-0000 / 911,0,False,Commercial & Retail Supplies Hub,Commercial & Retail Establishment · convenience
lany,supermarket,15.007953,120.53477,"Pampanga, Pampanga",Pampanga,Central,(045) 961-0000 / 911,0,False,Commercial & Retail Supplies Hub,Commercial & Retail Establishment · convenience
susan,supermarket,14.983239,120.536062,"Pampanga, Pampanga",Pampanga,Central,(045) 961-0000 / 911,0,False,Commercial & Retail Supplies Hub,Commercial & Retail Establishment · convenience
3VR Store,supermarket,14.859994,120.808051,"Pampanga, Pampanga",Pampanga,Central,(045) 961-0000 / 911,0,False,Commercial & Retail Supplies Hub,Commercial & Retail Establishment · computer
Keith,government,14.971832,120.511831,"Pampanga, Pampanga",Pampanga,Central,(045) 961-0000 / 911,0,False,"Municipal, Civic & Landmark Building",Public Infrastructure & Community Landmark
Arjay Computer Shop,supermarket,14.899395,120.784427,"Pampanga, Pampanga",Pampanga,Central,(045) 961-0000 / 911,0,False,Commercial & Retail Supplies Hub,Commercial & Retail Establishment · computer
Monasteryo de Arayat,government,15.192501,120.775451,"Pampanga, Pampanga",Pampanga,Central,(045) 961-0000 / 911,0,False,"Municipal, Civic & Landmark Building",Public Infrastructure & Community Landmark
Delta Air Aviation Academy,government,14.890802,120.853547,"Pampanga, Pampanga",Pampanga,Central,(045) 961-0000 / 911,0,False,"Municipal, Civic & Landmark Building",Public Infrastructure & Community Landmark
Iglesia Ni Cristo - Lokal ng Mapalad,government,15.026301,120.938064,"Pampanga, Pampanga",Pampanga,Central,(045) 961-0000 / 911,0,False,"Municipal, Civic & Landmark Building",Public Infrastructure & Community Landmark
RRJ Pisonet,government,14.916773,120.767752,"Pampanga, Pampanga",Pampanga,Central,(045) 961-0000 / 911,0,False,"Municipal, Civic & Landmark Building",Public Infrastructure & Community Landmark
Maryzackzelmel Shop,supermarket,14.876568,120.949123,"Pampanga, Pampanga",Pampanga,Central,(045) 961-0000 / 911,0,False,Commercial & Retail Supplies Hub,Commercial & Retail Establishment · computer
Webnet Cafe,supermarket,14.862453,120.937048,"Pampanga, Pampanga",Pampanga,Central,(045) 961-0000 / 911,0,False,Commercial & Retail Supplies Hub,Commercial & Retail Establishment · computer
Boundary Magumbali and Salapungan,government,15.135546,120.915279,"Pampanga, Pampanga",Pampanga,Central,(045) 961-0000 / 911,0,False,"Municipal, Civic & Landmark Building",Public Infrastructure & Community Landmark
"Kape, atbp.",supermarket,14.836816,120.734148,"Pampanga, Pampanga",Pampanga,Central,(045) 961-0000 / 911,0,False,Commercial & Retail Supplies Hub,Commercial & Retail Establishment · cafe
Globe Telecom,supermarket,14.835695,120.733074,"M. H. del Pilar Street, Pampanga, Pampanga",Pampanga,Central,(045) 961-0000 / 911,0,False,Commercial & Retail Supplies Hub,Commercial & Retail Establishment · telecommunication
Flying V,gas_station,14.837606,120.737619,"Hagonoy-Paombong Road, Pampanga, Pampanga",Pampanga,Central,(045) 961-0000 / 911,0,False,Fuel Station,Gasoline & Diesel Fuel · Operational Fuel Point
Mercado Looban Bakery,supermarket,14.823104,120.725268,"Uron, Pampanga, Pampanga",Pampanga,Central,(045) 961-0000 / 911,0,False,Commercial & Retail Supplies Hub,Commercial & Retail Establishment · bakery
Putik's Pisonet Computer Shop,supermarket,14.823831,120.72369,"Uron, Pampanga, Pampanga",Pampanga,Central,(045) 961-0000 / 911,0,False,Commercial & Retail Supplies Hub,Commercial & Retail Establishment · computer
Klinika MJGB Children's Clinic,hospital,14.94395,120.912093,"General Alejo G. Santos Highway, Pampanga, Pampanga",Pampanga,Central,+639228325431,20,False,Primary Health Clinic / RHU,20 Beds · Hotline: +639228325431
DMC,gas_station,14.944049,120.912138,"General Alejo G. Santos Highway, Pampanga, Pampanga",Pampanga,Central,(045) 961-0000 / 911,0,False,Fuel Station,Gasoline & Diesel Fuel · Operational Fuel Point
I & F Vape and Ride,supermarket,14.822877,120.905421,"Pampanga, Pampanga",Pampanga,Central,(045) 961-0000 / 911,0,False,Commercial & Retail Supplies Hub,Commercial & Retail Establishment · cafe
Mariel,supermarket,14.93409,120.526625,"Pampanga, Pampanga",Pampanga,Central,(045) 961-0000 / 911,0,False,Commercial & Retail Supplies Hub,Commercial & Retail Establishment · convenience
Sanchez Internet Cafe,supermarket,15.153923,120.582006,"Rosal Street, Pampanga, Pampanga",Pampanga,Central,+63 45 304 2202,0,False,Commercial & Retail Supplies Hub,Commercial & Retail Establishment · cafe
Bar's Store,supermarket,15.153489,120.584681,"Apalit Street, Pampanga, Pampanga",Pampanga,Central,(045) 961-0000 / 911,0,False,Commercial & Retail Supplies Hub,Commercial & Retail Establishment · alcohol
Hyper X-Treme,supermarket,14.894234,120.864275,"Pampanga, Pampanga",Pampanga,Central,(045) 961-0000 / 911,0,False,Commercial & Retail Supplies Hub,Commercial & Retail Establishment · computer
Cyber Mavix Computer Center,government,14.901356,120.867445,"Pampanga, Pampanga",Pampanga,Central,(045) 961-0000 / 911,0,False,"Municipal, Civic & Landmark Building",Public Infrastructure & Community Landmark
MX2 Gaming,supermarket,14.95421,120.899591,"Pampanga, Pampanga",Pampanga,Central,(045) 961-0000 / 911,0,False,Commercial & Retail Supplies Hub,Commercial & Retail Establishment · computer
Nat n Gan Computer Shop,supermarket,14.896436,120.778729,"Pampanga, Pampanga",Pampanga,Central,(045) 961-0000 / 911,0,False,Commercial & Retail Supplies Hub,Commercial & Retail Establishment · computer
U.B Internet Cafe,supermarket,14.952325,120.893775,"Pampanga, Pampanga",Pampanga,Central,(045) 961-0000 / 911,0,False,Commercial & Retail Supplies Hub,Commercial & Retail Establishment · computer
JACAT Cyber Cafe,supermarket,14.953086,120.899433,"Pampanga, Pampanga",Pampanga,Central,(045) 961-0000 / 911,0,False,Commercial & Retail Supplies Hub,Commercial & Retail Establishment · computer
Pacific Gaming,supermarket,14.953485,120.899264,"Pampanga, Pampanga",Pampanga,Central,(045) 961-0000 / 911,0,False,Commercial & Retail Supplies Hub,Commercial & Retail Establishment · computer
Liam Core Internet Cafe,supermarket,14.954171,120.899488,"Pampanga, Pampanga",Pampanga,Central,(045) 961-0000 / 911,0,False,Commercial & Retail Supplies Hub,Commercial & Retail Establishment · computer
Bitzer Cyber Cafe,supermarket,14.955247,120.899805,"Pampanga, Pampanga",Pampanga,Central,(045) 961-0000 / 911,0,False,Commercial & Retail Supplies Hub,Commercial & Retail Establishment · computer
Baliuag yug dating visit,supermarket,14.957617,120.897468,"Balagtas Street, Pampanga, Pampanga",Pampanga,Central,(045) 961-0000 / 911,0,False,Commercial & Retail Supplies Hub,Commercial & Retail Establishment · computer
Babyruth Internet Shop,supermarket,14.894796,120.864326,"Pampanga, Pampanga",Pampanga,Central,(045) 961-0000 / 911,0,False,Commercial & Retail Supplies Hub,Commercial & Retail Establishment · computer
BATDAI TODA,government,15.153348,120.583102,"Pampanga, Pampanga",Pampanga,Central,(045) 961-0000 / 911,0,False,"Municipal, Civic & Landmark Building",Public Infrastructure & Community Landmark
Bangcal Bakery,supermarket,15.153358,120.582674,"Pampanga, Pampanga",Pampanga,Central,(045) 961-0000 / 911,0,False,Commercial & Retail Supplies Hub,Commercial & Retail Establishment · bakery
Sagun Residence,government,15.153343,120.582921,"Pampanga, Pampanga",Pampanga,Central,(045) 961-0000 / 911,0,False,"Municipal, Civic & Landmark Building",Public Infrastructure & Community Landmark
Beat Place,supermarket,15.15458,120.583832,"Pampanga, Pampanga",Pampanga,Central,(045) 961-0000 / 911,0,False,Commercial & Retail Supplies Hub,Commercial & Retail Establishment · seafood
Jojo's Car Services,supermarket,15.153425,120.582803,"Pampanga, Pampanga",Pampanga,Central,(045) 961-0000 / 911,0,False,Commercial & Retail Supplies Hub,Commercial & Retail Establishment · car_repair
Apple Internet Cafe,supermarket,14.954728,120.900041,"Pampanga, Pampanga",Pampanga,Central,(045) 961-0000 / 911,0,False,Commercial & Retail Supplies Hub,Commercial & Retail Establishment · computer
BDO,supermarket,15.299967,120.947926,"Cagayan Valley Road, Pampanga, Pampanga",Pampanga,Central,(045) 961-0000 / 911,0,False,Commercial & Retail Supplies Hub,Commercial & Retail Establishment · bank
Santo Cristo Norte Health Center,hospital,15.279715,120.948125,"Cagayan Valley Road, Pampanga, Pampanga",Pampanga,Central,(045) 961-0000 / 911,20,False,Primary Health Clinic / RHU,20 Beds · Hotline: (045) 961-0000 / 911
Pearl Diamond,government,14.947634,120.913967,"General Alejo G. Santos Highway, Pampanga, Pampanga",Pampanga,Central,(045) 961-0000 / 911,0,False,"Municipal, Civic & Landmark Building",Public Infrastructure & Community Landmark
Bliss Hotel,government,15.039255,120.672937,"Lazatin Boulevard, Pampanga, Pampanga",Pampanga,Central,(045) 961-0000 / 911,0,False,"Municipal, Civic & Landmark Building",Public Infrastructure & Community Landmark
Muceno Food Park,supermarket,15.155764,120.583441,"Pampanga, Pampanga",Pampanga,Central,(045) 961-0000 / 911,0,False,Commercial & Retail Supplies Hub,Commercial & Retail Establishment · fast_food
Rizal Parlor Shop,supermarket,15.153433,120.583206,"Pampanga, Pampanga",Pampanga,Central,(045) 961-0000 / 911,0,False,Commercial & Retail Supplies Hub,Commercial & Retail Establishment · beauty
Plaza Tricycle Terminal,government,15.155642,120.583385,"Pampanga, Pampanga",Pampanga,Central,(045) 961-0000 / 911,0,False,"Municipal, Civic & Landmark Building",Public Infrastructure & Community Landmark
Convenience Store,supermarket,14.948087,120.567188,"Pampanga, Pampanga",Pampanga,Central,(045) 961-0000 / 911,0,False,Commercial & Retail Supplies Hub,Commercial & Retail Establishment · convenience
gary,supermarket,14.875242,120.531747,"Pampanga, Pampanga",Pampanga,Central,(045) 961-0000 / 911,0,False,Commercial & Retail Supplies Hub,Commercial & Retail Establishment · convenience
Producers Bank,supermarket,14.804704,120.916195,"Pampanga, Pampanga",Pampanga,Central,(045) 961-0000 / 911,0,False,Commercial & Retail Supplies Hub,Commercial & Retail Establishment · bank
Flinvest - Claremont Subdivision,government,15.227633,120.599117,"Pampanga, Pampanga",Pampanga,Central,+63 906 245 1689,0,False,"Municipal, Civic & Landmark Building",Public Infrastructure & Community Landmark
Bisikleta Santa Rita,supermarket,14.858455,120.859052,"Pampanga, Pampanga",Pampanga,Central,(045) 961-0000 / 911,0,False,Commercial & Retail Supplies Hub,Commercial & Retail Establishment · bicycle
1,government,14.837034,120.936694,"Pampanga, Pampanga",Pampanga,Central,(045) 961-0000 / 911,0,False,"Municipal, Civic & Landmark Building",Public Infrastructure & Community Landmark
Wenshoppe,supermarket,14.815907,120.729486,"Pampanga, Pampanga",Pampanga,Central,(045) 961-0000 / 911,0,False,Commercial & Retail Supplies Hub,Commercial & Retail Establishment · computer
Pinatubo Brewing Point,government,15.162803,120.556918,"Pampanga, Pampanga",Pampanga,Central,(045) 961-0000 / 911,0,False,"Municipal, Civic & Landmark Building",Public Infrastructure & Community Landmark
OEC WiFi Solutions,supermarket,14.911262,120.710642,"Sto Rosario, Macabebe, Pampanga",Macabebe,Central,(045) 961-0000 / 911,0,False,Commercial & Retail Supplies Hub,Commercial & Retail Establishment · electronics
JMJ Montessori,school,14.911701,120.71047,"Pampanga, Pampanga",Pampanga,Central,(045) 961-0000 / 911,0,False,Evacuation Shelter / Education Facility,High-Ground Evacuation Shelter · Relief Goods Depot
Foursquare Retreat Center,government,15.087511,120.632933,"Pampanga, Pampanga",Pampanga,Central,(045) 961-0000 / 911,0,False,"Municipal, Civic & Landmark Building",Public Infrastructure & Community Landmark
Lord of the BreakthroughFoursquare Church,government,15.087491,120.633084,"Pampanga, Pampanga",Pampanga,Central,(045) 961-0000 / 911,0,False,"Municipal, Civic & Landmark Building",Public Infrastructure & Community Landmark
NGCP Mexico SS,government,15.056081,120.716586,"Pampanga, Pampanga",Pampanga,Central,(045) 961-0000 / 911,0,False,"Municipal, Civic & Landmark Building",Public Infrastructure & Community Landmark
debby,supermarket,14.984273,120.535403,"Pampanga, Pampanga",Pampanga,Central,(045) 961-0000 / 911,0,False,Commercial & Retail Supplies Hub,Commercial & Retail Establishment · convenience
AMA Delta Air Aviation Academy,government,14.891413,120.853342,"Pampanga, Pampanga",Pampanga,Central,(045) 961-0000 / 911,0,False,"Municipal, Civic & Landmark Building",Public Infrastructure & Community Landmark
Clark Freeport Post Office,government,15.177435,120.517234,"Carlos P. Garcia Street, Mabalacat, Pampanga",Mabalacat,Central,(045) 961-0000 / 911,0,False,"Municipal, Civic & Landmark Building",Public Infrastructure & Community Landmark
Clark Waste Management,government,15.17729,120.52698,"Pampanga, Pampanga",Pampanga,Central,(045) 961-0000 / 911,0,False,"Municipal, Civic & Landmark Building",Public Infrastructure & Community Landmark
Sutherland,government,15.177533,120.526382,"Pampanga, Pampanga",Pampanga,Central,(045) 961-0000 / 911,0,False,"Municipal, Civic & Landmark Building",Public Infrastructure & Community Landmark
U Super Service Center,government,15.141152,120.587946,"Pampanga, Pampanga",Pampanga,Central,(045) 961-0000 / 911,0,False,"Municipal, Civic & Landmark Building",Public Infrastructure & Community Landmark
Jerm Computer Shop,government,14.806221,120.936302,"Pampanga, Pampanga",Pampanga,Central,(045) 961-0000 / 911,0,False,"Municipal, Civic & Landmark Building",Public Infrastructure & Community Landmark
OFW One Stop Shop,government,15.181806,120.511239,"Jose Abad Santos Avenue, Pampanga, Pampanga",Pampanga,Central,(045) 961-0000 / 911,0,False,"Municipal, Civic & Landmark Building",Public Infrastructure & Community Landmark
mila,supermarket,14.997483,120.531507,"Pampanga, Pampanga",Pampanga,Central,(045) 961-0000 / 911,0,False,Commercial & Retail Supplies Hub,Commercial & Retail Establishment · convenience
7-Eleven,supermarket,15.164523,120.583419,"Narciso Street, Pampanga, Pampanga",Pampanga,Central,(045) 961-0000 / 911,0,False,Commercial & Retail Supplies Hub,Commercial & Retail Establishment · convenience
REDD CONDOHOTEL,government,15.045099,120.686752,"Pampanga, Pampanga",Pampanga,Central,(045) 961-0000 / 911,0,False,"Municipal, Civic & Landmark Building",Public Infrastructure & Community Landmark
Pabasa ng Duquit,supermarket,15.181347,120.603745,"Pampanga, Pampanga",Pampanga,Central,(045) 961-0000 / 911,0,False,Commercial & Retail Supplies Hub,Commercial & Retail Establishment · beverages
sagum mansion,government,15.059625,120.806068,"Pampanga, Pampanga",Pampanga,Central,(045) 961-0000 / 911,0,False,"Municipal, Civic & Landmark Building",Public Infrastructure & Community Landmark
Botica sa Sumapa,pharmacy,14.858514,120.820322,"Sumapa Ligas Road, Pampanga, Pampanga",Pampanga,Central,(045) 961-0000 / 911,0,False,Pharmacy & Medical Supplies,"First-Aid, Essential Medications & Antibiotics"
"lokal ng niugan, malolos. bul.",government,14.820747,120.855764,"Pampanga, Pampanga",Pampanga,Central,(045) 961-0000 / 911,0,False,"Municipal, Civic & Landmark Building",Public Infrastructure & Community Landmark
AZON's Grocery Store,supermarket,14.870037,120.771063,"Pampanga, Pampanga",Pampanga,Central,(045) 961-0000 / 911,0,False,Commercial & Retail Supplies Hub,Commercial & Retail Establishment · convenience
Delta Air Aviation Academy,government,14.889168,120.853994,"Pampanga, Pampanga",Pampanga,Central,(045) 961-0000 / 911,0,False,"Municipal, Civic & Landmark Building",Public Infrastructure & Community Landmark
Sagum res,government,15.059652,120.806036,"Pampanga, Pampanga",Pampanga,Central,(045) 961-0000 / 911,0,False,"Municipal, Civic & Landmark Building",Public Infrastructure & Community Landmark
Lake Forest Resort Mexico Pampanga,government,15.077165,120.693381,"Pampanga, Pampanga",Pampanga,Central,(045) 961-0000 / 911,0,False,"Municipal, Civic & Landmark Building",Public Infrastructure & Community Landmark
Casa San Francisco,government,14.903454,120.849169,"Pampanga, Pampanga",Pampanga,Central,(045) 961-0000 / 911,0,False,"Municipal, Civic & Landmark Building",Public Infrastructure & Community Landmark
Butterfly House,government,14.903518,120.842998,"Pampanga, Pampanga",Pampanga,Central,(045) 961-0000 / 911,0,False,"Municipal, Civic & Landmark Building",Public Infrastructure & Community Landmark
Plantationville Resort,government,15.261866,120.526538,"Pampanga, Pampanga",Pampanga,Central,(045) 961-0000 / 911,0,False,"Municipal, Civic & Landmark Building",Public Infrastructure & Community Landmark
Dimla Auto Shop,supermarket,15.282017,120.523817,"Pampanga, Pampanga",Pampanga,Central,(045) 961-0000 / 911,0,False,Commercial & Retail Supplies Hub,Commercial & Retail Establishment · bicycle
Aris Sibal Residence,government,15.284723,120.528447,"Pampanga, Pampanga",Pampanga,Central,(045) 961-0000 / 911,0,False,"Municipal, Civic & Landmark Building",Public Infrastructure & Community Landmark
Castor residence  (koykoy),government,15.219134,120.861655,"purok 7, Pampanga, Pampanga",Pampanga,Central,(045) 961-0000 / 911,0,False,"Municipal, Civic & Landmark Building",Public Infrastructure & Community Landmark
Alam Tangkilik,government,15.226031,120.859722,"Pampanga, Pampanga",Pampanga,Central,(045) 961-0000 / 911,0,False,"Municipal, Civic & Landmark Building",Public Infrastructure & Community Landmark
Iglesia ni cristo,government,15.219869,120.861087,"Pampanga, Pampanga",Pampanga,Central,(045) 961-0000 / 911,0,False,"Municipal, Civic & Landmark Building",Public Infrastructure & Community Landmark
Aro Farm resort,government,15.215604,120.814854,"Pampanga, Pampanga",Pampanga,Central,(045) 961-0000 / 911,0,False,"Municipal, Civic & Landmark Building",Public Infrastructure & Community Landmark
Puregold,supermarket,15.174493,120.589423,"Pampanga, Pampanga",Pampanga,Central,(045) 961-0000 / 911,0,False,Commercial & Retail Supplies Hub,Commercial & Retail Establishment · supermarket
PDEA RO3 Satellite Office,government,15.178779,120.52425,"Pinatubo Street, Pampanga, Pampanga",Pampanga,Central,(045) 961-0000 / 911,0,False,"Municipal, Civic & Landmark Building",Public Infrastructure & Community Landmark
Mobile_phone Store,supermarket,15.207441,120.914465,"Pampanga, Pampanga",Pampanga,Central,(045) 961-0000 / 911,0,False,Commercial & Retail Supplies Hub,Commercial & Retail Establishment · mobile_phone
Beverly Place Golf Course,government,15.071001,120.687664,"Pampanga, Pampanga",Pampanga,Central,(045) 961-0000 / 911,0,False,"Municipal, Civic & Landmark Building",Public Infrastructure & Community Landmark
D'Chung Resto,supermarket,14.901997,120.853939,"Pulilan Regional Road, Pampanga, Pampanga",Pampanga,Central,+63 44 215 6685,0,False,Commercial & Retail Supplies Hub,Commercial & Retail Establishment · restaurant
D'Chung Buko Pie & Pasalubong,supermarket,15.030305,120.715715,"North Luzon Expressway, San Fernando, Pampanga",San Fernando,Central,+63 44 215 7094,0,False,Commercial & Retail Supplies Hub,Commercial & Retail Establishment · confectionery
D'Chung Buko Pie,supermarket,14.902177,120.853944,"Pulilan Regional Road, Pampanga, Pampanga",Pampanga,Central,(045) 961-0000 / 911,0,False,Commercial & Retail Supplies Hub,Commercial & Retail Establishment · bakery
San Jose & Santa Clara Catholic Trade Enterprise,supermarket,14.902041,120.848563,"Pampanga, Pampanga",Pampanga,Central,(045) 961-0000 / 911,0,False,Commercial & Retail Supplies Hub,Commercial & Retail Establishment · gift
Mt. Arayat National Park,government,15.174316,120.763712,"Pampanga, Pampanga",Pampanga,Central,(045) 961-0000 / 911,0,False,"Municipal, Civic & Landmark Building",Public Infrastructure & Community Landmark
the Guys Greatest iCafe,supermarket,15.326496,120.637565,"phase 4 Cope Subdivision, Pampanga, Pampanga",Pampanga,Central,(045) 961-0000 / 911,0,False,Commercial & Retail Supplies Hub,Commercial & Retail Establishment · cafe
Landbank,supermarket,15.175699,120.588005,"MacArthur Highway, Pampanga, Pampanga",Pampanga,Central,(045) 961-0000 / 911,0,False,Commercial & Retail Supplies Hub,Commercial & Retail Establishment · bank
MTPerez Optical,supermarket,15.17824,120.586937,"MacArthur Highway, Pampanga, Pampanga",Pampanga,Central,(045) 961-0000 / 911,0,False,Commercial & Retail Supplies Hub,Commercial & Retail Establishment · optician
Fresh Options,supermarket,15.180924,120.586602,"MacArthur Highway, Pampanga, Pampanga",Pampanga,Central,(045) 961-0000 / 911,0,False,Commercial & Retail Supplies Hub,Commercial & Retail Establishment · butcher
LJ Bicycle Store and Repair Shop,supermarket,15.142735,120.58828,"Jake Gonzales Boulevard, Pampanga, Pampanga",Pampanga,Central,(045) 961-0000 / 911,0,False,Commercial & Retail Supplies Hub,Commercial & Retail Establishment · bicycle
GCRC PC Shop,supermarket,14.832277,120.862835,"Pampanga, Pampanga",Pampanga,Central,(045) 961-0000 / 911,0,False,Commercial & Retail Supplies Hub,Commercial & Retail Establishment · computer
Gina Store,supermarket,14.828262,120.876086,"Pampanga, Pampanga",Pampanga,Central,(045) 961-0000 / 911,0,False,Commercial & Retail Supplies Hub,Commercial & Retail Establishment · trade
Bubble Magic,supermarket,14.828322,120.876931,"Pampanga, Pampanga",Pampanga,Central,(045) 961-0000 / 911,0,False,Commercial & Retail Supplies Hub,Commercial & Retail Establishment · laundry
Santo Rosario Daycare Center,government,14.816161,120.72965,"Pampanga, Pampanga",Pampanga,Central,(045) 961-0000 / 911,0,False,"Municipal, Civic & Landmark Building",Public Infrastructure & Community Landmark
Banahaw Spa,supermarket,14.837225,120.734966,"Pampanga, Pampanga",Pampanga,Central,(045) 961-0000 / 911,0,False,Commercial & Retail Supplies Hub,Commercial & Retail Establishment · cosmetics
Stio. Buga Elementary School,school,14.820698,120.757229,"Pampanga, Pampanga",Pampanga,Central,(045) 961-0000 / 911,0,False,Evacuation Shelter / Education Facility,High-Ground Evacuation Shelter · Relief Goods Depot
HWCS KINDER,school,14.81611,120.72806,"Pampanga, Pampanga",Pampanga,Central,(045) 961-0000 / 911,0,False,Evacuation Shelter / Education Facility,High-Ground Evacuation Shelter · Relief Goods Depot
Stio Buga Elementary School,school,14.817837,120.760536,"Pampanga, Pampanga",Pampanga,Central,(045) 961-0000 / 911,0,False,Evacuation Shelter / Education Facility,High-Ground Evacuation Shelter · Relief Goods Depot
RTC,supermarket,14.81629,120.73052,"Pampanga, Pampanga",Pampanga,Central,(045) 961-0000 / 911,0,False,Commercial & Retail Supplies Hub,Commercial & Retail Establishment · seafood
Rtc hardware,supermarket,14.816738,120.730555,"Pampanga, Pampanga",Pampanga,Central,(045) 961-0000 / 911,0,False,Commercial & Retail Supplies Hub,Commercial & Retail Establishment · hardware
Sitio Buga Day Care Center,government,14.839784,120.765614,"Pampanga, Pampanga",Pampanga,Central,(045) 961-0000 / 911,0,False,"Municipal, Civic & Landmark Building",Public Infrastructure & Community Landmark
CJ Annes Internet Shop BR2,supermarket,14.86125,120.928884,"Pampanga, Pampanga",Pampanga,Central,(045) 961-0000 / 911,0,False,Commercial & Retail Supplies Hub,Commercial & Retail Establishment · computer
CJ Annes Internet Cafe BR1,supermarket,14.861263,120.928366,"Pampanga, Pampanga",Pampanga,Central,(045) 961-0000 / 911,0,False,Commercial & Retail Supplies Hub,Commercial & Retail Establishment · computer
CJ Annes Internet Cafe BR3,supermarket,14.861341,120.928376,"Pampanga, Pampanga",Pampanga,Central,(045) 961-0000 / 911,0,False,Commercial & Retail Supplies Hub,Commercial & Retail Establishment · computer
Rebic's Express Pisonet,supermarket,14.951366,120.888339,"Pampanga, Pampanga",Pampanga,Central,(045) 961-0000 / 911,0,False,Commercial & Retail Supplies Hub,Commercial & Retail Establishment · computer
Kuya Rickz Internet Cafe,government,14.947367,120.759122,"Pampanga, Pampanga",Pampanga,Central,(045) 961-0000 / 911,0,False,"Municipal, Civic & Landmark Building",Public Infrastructure & Community Landmark
Gardeners School,school,14.956974,120.878428,"Pampanga, Pampanga",Pampanga,Central,(045) 961-0000 / 911,0,False,Evacuation Shelter / Education Facility,High-Ground Evacuation Shelter · Relief Goods Depot
Power Fill Distribution Office,government,14.838445,120.830135,"malolos, Pampanga",malolos,Central,(045) 961-0000 / 911,0,False,"Municipal, Civic & Landmark Building",Public Infrastructure & Community Landmark
RJcybere,supermarket,14.830565,120.890245,"Pampanga, Pampanga",Pampanga,Central,(045) 961-0000 / 911,0,False,Commercial & Retail Supplies Hub,Commercial & Retail Establishment · computer
Balagtas Resort,government,14.82555,120.906719,"Pampanga, Pampanga",Pampanga,Central,(045) 961-0000 / 911,0,False,"Municipal, Civic & Landmark Building",Public Infrastructure & Community Landmark
Boyong's kainan,supermarket,14.816256,120.94873,"Pampanga, Pampanga",Pampanga,Central,(045) 961-0000 / 911,0,False,Commercial & Retail Supplies Hub,Commercial & Retail Establishment · fast_food
RJ bike shop,supermarket,14.812778,120.948842,"Pampanga, Pampanga",Pampanga,Central,(045) 961-0000 / 911,0,False,Commercial & Retail Supplies Hub,Commercial & Retail Establishment · bicycle
Motorstar,supermarket,14.812038,120.948464,"Pampanga, Pampanga",Pampanga,Central,(045) 961-0000 / 911,0,False,Commercial & Retail Supplies Hub,Commercial & Retail Establishment · motorcycle
Mary's computer store,government,15.1113,120.627333,"Pampanga, Pampanga",Pampanga,Central,(045) 961-0000 / 911,0,False,"Municipal, Civic & Landmark Building",Public Infrastructure & Community Landmark
Jacavis Gaming,supermarket,14.859483,120.807801,"Camia Street, Pampanga, Pampanga",Pampanga,Central,(045) 961-0000 / 911,0,False,Commercial & Retail Supplies Hub,Commercial & Retail Establishment · computer
Trail 1 via Tabuyuc - Balucuc Road,government,14.92424,120.782464,"Pampanga, Pampanga",Pampanga,Central,(045) 961-0000 / 911,0,False,"Municipal, Civic & Landmark Building",Public Infrastructure & Community Landmark
Team Earls Malolos City 2,government,14.841813,120.847801,"MacArthur Highway, San Pablo, Malolos, Pampanga","San Pablo, Malolos",Central,+639278238888,0,False,"Municipal, Civic & Landmark Building",Public Infrastructure & Community Landmark
Janella Cafe,supermarket,14.816864,120.727644,"Pampanga, Pampanga",Pampanga,Central,(045) 961-0000 / 911,0,False,Commercial & Retail Supplies Hub,Commercial & Retail Establishment · computer
M Lhuillier,supermarket,15.307892,120.945309,"Jose Abad Santos Avenue, Pampanga, Pampanga",Pampanga,Central,(045) 961-0000 / 911,0,False,Commercial & Retail Supplies Hub,Commercial & Retail Establishment · pawnbroker
Bike Hub,supermarket,15.051911,120.703833,"National Road to Mexico, Pampanga, Pampanga",Pampanga,Central,(045) 961-0000 / 911,0,False,Commercial & Retail Supplies Hub,Commercial & Retail Establishment · bicycle
Computer Store,supermarket,14.848413,120.814893,"Pampanga, Pampanga",Pampanga,Central,(045) 961-0000 / 911,0,False,Commercial & Retail Supplies Hub,Commercial & Retail Establishment · computer
Shy's Pisonet,supermarket,14.859503,120.836452,"Pampanga, Pampanga",Pampanga,Central,(045) 961-0000 / 911,0,False,Commercial & Retail Supplies Hub,Commercial & Retail Establishment · computer
Traffic Management and Enforcement Unit,government,15.16475,120.608182,"Don Aniceto Gueco Avenue, Pampanga, Pampanga",Pampanga,Central,(045) 961-0000 / 911,0,False,"Municipal, Civic & Landmark Building",Public Infrastructure & Community Landmark
Gina T,supermarket,15.138631,120.58976,"Pampanga, Pampanga",Pampanga,Central,(045) 961-0000 / 911,0,False,Commercial & Retail Supplies Hub,Commercial & Retail Establishment · bakery
Mexico SS,government,15.056118,120.716601,"Pampanga, Pampanga",Pampanga,Central,(045) 961-0000 / 911,0,False,"Municipal, Civic & Landmark Building",Public Infrastructure & Community Landmark
Hermosa SS,government,14.866137,120.493241,"Pampanga, Pampanga",Pampanga,Central,(045) 961-0000 / 911,0,False,"Municipal, Civic & Landmark Building",Public Infrastructure & Community Landmark
JNG Net Cafe,supermarket,14.955648,120.775911,"Pampanga, Pampanga",Pampanga,Central,(045) 961-0000 / 911,0,False,Commercial & Retail Supplies Hub,Commercial & Retail Establishment · computer
Jabe Computer Shop,supermarket,14.97999,120.753423,"Pampanga, Pampanga",Pampanga,Central,(045) 961-0000 / 911,0,False,Commercial & Retail Supplies Hub,Commercial & Retail Establishment · computer
LBC,government,14.952365,120.758817,"Pampanga, Pampanga",Pampanga,Central,(045) 961-0000 / 911,0,False,"Municipal, Civic & Landmark Building",Public Infrastructure & Community Landmark
Dsam24 Internet Cafe,government,14.949042,120.757302,"Pampanga, Pampanga",Pampanga,Central,(045) 961-0000 / 911,0,False,"Municipal, Civic & Landmark Building",Public Infrastructure & Community Landmark
Washpoint,supermarket,14.94872,120.755372,"Pampanga, Pampanga",Pampanga,Central,(045) 961-0000 / 911,0,False,Commercial & Retail Supplies Hub,Commercial & Retail Establishment · laundry
Bale Marangle,government,14.990776,120.619681,"Guagua-Santa Rita-Porac Road, Pampanga, Pampanga",Pampanga,Central,(045) 961-0000 / 911,0,False,"Municipal, Civic & Landmark Building",Public Infrastructure & Community Landmark
Webhouse Computer Shop,government,15.077359,120.942007,"E. Viudez Street, Pampanga, Pampanga",Pampanga,Central,(045) 961-0000 / 911,0,False,"Municipal, Civic & Landmark Building",Public Infrastructure & Community Landmark
Keiru Coin-Op Internet Cafe,government,14.832075,120.884439,"Pampanga, Pampanga",Pampanga,Central,(045) 961-0000 / 911,0,False,"Municipal, Civic & Landmark Building",Public Infrastructure & Community Landmark
Internetterz Cyber Cafe,supermarket,15.074267,120.944878,"Pampanga, Pampanga",Pampanga,Central,(045) 961-0000 / 911,0,False,Commercial & Retail Supplies Hub,Commercial & Retail Establishment · computer
Ducky Prints,supermarket,14.86139,120.843306,"Pampanga, Pampanga",Pampanga,Central,(045) 961-0000 / 911,0,False,Commercial & Retail Supplies Hub,Commercial & Retail Establishment · computer
7-Eleven,supermarket,15.132261,120.597667,"MacArthur Highway, Ángeles, Pampanga",Ángeles,Central,(045) 961-0000 / 911,0,False,Commercial & Retail Supplies Hub,Commercial & Retail Establishment · convenience
DTI Region 3 Regional Office,government,15.066657,120.65683,"Malikhain Street, Pampanga, Pampanga",Pampanga,Central,+63 45 625 9290,0,False,"Municipal, Civic & Landmark Building",Public Infrastructure & Community Landmark
Delia's Buko,supermarket,15.094508,120.940873,"Cagayan Valley Road, Pampanga, Pampanga",Pampanga,Central,(045) 961-0000 / 911,0,False,Commercial & Retail Supplies Hub,Commercial & Retail Establishment · farm
Philneth store,supermarket,15.064233,120.907637,"Pampanga, Pampanga",Pampanga,Central,(045) 961-0000 / 911,0,False,Commercial & Retail Supplies Hub,Commercial & Retail Establishment · convenience
Gudaca Litson,supermarket,14.828064,120.875904,"Pampanga, Pampanga",Pampanga,Central,(045) 961-0000 / 911,0,False,Commercial & Retail Supplies Hub,Commercial & Retail Establishment · fast_food
Minalin Museum and Library,government,14.967489,120.682943,"Pampanga, Pampanga",Pampanga,Central,(045) 961-0000 / 911,0,False,"Municipal, Civic & Landmark Building",Public Infrastructure & Community Landmark
7-Eleven,supermarket,14.967446,120.684012,"Pampanga, Pampanga",Pampanga,Central,(045) 961-0000 / 911,0,False,Commercial & Retail Supplies Hub,Commercial & Retail Establishment · convenience
Pilot Depo Internet Cafe,supermarket,14.954307,120.896784,"Pampanga, Pampanga",Pampanga,Central,(045) 961-0000 / 911,0,False,Commercial & Retail Supplies Hub,Commercial & Retail Establishment · computer
CAC Pharmacy,pharmacy,14.971701,120.943291,"Pampanga, Pampanga",Pampanga,Central,(045) 961-0000 / 911,0,False,Pharmacy & Medical Supplies,"First-Aid, Essential Medications & Antibiotics"
Car Wash,government,14.967542,120.684363,"Pampanga, Pampanga",Pampanga,Central,(045) 961-0000 / 911,0,False,"Municipal, Civic & Landmark Building",Public Infrastructure & Community Landmark
Jimmy,supermarket,14.966355,120.680339,"Pampanga, Pampanga",Pampanga,Central,(045) 961-0000 / 911,0,False,Commercial & Retail Supplies Hub,Commercial & Retail Establishment · copyshop
Lumanog's Farmville,supermarket,14.989694,120.703656,"Pampanga, Pampanga",Pampanga,Central,(045) 961-0000 / 911,0,False,Commercial & Retail Supplies Hub,Commercial & Retail Establishment · restaurant
Minalin Fire Station,fire_station,14.968942,120.684301,"Pampanga, Pampanga",Pampanga,Central,160 / 911,0,False,Fire & Rescue Station,Fire Pumper Engines & Emergency Water Rescue
Michelle Pisonet,government,14.884929,120.842303,"Pampanga, Pampanga",Pampanga,Central,(045) 961-0000 / 911,0,False,"Municipal, Civic & Landmark Building",Public Infrastructure & Community Landmark
Vash Pisonet,government,14.885587,120.844618,"Pampanga, Pampanga",Pampanga,Central,(045) 961-0000 / 911,0,False,"Municipal, Civic & Landmark Building",Public Infrastructure & Community Landmark
Fivernet Computer Shop,government,14.901743,120.865492,"Pampanga, Pampanga",Pampanga,Central,(045) 961-0000 / 911,0,False,"Municipal, Civic & Landmark Building",Public Infrastructure & Community Landmark
MC Store,supermarket,14.967457,120.683575,"Pampanga, Pampanga",Pampanga,Central,(045) 961-0000 / 911,0,False,Commercial & Retail Supplies Hub,Commercial & Retail Establishment · supermarket
Minalin Cockpit Arena,government,14.982041,120.699341,"Pampanga, Pampanga",Pampanga,Central,(045) 961-0000 / 911,0,False,"Municipal, Civic & Landmark Building",Public Infrastructure & Community Landmark
Adidas,supermarket,15.030301,120.71513,"North Luzon Expressway, San Fernando, Pampanga",San Fernando,Central,(045) 961-0000 / 911,0,False,Commercial & Retail Supplies Hub,Commercial & Retail Establishment · sports
Kenny Rogers Roasters,supermarket,15.030641,120.714911,"North Luzon Expressway, San Fernando, Pampanga",San Fernando,Central,(045) 961-0000 / 911,0,False,Commercial & Retail Supplies Hub,Commercial & Retail Establishment · restaurant
Lorek Computer Shop,supermarket,14.842468,120.81412,"Pampanga, Pampanga",Pampanga,Central,(045) 961-0000 / 911,0,False,Commercial & Retail Supplies Hub,Commercial & Retail Establishment · computer
Makapilapil Barangay Hall,government,15.089111,120.938483,"Pampanga, Pampanga",Pampanga,Central,(045) 961-0000 / 911,0,False,"Municipal, Civic & Landmark Building",Public Infrastructure & Community Landmark
Abulalas Outpost,government,14.859107,120.768091,"Pampanga, Pampanga",Pampanga,Central,+63 948 444 5755,0,False,"Municipal, Civic & Landmark Building",Public Infrastructure & Community Landmark
Door of Faith,government,14.858429,120.765764,"Abulalas Road, Pampanga, Pampanga",Pampanga,Central,+63 948 444 5755,0,False,"Municipal, Civic & Landmark Building",Public Infrastructure & Community Landmark
Papaya Barangay Hall,government,15.320872,120.836234,"Pampanga, Pampanga",Pampanga,Central,(045) 961-0000 / 911,0,False,"Municipal, Civic & Landmark Building",Public Infrastructure & Community Landmark
Sta maria homesite subd,government,15.217823,120.579487,"Pampanga, Pampanga",Pampanga,Central,(045) 961-0000 / 911,0,False,"Municipal, Civic & Landmark Building",Public Infrastructure & Community Landmark
MhilesJPC Net Cafe,supermarket,14.862286,120.934445,"Pampanga, Pampanga",Pampanga,Central,(045) 961-0000 / 911,0,False,Commercial & Retail Supplies Hub,Commercial & Retail Establishment · computer
Ka Enteng,supermarket,14.942925,120.622528,"Pampanga, Pampanga",Pampanga,Central,(045) 961-0000 / 911,0,False,Commercial & Retail Supplies Hub,Commercial & Retail Establishment · clothes
Mirchit Construction Supplies Trading,supermarket,14.81804,120.904447,"Bantayan Street, Pampanga, Pampanga",Pampanga,Central,(045) 961-0000 / 911,0,False,Commercial & Retail Supplies Hub,Commercial & Retail Establishment · trade
Triple J Hardware,supermarket,14.818036,120.904549,"Bantayan Street, Pampanga, Pampanga",Pampanga,Central,(045) 961-0000 / 911,0,False,Commercial & Retail Supplies Hub,Commercial & Retail Establishment · trade
Galves Electronics,supermarket,14.818042,120.904509,"Bantayan Street, Pampanga, Pampanga",Pampanga,Central,(045) 961-0000 / 911,0,False,Commercial & Retail Supplies Hub,Commercial & Retail Establishment · radiotechnics
Morena sari sari store,supermarket,15.147673,120.771858,"Pampanga, Pampanga",Pampanga,Central,(045) 961-0000 / 911,0,False,Commercial & Retail Supplies Hub,Commercial & Retail Establishment · convenience
Blissful Cafe,supermarket,14.902067,120.876909,"Pampanga, Pampanga",Pampanga,Central,+63 995 978 6715,0,False,Commercial & Retail Supplies Hub,Commercial & Retail Establishment · cafe
Viper charlie platoon base,police,14.981745,120.481771,"palmayo resettlement, Pampanga, Pampanga",Pampanga,Central,117 / 911,0,False,Police Station / Law Enforcement,24/7 Security & Search and Rescue Standby
Dran fibermade,supermarket,15.155351,120.553907,"Anunas Road, Pampanga, Pampanga",Pampanga,Central,(045) 961-0000 / 911,0,False,Commercial & Retail Supplies Hub,Commercial & Retail Establishment · tyres
Tin Place,government,15.209315,120.597171,"Losineri Street Grandview Two, Pampanga, Pampanga",Pampanga,Central,(045) 961-0000 / 911,0,False,"Municipal, Civic & Landmark Building",Public Infrastructure & Community Landmark
Western Union,government,15.201337,120.581378,"Pampanga, Pampanga",Pampanga,Central,(045) 961-0000 / 911,0,False,"Municipal, Civic & Landmark Building",Public Infrastructure & Community Landmark
Ram Computer Shop,government,14.909185,120.82793,"Pampanga, Pampanga",Pampanga,Central,(045) 961-0000 / 911,0,False,"Municipal, Civic & Landmark Building",Public Infrastructure & Community Landmark
Abanano Computer Shop,supermarket,15.092222,120.828239,"Pampanga, Pampanga",Pampanga,Central,(045) 961-0000 / 911,0,False,Commercial & Retail Supplies Hub,Commercial & Retail Establishment · computer
Gown's and Costume,supermarket,14.947567,120.759133,"Pampanga, Pampanga",Pampanga,Central,(045) 961-0000 / 911,0,False,Commercial & Retail Supplies Hub,Commercial & Retail Establishment · clothes
Iba Ibayo Elementary School,school,14.87272,120.770042,"Pampanga, Pampanga",Pampanga,Central,+639484445755,0,False,Evacuation Shelter / Education Facility,High-Ground Evacuation Shelter · Relief Goods Depot
Philhealth,government,14.875127,120.798131,"Pampanga, Pampanga",Pampanga,Central,(045) 961-0000 / 911,0,False,"Municipal, Civic & Landmark Building",Public Infrastructure & Community Landmark
Social Security System,government,14.875738,120.798313,"Provence Boulevard, Pampanga, Pampanga",Pampanga,Central,(045) 961-0000 / 911,0,False,"Municipal, Civic & Landmark Building",Public Infrastructure & Community Landmark
Mabalacat Post Office,government,15.22271,120.574413,"MacArthur Highway, Pampanga, Pampanga",Pampanga,Central,(045) 961-0000 / 911,0,False,"Municipal, Civic & Landmark Building",Public Infrastructure & Community Landmark
Big Toshio Petshop & Trading,supermarket,15.161431,120.591229,"Pampanga, Pampanga",Pampanga,Central,(045) 961-0000 / 911,0,False,Commercial & Retail Supplies Hub,Commercial & Retail Establishment · pet
Auto Basics Car Accessories,supermarket,14.953705,120.758322,"Pampanga, Pampanga",Pampanga,Central,(045) 961-0000 / 911,0,False,Commercial & Retail Supplies Hub,Commercial & Retail Establishment · car
Otto Zone,supermarket,14.974506,120.755574,"Pampanga, Pampanga",Pampanga,Central,(045) 961-0000 / 911,0,False,Commercial & Retail Supplies Hub,Commercial & Retail Establishment · car_parts
Tarcan Chapel,government,14.929876,120.887007,"Pampanga, Pampanga",Pampanga,Central,(045) 961-0000 / 911,0,False,"Municipal, Civic & Landmark Building",Public Infrastructure & Community Landmark
Malibu Christian Fellowship Inc,government,14.843813,120.929651,"F. Baltazar Street, Pampanga, Pampanga",Pampanga,Central,(045) 961-0000 / 911,0,False,"Municipal, Civic & Landmark Building",Public Infrastructure & Community Landmark
Aries.Net Internet Cafe,supermarket,15.092766,120.828208,"Pampanga, Pampanga",Pampanga,Central,(045) 961-0000 / 911,0,False,Commercial & Retail Supplies Hub,Commercial & Retail Establishment · computer
Lenichel Internet Cafe,supermarket,14.983424,120.892888,"Pampanga, Pampanga",Pampanga,Central,(045) 961-0000 / 911,0,False,Commercial & Retail Supplies Hub,Commercial & Retail Establishment · computer
YBBA Cyber Cafe,supermarket,15.094793,120.768679,"Pampanga, Pampanga",Pampanga,Central,(045) 961-0000 / 911,0,False,Commercial & Retail Supplies Hub,Commercial & Retail Establishment · computer
Sean Andrei Internet Café,supermarket,15.095374,120.766689,"Pampanga, Pampanga",Pampanga,Central,(045) 961-0000 / 911,0,False,Commercial & Retail Supplies Hub,Commercial & Retail Establishment · computer
PS Xtreme,supermarket,15.151812,120.768852,"Pampanga, Pampanga",Pampanga,Central,(045) 961-0000 / 911,0,False,Commercial & Retail Supplies Hub,Commercial & Retail Establishment · computer
Avengers Computer Shop,supermarket,15.29669,120.887281,"Pampanga, Pampanga",Pampanga,Central,(045) 961-0000 / 911,0,False,Commercial & Retail Supplies Hub,Commercial & Retail Establishment · computer
Chaladom Pisonet,supermarket,15.09567,120.765795,"Pampanga, Pampanga",Pampanga,Central,(045) 961-0000 / 911,0,False,Commercial & Retail Supplies Hub,Commercial & Retail Establishment · computer
Accumed Diagnostic Center - Mabalacat,hospital,15.209114,120.579245,"MacArthur Highway, Pampanga, Pampanga",Pampanga,Central,3220947,20,False,Primary Health Clinic / RHU,20 Beds · Hotline: 3220947
Plaridel Municipal Jail - Female Dorm,government,14.869934,120.857437,"Santo Rosario Street, Pampanga, Pampanga",Pampanga,Central,(045) 961-0000 / 911,0,False,"Municipal, Civic & Landmark Building",Public Infrastructure & Community Landmark
Bahay Pagbabago,hospital,14.869773,120.857452,"Santo Rosario Street, Pampanga, Pampanga",Pampanga,Central,(045) 961-0000 / 911,20,False,Primary Health Clinic / RHU,20 Beds · Hotline: (045) 961-0000 / 911
AirForce Golf Range,government,15.181084,120.536655,"Pampanga, Pampanga",Pampanga,Central,(045) 961-0000 / 911,0,False,"Municipal, Civic & Landmark Building",Public Infrastructure & Community Landmark
Binulo,supermarket,15.167581,120.543573,"Manuel A. Roxas Highway, Pampanga, Pampanga",Pampanga,Central,(045) 961-0000 / 911,0,False,Commercial & Retail Supplies Hub,Commercial & Retail Establishment · restaurant
Garage Worx,government,15.157249,120.583098,"Pampanga, Pampanga",Pampanga,Central,(045) 961-0000 / 911,0,False,"Municipal, Civic & Landmark Building",Public Infrastructure & Community Landmark
MSWDO,government,15.215105,120.666776,"Pampanga, Pampanga",Pampanga,Central,(045) 961-0000 / 911,0,False,"Municipal, Civic & Landmark Building",Public Infrastructure & Community Landmark
Patiotoda Tricycle Terminal,government,15.213693,120.660814,"Pampanga, Pampanga",Pampanga,Central,(045) 961-0000 / 911,0,False,"Municipal, Civic & Landmark Building",Public Infrastructure & Community Landmark
Master Kim Internet Cafe,government,14.827132,120.822839,"Camino Street, Pampanga, Pampanga",Pampanga,Central,(045) 961-0000 / 911,0,False,"Municipal, Civic & Landmark Building",Public Infrastructure & Community Landmark
Athan's Internet Cafe,supermarket,14.823941,120.824692,"Pampanga, Pampanga",Pampanga,Central,(045) 961-0000 / 911,0,False,Commercial & Retail Supplies Hub,Commercial & Retail Establishment · computer
Aries Pisonet,supermarket,14.823509,120.825003,"Pampanga, Pampanga",Pampanga,Central,(045) 961-0000 / 911,0,False,Commercial & Retail Supplies Hub,Commercial & Retail Establishment · computer
Merk Project,supermarket,14.822568,120.826955,"Pampanga, Pampanga",Pampanga,Central,(045) 961-0000 / 911,0,False,Commercial & Retail Supplies Hub,Commercial & Retail Establishment · computer
Takgu's Computer Shop,supermarket,14.822166,120.828112,"Pampanga, Pampanga",Pampanga,Central,(045) 961-0000 / 911,0,False,Commercial & Retail Supplies Hub,Commercial & Retail Establishment · computer
Tak-U Computer Shop,supermarket,14.809104,120.850625,"Pampanga, Pampanga",Pampanga,Central,(045) 961-0000 / 911,0,False,Commercial & Retail Supplies Hub,Commercial & Retail Establishment · computer
Snake Shop,supermarket,14.81492,120.838793,"Pampanga, Pampanga",Pampanga,Central,(045) 961-0000 / 911,0,False,Commercial & Retail Supplies Hub,Commercial & Retail Establishment · computer
Erminer Internet Shop,supermarket,14.804892,120.862817,"Pampanga, Pampanga",Pampanga,Central,(045) 961-0000 / 911,0,False,Commercial & Retail Supplies Hub,Commercial & Retail Establishment · computer
Zagu,supermarket,14.835717,120.733126,"M. H. del Pilar Street, Pampanga, Pampanga",Pampanga,Central,(045) 961-0000 / 911,0,False,Commercial & Retail Supplies Hub,Commercial & Retail Establishment · beverages
SHERLYN VARIETY,supermarket,15.180191,120.585761,"Pampanga, Pampanga",Pampanga,Central,(045) 961-0000 / 911,0,False,Commercial & Retail Supplies Hub,Commercial & Retail Establishment · hardware
Aling Lucing,supermarket,15.179617,120.593629,"Pampanga, Pampanga",Pampanga,Central,(045) 961-0000 / 911,0,False,Commercial & Retail Supplies Hub,Commercial & Retail Establishment · restaurant
Y3k bar,government,15.113007,120.60957,"Pampanga, Pampanga",Pampanga,Central,(045) 961-0000 / 911,0,False,"Municipal, Civic & Landmark Building",Public Infrastructure & Community Landmark
All Home,supermarket,15.05009,120.665012,"Pampanga, Pampanga",Pampanga,Central,(045) 961-0000 / 911,0,False,Commercial & Retail Supplies Hub,Commercial & Retail Establishment · hardware
Double Twin Hardware,supermarket,14.9221,120.580424,"Pampanga, Pampanga",Pampanga,Central,(045) 961-0000 / 911,0,False,Commercial & Retail Supplies Hub,Commercial & Retail Establishment · trade
Tomoharu Computer Shop,supermarket,14.954622,120.919003,"Pampanga, Pampanga",Pampanga,Central,(045) 961-0000 / 911,0,False,Commercial & Retail Supplies Hub,Commercial & Retail Establishment · computer
D.E Tech Computer Center,supermarket,14.953826,120.898247,"Pampanga, Pampanga",Pampanga,Central,(045) 961-0000 / 911,0,False,Commercial & Retail Supplies Hub,Commercial & Retail Establishment · computer
Andrew's Pisonet and Printing Shop,supermarket,14.9516,120.889092,"Pampanga, Pampanga",Pampanga,Central,(045) 961-0000 / 911,0,False,Commercial & Retail Supplies Hub,Commercial & Retail Establishment · computer
Bok's.Com Internet Cafe,supermarket,14.956782,120.912322,"Pampanga, Pampanga",Pampanga,Central,(045) 961-0000 / 911,0,False,Commercial & Retail Supplies Hub,Commercial & Retail Establishment · computer
Pacific Gaming,supermarket,14.956096,120.916848,"Pampanga, Pampanga",Pampanga,Central,(045) 961-0000 / 911,0,False,Commercial & Retail Supplies Hub,Commercial & Retail Establishment · computer
Orange Gaming,supermarket,14.95716,120.913221,"Pampanga, Pampanga",Pampanga,Central,(045) 961-0000 / 911,0,False,Commercial & Retail Supplies Hub,Commercial & Retail Establishment · computer
7-Eleven,supermarket,15.11053,120.564482,"Angeles-Porac Road, Pampanga, Pampanga",Pampanga,Central,(045) 961-0000 / 911,0,False,Commercial & Retail Supplies Hub,Commercial & Retail Establishment · convenience
Big Thumb Drugstore,pharmacy,15.181008,120.586585,"MacArthur Highway, Pampanga, Pampanga",Pampanga,Central,(045) 961-0000 / 911,0,False,Pharmacy & Medical Supplies,"First-Aid, Essential Medications & Antibiotics"
Mike Barber Shop,supermarket,15.179708,120.586947,"MacArthur Highway, Pampanga, Pampanga",Pampanga,Central,(045) 961-0000 / 911,0,False,Commercial & Retail Supplies Hub,Commercial & Retail Establishment · hairdresser
Producers Bank,supermarket,15.178987,120.58683,"MacArthur Highway, Pampanga, Pampanga",Pampanga,Central,(045) 961-0000 / 911,0,False,Commercial & Retail Supplies Hub,Commercial & Retail Establishment · bank
Bank of Florida,supermarket,15.18062,120.586724,"Burgos Street, Pampanga, Pampanga",Pampanga,Central,(045) 961-0000 / 911,0,False,Commercial & Retail Supplies Hub,Commercial & Retail Establishment · bank
Explorer Bookstore,supermarket,15.180427,120.586746,"MacArthur Highway, Pampanga, Pampanga",Pampanga,Central,(045) 961-0000 / 911,0,False,Commercial & Retail Supplies Hub,Commercial & Retail Establishment · books
UCPB Savings Bank,supermarket,15.179626,120.586994,"MacArthur Highway, Pampanga, Pampanga",Pampanga,Central,(045) 961-0000 / 911,0,False,Commercial & Retail Supplies Hub,Commercial & Retail Establishment · bank
RRRBC BAR,government,15.200136,120.581441,"Pampanga, Pampanga",Pampanga,Central,(045) 961-0000 / 911,0,False,"Municipal, Civic & Landmark Building",Public Infrastructure & Community Landmark
Redstone tech.,supermarket,15.142349,120.578097,"Kalantiyaw Street, Pampanga, Pampanga",Pampanga,Central,(045) 961-0000 / 911,0,False,Commercial & Retail Supplies Hub,Commercial & Retail Establishment · computer
Enigma,supermarket,15.128012,120.578475,"Friendship Highway, Pampanga, Pampanga",Pampanga,Central,(045) 961-0000 / 911,0,False,Commercial & Retail Supplies Hub,Commercial & Retail Establishment · computer
FireNet Internet cafe,government,15.177565,120.600534,"Pampanga, Pampanga",Pampanga,Central,(045) 961-0000 / 911,0,False,"Municipal, Civic & Landmark Building",Public Infrastructure & Community Landmark
Thearts Ice Candy,supermarket,15.177585,120.600535,"Pampanga, Pampanga",Pampanga,Central,(045) 961-0000 / 911,0,False,Commercial & Retail Supplies Hub,Commercial & Retail Establishment · confectionery
Attraction Facility,government,14.858059,120.82652,"Pampanga, Pampanga",Pampanga,Central,(045) 961-0000 / 911,0,False,"Municipal, Civic & Landmark Building",Public Infrastructure & Community Landmark
Department Of Agriculture,government,15.023573,120.687016,"Pampanga, Pampanga",Pampanga,Central,(045) 961-0000 / 911,0,False,"Municipal, Civic & Landmark Building",Public Infrastructure & Community Landmark
Pampanga Provincial Health Office,government,15.024052,120.686133,"Pampanga, Pampanga",Pampanga,Central,(045) 961-0000 / 911,0,False,"Municipal, Civic & Landmark Building",Public Infrastructure & Community Landmark
Provincial WareHouse,government,15.02393,120.688592,"Pampanga, Pampanga",Pampanga,Central,(045) 961-0000 / 911,0,False,"Municipal, Civic & Landmark Building",Public Infrastructure & Community Landmark
Philippine Postal Service,government,15.024928,120.688183,"Pampanga, Pampanga",Pampanga,Central,(045) 961-0000 / 911,0,False,"Municipal, Civic & Landmark Building",Public Infrastructure & Community Landmark
Pampanga Provincial Engineer's Office,government,15.024405,120.68835,"Pampanga, Pampanga",Pampanga,Central,(045) 961-0000 / 911,0,False,"Municipal, Civic & Landmark Building",Public Infrastructure & Community Landmark
Land Transportation Office,government,15.023613,120.68834,"Pampanga, Pampanga",Pampanga,Central,(045) 961-0000 / 911,0,False,"Municipal, Civic & Landmark Building",Public Infrastructure & Community Landmark
Provincial Malward,hospital,15.023217,120.68838,"Pampanga, Pampanga",Pampanga,Central,(045) 961-0000 / 911,60,True,District Hospital,60 Beds · Trauma ER Active · Hotline: (045) 961-0000 / 911
Provincial Assessor's Office,government,15.024222,120.688619,"Pampanga, Pampanga",Pampanga,Central,(045) 961-0000 / 911,0,False,"Municipal, Civic & Landmark Building",Public Infrastructure & Community Landmark
ENRO Building,government,15.0242,120.688341,"Pampanga, Pampanga",Pampanga,Central,(045) 961-0000 / 911,0,False,"Municipal, Civic & Landmark Building",Public Infrastructure & Community Landmark
Provincial DILG Office,government,15.023237,120.686557,"Pampanga, Pampanga",Pampanga,Central,(045) 961-0000 / 911,0,False,"Municipal, Civic & Landmark Building",Public Infrastructure & Community Landmark
BFP Fire & Rescue Station,fire_station,15.023482,120.686099,"Pampanga, Pampanga",Pampanga,Central,160 / 911,0,False,Fire & Rescue Station,Fire Pumper Engines & Emergency Water Rescue
Rowell Pisonet BR2,supermarket,15.07869,120.776139,"Pampanga, Pampanga",Pampanga,Central,(045) 961-0000 / 911,0,False,Commercial & Retail Supplies Hub,Commercial & Retail Establishment · computer
Rowell Pisonet,supermarket,15.064383,120.782724,"Pampanga, Pampanga",Pampanga,Central,(045) 961-0000 / 911,0,False,Commercial & Retail Supplies Hub,Commercial & Retail Establishment · computer
Cafe Sucre,supermarket,14.866832,120.860134,"Pampanga, Pampanga",Pampanga,Central,(045) 961-0000 / 911,0,False,Commercial & Retail Supplies Hub,Commercial & Retail Establishment · cafe
Clarkhill,government,15.174078,120.51023,"Pampanga, Pampanga",Pampanga,Central,(045) 961-0000 / 911,0,False,"Municipal, Civic & Landmark Building",Public Infrastructure & Community Landmark
Angels Kitchenette Tapsilogan,supermarket,15.16789,120.588287,"Mitchell Avenue, Pampanga, Pampanga",Pampanga,Central,(045) 961-0000 / 911,0,False,Commercial & Retail Supplies Hub,Commercial & Retail Establishment · restaurant
JAMS Residence,government,15.042545,120.666583,"Pampanga, Pampanga",Pampanga,Central,(045) 961-0000 / 911,0,False,"Municipal, Civic & Landmark Building",Public Infrastructure & Community Landmark
Philhealth Office,government,15.0445,120.671607,"Pampanga, Pampanga",Pampanga,Central,(045) 961-0000 / 911,0,False,"Municipal, Civic & Landmark Building",Public Infrastructure & Community Landmark
TIC Reseller,supermarket,15.090807,120.650618,"Pampanga, Pampanga",Pampanga,Central,(045) 961-0000 / 911,0,False,Commercial & Retail Supplies Hub,Commercial & Retail Establishment · convenience
TIC Reseller,supermarket,15.045936,120.549319,"Pampanga, Pampanga",Pampanga,Central,(045) 961-0000 / 911,0,False,Commercial & Retail Supplies Hub,Commercial & Retail Establishment · convenience
7-Eleven,supermarket,14.829997,120.508704,"Old National Road, Hermosa, Pampanga",Hermosa,Central,(045) 961-0000 / 911,0,False,Commercial & Retail Supplies Hub,Commercial & Retail Establishment · convenience
Pera Hub,government,14.829914,120.508759,"Old National Road, Pampanga, Pampanga",Pampanga,Central,(045) 961-0000 / 911,0,False,"Municipal, Civic & Landmark Building",Public Infrastructure & Community Landmark
Shy Net Shop,supermarket,14.816865,120.754814,"Pampanga, Pampanga",Pampanga,Central,(045) 961-0000 / 911,0,False,Commercial & Retail Supplies Hub,Commercial & Retail Establishment · computer
Jon and Mitch Digital Printing,supermarket,14.8287,120.878572,"Pampanga, Pampanga",Pampanga,Central,(045) 961-0000 / 911,0,False,Commercial & Retail Supplies Hub,Commercial & Retail Establishment · copyshop
Beer carnival,government,15.161876,120.555315,"Friendship Highway, Pampanga, Pampanga",Pampanga,Central,+63 905 410 1000,0,False,"Municipal, Civic & Landmark Building",Public Infrastructure & Community Landmark
FLDI,government,15.051303,120.663636,"Pampanga, Pampanga",Pampanga,Central,(045) 961-0000 / 911,0,False,"Municipal, Civic & Landmark Building",Public Infrastructure & Community Landmark
Kutoy hotel,government,14.865238,120.695854,"Pampanga, Pampanga",Pampanga,Central,(045) 961-0000 / 911,0,False,"Municipal, Civic & Landmark Building",Public Infrastructure & Community Landmark
Hiro's Computer Shop,supermarket,14.965308,120.836794,"Pampanga, Pampanga",Pampanga,Central,(045) 961-0000 / 911,0,False,Commercial & Retail Supplies Hub,Commercial & Retail Establishment · computer
Reign,supermarket,15.165994,120.584771,"Pampanga, Pampanga",Pampanga,Central,(045) 961-0000 / 911,0,False,Commercial & Retail Supplies Hub,Commercial & Retail Establishment · massage
M Lhuillier,supermarket,14.829954,120.50873,"Old National Road, Pampanga, Pampanga",Pampanga,Central,(045) 961-0000 / 911,0,False,Commercial & Retail Supplies Hub,Commercial & Retail Establishment · pawnbroker
Fitness Connection Gym,government,15.164608,120.590809,"MacArthur Highway, Pampanga, Pampanga",Pampanga,Central,+63 456254409,0,False,"Municipal, Civic & Landmark Building",Public Infrastructure & Community Landmark
Chefs Gone Wild,supermarket,15.165547,120.590058,"MacArthur Highway, Pampanga, Pampanga",Pampanga,Central,+639161578265,0,False,Commercial & Retail Supplies Hub,Commercial & Retail Establishment · restaurant
Fitness Direct Supplement Warehouse,supermarket,15.143176,120.588017,"Jake Gonzales Boulevard, Pampanga, Pampanga",Pampanga,Central,+63 9177149127,0,False,Commercial & Retail Supplies Hub,Commercial & Retail Establishment · sports
PHILCOMTECH - Balagtas,school,14.957317,120.899946,"Pampanga, Pampanga",Pampanga,Central,(045) 961-0000 / 911,0,False,Evacuation Shelter / Education Facility,High-Ground Evacuation Shelter · Relief Goods Depot
TKO Viewpoint,government,15.19394,120.738416,"Pampanga, Pampanga",Pampanga,Central,(045) 961-0000 / 911,0,False,"Municipal, Civic & Landmark Building",Public Infrastructure & Community Landmark
Pinacle Viewpoint,government,15.196052,120.747117,"Pampanga, Pampanga",Pampanga,Central,(045) 961-0000 / 911,0,False,"Municipal, Civic & Landmark Building",Public Infrastructure & Community Landmark
Jhe dutdutan,supermarket,14.96501,120.917003,"Pampanga, Pampanga",Pampanga,Central,(045) 961-0000 / 911,0,False,Commercial & Retail Supplies Hub,Commercial & Retail Establishment · tattoo
Guest_house Facility,government,15.122331,120.590245,"Miracle Avenue, Pampanga, Pampanga",Pampanga,Central,(045) 961-0000 / 911,0,False,"Municipal, Civic & Landmark Building",Public Infrastructure & Community Landmark
GT Kambingan,supermarket,15.015508,120.703736,"Pampanga, Pampanga",Pampanga,Central,(045) 961-0000 / 911,0,False,Commercial & Retail Supplies Hub,Commercial & Retail Establishment · restaurant
Angeles City Library and Info. Center,government,15.165589,120.607849,"Pampanga, Pampanga",Pampanga,Central,(045) 961-0000 / 911,0,False,"Municipal, Civic & Landmark Building",Public Infrastructure & Community Landmark
Charade Mechanic Tiaong,supermarket,14.84516,120.893413,"Pampanga, Pampanga",Pampanga,Central,(045) 961-0000 / 911,0,False,Commercial & Retail Supplies Hub,Commercial & Retail Establishment · car_repair
CABIAO HALL OF JUSTICE,government,15.251868,120.86085,"Pampanga, Pampanga",Pampanga,Central,(045) 961-0000 / 911,0,False,"Municipal, Civic & Landmark Building",Public Infrastructure & Community Landmark
FAJ Internet Cafe,supermarket,14.86289,120.934578,"Pampanga, Pampanga",Pampanga,Central,(045) 961-0000 / 911,0,False,Commercial & Retail Supplies Hub,Commercial & Retail Establishment · computer
Far East Alcohol Corporation,government,14.942561,120.760336,"Pampanga, Pampanga",Pampanga,Central,(045) 961-0000 / 911,0,False,"Municipal, Civic & Landmark Building",Public Infrastructure & Community Landmark
Iron Shape Fitness Gym,government,15.169778,120.591152,"Cavite Street, Pampanga, Pampanga",Pampanga,Central,+639057377669,0,False,"Municipal, Civic & Landmark Building",Public Infrastructure & Community Landmark
Midnight Rodeo,government,15.166168,120.586113,"Pampanga, Pampanga",Pampanga,Central,(045) 961-0000 / 911,0,False,"Municipal, Civic & Landmark Building",Public Infrastructure & Community Landmark
Rock Garden Balibago,government,15.161717,120.592422,"Pampanga, Pampanga",Pampanga,Central,(045) 961-0000 / 911,0,False,"Municipal, Civic & Landmark Building",Public Infrastructure & Community Landmark
Burger Station,supermarket,15.174273,120.629029,"Pampanga, Pampanga",Pampanga,Central,(045) 961-0000 / 911,0,False,Commercial & Retail Supplies Hub,Commercial & Retail Establishment · fast_food
7-Eleven,supermarket,15.145315,120.594915,"MacArthur Highway, Angeles, Pampanga",Angeles,Central,(045) 961-0000 / 911,0,False,Commercial & Retail Supplies Hub,Commercial & Retail Establishment · convenience
7-Eleven,supermarket,15.149742,120.584189,"Arayat Boulevard, Angeles, Pampanga",Angeles,Central,(045) 961-0000 / 911,0,False,Commercial & Retail Supplies Hub,Commercial & Retail Establishment · convenience
7-Eleven,supermarket,15.113361,120.608068,"Pampanga, Pampanga",Pampanga,Central,(045) 961-0000 / 911,0,False,Commercial & Retail Supplies Hub,Commercial & Retail Establishment · convenience
7-Eleven,supermarket,15.068203,120.649367,"MacArthur Highway, Pampanga, Pampanga",Pampanga,Central,(045) 961-0000 / 911,0,False,Commercial & Retail Supplies Hub,Commercial & Retail Establishment · convenience
7-Eleven,supermarket,15.024695,120.676485,"Pampanga, Pampanga",Pampanga,Central,(045) 961-0000 / 911,0,False,Commercial & Retail Supplies Hub,Commercial & Retail Establishment · convenience
7-Eleven,supermarket,15.1629,120.591231,"Pampanga, Pampanga",Pampanga,Central,(045) 961-0000 / 911,0,False,Commercial & Retail Supplies Hub,Commercial & Retail Establishment · convenience
7-Eleven,supermarket,15.146287,120.594633,"Pampanga, Pampanga",Pampanga,Central,(045) 961-0000 / 911,0,False,Commercial & Retail Supplies Hub,Commercial & Retail Establishment · convenience
7-Eleven - Mountainview,supermarket,15.168396,120.596169,"Pampanga, Pampanga",Pampanga,Central,(045) 961-0000 / 911,0,False,Commercial & Retail Supplies Hub,Commercial & Retail Establishment · convenience
7-Eleven,supermarket,15.133088,120.586544,"Teresa Avenue, Pampanga, Pampanga",Pampanga,Central,(045) 961-0000 / 911,0,False,Commercial & Retail Supplies Hub,Commercial & Retail Establishment · convenience
Nice Bike,supermarket,15.165673,120.572372,"Don Juico Avenue, Pampanga, Pampanga",Pampanga,Central,+639184564957,0,False,Commercial & Retail Supplies Hub,Commercial & Retail Establishment · motorcycle
